ID,档位,类型,主题,需明确同意,来源,题目
t101,轻松,真心话,历史题库,否,v8,今天发生过最让你开心的一件小事是什么？
t102,轻松,真心话,历史题库,否,v8,你最想立刻学会的一项技能是什么？
t103,轻松,真心话,历史题库,否,v8,最近反复听的一首歌是什么？
t104,轻松,真心话,历史题库,否,v8,如果明天不用工作，你会怎样安排一天？
t105,轻松,真心话,历史题库,否,v8,你小时候最相信、现在觉得最好笑的事情是什么？
t106,轻松,真心话,历史题库,否,v8,你最满意自己身上的哪个优点？
t107,轻松,真心话,历史题库,否,v8,现场谁最适合一起旅行？为什么？
t108,轻松,真心话,历史题库,否,v8,你手机里使用时间最长的应用是什么？
t109,轻松,真心话,历史题库,否,v8,你最想重新体验一次的快乐记忆是什么？
t110,轻松,真心话,历史题库,否,v8,如果能养一种不受现实限制的宠物，你会选什么？
t111,轻松,真心话,历史题库,否,v8,你最喜欢别人怎样称赞你？
t112,轻松,真心话,历史题库,否,v8,你做过最有仪式感的一件事是什么？
t113,轻松,真心话,历史题库,否,v8,最近一次让你笑到停不下来是因为什么？
t114,轻松,真心话,历史题库,否,v8,你最离不开的一件日常用品是什么？
t115,轻松,真心话,历史题库,否,v8,如果能立即去一个城市住一个月，你会去哪？
t116,轻松,真心话,历史题库,否,v8,你觉得自己最像哪种动物？为什么？
t117,轻松,真心话,历史题库,否,v8,你最想保留到老年的一个习惯是什么？
t118,轻松,真心话,历史题库,否,v8,现场谁的穿搭最符合你的审美？
v9-t1-0001,轻松,真心话,日常偏好,否,v9-expansion,你理想中的做饭是什么样？
v9-t1-0002,轻松,真心话,社交观察,否,v9-expansion,你希望别人记住你的哪一种乐观？
v9-t1-0003,轻松,真心话,想象选择,否,v9-expansion,如果明天醒来就掌握一种摄影能力，你希望具体是什么？
v9-t1-0004,轻松,真心话,轻松表达,否,v9-expansion,你最喜欢自己名字里的哪个字或声音？
v9-t1-0005,轻松,真心话,快乐记忆,否,v9-expansion,如果可以重播一次关于被人认真夸奖的记忆，你会选哪一次？
v9-t1-0006,轻松,真心话,日常偏好,否,v9-expansion,关于朋友聚会，你最想尝试的一个新变化是什么？
v9-t1-0007,轻松,真心话,社交观察,否,v9-expansion,你希望别人记住你的哪一种松弛感？
v9-t1-0008,轻松,真心话,想象选择,否,v9-expansion,如果能把一种生活技能提升到专业水平，你会选哪一种？
v9-t1-0009,轻松,真心话,轻松表达,否,v9-expansion,用三个不重复的词描述你今天的状态。
v9-t1-0010,轻松,真心话,快乐记忆,否,v9-expansion,关于拍到满意的照片，你最想感谢当时的谁？
v9-t1-0011,轻松,真心话,日常偏好,否,v9-expansion,如果只能保留一个和独处时间有关的习惯，你会保留什么？
v9-t1-0012,轻松,真心话,社交观察,否,v9-expansion,别人表现出很强的观察力时，你会觉得加分吗？
v9-t1-0013,轻松,真心话,想象选择,否,v9-expansion,如果今天可以暂停所有责任去练习社交能力，你会怎么安排？
v9-t1-0014,轻松,真心话,轻松表达,否,v9-expansion,如果今天是一种颜色，会是什么颜色？
v9-t1-0015,轻松,真心话,快乐记忆,否,v9-expansion,如果可以重播一次关于突然放假的一天的记忆，你会选哪一次？
v9-t1-0016,轻松,真心话,日常偏好,否,v9-expansion,关于临时放假，你最想尝试的一个新变化是什么？
v9-t1-0017,轻松,真心话,社交观察,否,v9-expansion,你最欣赏朋友身上的哪种守时？
v9-t1-0018,轻松,真心话,想象选择,否,v9-expansion,如果明天醒来就掌握一种动物沟通能力，你希望具体是什么？
v9-t1-0019,轻松,真心话,轻松表达,否,v9-expansion,你最喜欢和朋友一起完成哪类事情？
v9-t1-0020,轻松,真心话,快乐记忆,否,v9-expansion,你印象最深的一次朋友聚会发生在哪里？
v9-t1-0021,轻松,真心话,日常偏好,否,v9-expansion,如果只能保留一个和朋友聚会有关的习惯，你会保留什么？
v9-t1-0022,轻松,真心话,社交观察,否,v9-expansion,别人表现出很强的行动力时，你会觉得加分吗？
v9-t1-0023,轻松,真心话,想象选择,否,v9-expansion,如果明天醒来就掌握一种生活技能，你希望具体是什么？
v9-t1-0024,轻松,真心话,轻松表达,否,v9-expansion,你最近一次主动夸奖别人是什么时候？
v9-t1-0025,轻松,真心话,快乐记忆,否,v9-expansion,你印象最深的一次收到意外礼物发生在哪里？
v9-t1-0026,轻松,真心话,日常偏好,否,v9-expansion,关于节日，你最想尝试的一个新变化是什么？
v9-t1-0027,轻松,真心话,社交观察,否,v9-expansion,你最欣赏朋友身上的哪种松弛感？
v9-t1-0028,轻松,真心话,想象选择,否,v9-expansion,如果可以免费体验一次和快速入睡能力有关的项目，你会选什么？
v9-t1-0029,轻松,真心话,轻松表达,否,v9-expansion,你最喜欢别人用什么方式邀请你参加活动？
v9-t1-0030,轻松,真心话,快乐记忆,否,v9-expansion,你印象最深的一次独自解决一个问题发生在哪里？
v9-t1-0031,轻松,真心话,日常偏好,否,v9-expansion,关于独处时间，你最想尝试的一个新变化是什么？
v9-t1-0032,轻松,真心话,社交观察,否,v9-expansion,你希望别人记住你的哪一种好奇心？
v9-t1-0033,轻松,真心话,想象选择,否,v9-expansion,如果明天醒来就掌握一种舞台技能，你希望具体是什么？
v9-t1-0034,轻松,真心话,轻松表达,否,v9-expansion,你最近最想推荐给大家的一样东西是什么？
v9-t1-0035,轻松,真心话,快乐记忆,否,v9-expansion,关于完成一个小目标，你最想感谢当时的谁？
v9-t1-0036,轻松,真心话,日常偏好,否,v9-expansion,你理想中的临时放假是什么样？
v9-t1-0037,轻松,真心话,社交观察,否,v9-expansion,你最欣赏朋友身上的哪种照顾气氛的能力？
v9-t1-0038,轻松,真心话,想象选择,否,v9-expansion,如果能把一种绘画能力提升到专业水平，你会选哪一种？
v9-t1-0039,轻松,真心话,轻松表达,否,v9-expansion,你最想收到哪种不贵但很用心的礼物？
v9-t1-0040,轻松,真心话,快乐记忆,否,v9-expansion,你印象最深的一次认识新朋友发生在哪里？
v9-t1-0041,轻松,真心话,日常偏好,否,v9-expansion,你理想中的运动是什么样？
v9-t1-0042,轻松,真心话,社交观察,否,v9-expansion,你希望别人记住你的哪一种幽默感？
v9-t1-0043,轻松,真心话,想象选择,否,v9-expansion,如果可以免费体验一次和旅行方式有关的项目，你会选什么？
v9-t1-0044,轻松,真心话,轻松表达,否,v9-expansion,你最想把哪一种小快乐变成每周固定安排？
v9-t1-0045,轻松,真心话,快乐记忆,否,v9-expansion,如果可以重播一次关于吃到特别好吃的东西的记忆，你会选哪一次？
v9-t1-0046,轻松,真心话,日常偏好,否,v9-expansion,你理想中的节日是什么样？
v9-t1-0047,轻松,真心话,社交观察,否,v9-expansion,你希望别人记住你的哪一种观察力？
v9-t1-0048,轻松,真心话,想象选择,否,v9-expansion,如果明天醒来就掌握一种绘画能力，你希望具体是什么？
v9-t1-0049,轻松,真心话,轻松表达,否,v9-expansion,你觉得自己最像哪一种甜品或饮料？
v9-t1-0050,轻松,真心话,快乐记忆,否,v9-expansion,关于被人认真夸奖，你最想感谢当时的谁？
v9-t1-0051,轻松,真心话,日常偏好,否,v9-expansion,关于周末安排，你最想尝试的一个新变化是什么？
v9-t1-0052,轻松,真心话,社交观察,否,v9-expansion,现场谁最可能在计划突然变化时第一个站出来？为什么？
v9-t1-0053,轻松,真心话,想象选择,否,v9-expansion,如果明天醒来就掌握一种语言，你希望具体是什么？
v9-t1-0054,轻松,真心话,轻松表达,否,v9-expansion,你手机相册里最多的是哪一类照片？
v9-t1-0055,轻松,真心话,快乐记忆,否,v9-expansion,如果可以重播一次关于被陌生人帮助的记忆，你会选哪一次？
v9-t1-0056,轻松,真心话,日常偏好,否,v9-expansion,如果只能保留一个和听歌习惯有关的习惯，你会保留什么？
v9-t1-0057,轻松,真心话,社交观察,否,v9-expansion,别人表现出很强的表达能力时，你会觉得加分吗？
v9-t1-0058,轻松,真心话,想象选择,否,v9-expansion,如果今天可以暂停所有责任去练习创作能力，你会怎么安排？
v9-t1-0059,轻松,真心话,轻松表达,否,v9-expansion,你觉得自己最适合哪一种天气？
v9-t1-0060,轻松,真心话,快乐记忆,否,v9-expansion,过去一年里，哪一次朋友聚会最让你开心？
v9-t1-0061,轻松,真心话,日常偏好,否,v9-expansion,如果只能保留一个和周末安排有关的习惯，你会保留什么？
v9-t1-0062,轻松,真心话,社交观察,否,v9-expansion,你最欣赏朋友身上的哪种乐观？
v9-t1-0063,轻松,真心话,想象选择,否,v9-expansion,如果明天醒来就掌握一种记忆力，你希望具体是什么？
v9-t1-0064,轻松,真心话,快乐记忆,否,v9-expansion,过去一年里，哪一次收到意外礼物最让你开心？
v9-t1-0065,轻松,真心话,日常偏好,否,v9-expansion,如果只能保留一个和居家休息有关的习惯，你会保留什么？
v9-t1-0066,轻松,真心话,社交观察,否,v9-expansion,别人表现出很强的照顾气氛的能力时，你会觉得加分吗？
v9-t1-0067,轻松,真心话,想象选择,否,v9-expansion,如果可以免费体验一次和整理能力有关的项目，你会选什么？
v9-t1-0068,轻松,真心话,快乐记忆,否,v9-expansion,关于临时旅行，你最想感谢当时的谁？
v9-t1-0069,轻松,真心话,日常偏好,否,v9-expansion,如果只能保留一个和旅行计划有关的习惯，你会保留什么？
v9-t1-0070,轻松,真心话,社交观察,否,v9-expansion,你最欣赏朋友身上的哪种观察力？
v9-t1-0071,轻松,真心话,想象选择,否,v9-expansion,如果今天可以暂停所有责任去练习动物沟通能力，你会怎么安排？
v9-t1-0072,轻松,真心话,快乐记忆,否,v9-expansion,关于看完一场演出，你最想感谢当时的谁？
v9-t1-0073,轻松,真心话,日常偏好,否,v9-expansion,如果只能保留一个和收纳有关的习惯，你会保留什么？
v9-t1-0074,轻松,真心话,社交观察,否,v9-expansion,现场谁最可能在大家陷入冷场时第一个站出来？为什么？
v9-t1-0075,轻松,真心话,想象选择,否,v9-expansion,如果今天可以暂停所有责任去练习手艺，你会怎么安排？
v9-t1-0076,轻松,真心话,快乐记忆,否,v9-expansion,过去一年里，哪一次完成一次整理最让你开心？
v9-t1-0077,轻松,真心话,日常偏好,否,v9-expansion,你理想中的旅行计划是什么样？
v9-t1-0078,轻松,真心话,社交观察,否,v9-expansion,你希望别人记住你的哪一种倾听能力？
v9-t1-0079,轻松,真心话,想象选择,否,v9-expansion,如果可以免费体验一次和超能力有关的项目，你会选什么？
v9-t1-0080,轻松,真心话,快乐记忆,否,v9-expansion,过去一年里，哪一次完成一个小目标最让你开心？
v9-t1-0081,轻松,真心话,日常偏好,否,v9-expansion,你在临时放假上最有仪式感的做法是什么？
v9-t1-0082,轻松,真心话,社交观察,否,v9-expansion,你希望别人记住你的哪一种创造力？
v9-t1-0083,轻松,真心话,想象选择,否,v9-expansion,如果能把一种语言提升到专业水平，你会选哪一种？
v9-t1-0084,轻松,真心话,快乐记忆,否,v9-expansion,你印象最深的一次吃到特别好吃的东西发生在哪里？
v9-t1-0085,轻松,真心话,日常偏好,否,v9-expansion,如果只能保留一个和拍照有关的习惯，你会保留什么？
v9-t1-0086,轻松,真心话,社交观察,否,v9-expansion,别人表现出很强的耐心时，你会觉得加分吗？
v9-t1-0087,轻松,真心话,想象选择,否,v9-expansion,如果可以免费体验一次和讲故事能力有关的项目，你会选什么？
v9-t1-0088,轻松,真心话,快乐记忆,否,v9-expansion,关于吃到特别好吃的东西，你最想感谢当时的谁？
v9-t1-0089,轻松,真心话,日常偏好,否,v9-expansion,你理想中的起床后的十分钟是什么样？
v9-t1-0090,轻松,真心话,社交观察,否,v9-expansion,你最欣赏朋友身上的哪种可靠感？
v9-t1-0091,轻松,真心话,想象选择,否,v9-expansion,如果可以免费体验一次和生活技能有关的项目，你会选什么？
v9-t1-0092,轻松,真心话,快乐记忆,否,v9-expansion,你印象最深的一次看完一场演出发生在哪里？
v9-t1-0093,轻松,真心话,日常偏好,否,v9-expansion,你在收纳上最有仪式感的做法是什么？
v9-t1-0094,轻松,真心话,社交观察,否,v9-expansion,别人表现出很强的守时时，你会觉得加分吗？
v9-t1-0095,轻松,真心话,想象选择,否,v9-expansion,如果能把一种户外活动提升到专业水平，你会选哪一种？
v9-t1-0096,轻松,真心话,快乐记忆,否,v9-expansion,你印象最深的一次下班后的夜晚发生在哪里？
v9-t1-0097,轻松,真心话,日常偏好,否,v9-expansion,你在独处时间上最有仪式感的做法是什么？
v9-t1-0098,轻松,真心话,社交观察,否,v9-expansion,别人表现出很强的好奇心时，你会觉得加分吗？
v9-t1-0099,轻松,真心话,想象选择,否,v9-expansion,如果今天可以暂停所有责任去练习生活技能，你会怎么安排？
v9-t1-0100,轻松,真心话,快乐记忆,否,v9-expansion,关于帮助别人，你最想感谢当时的谁？
v9-t1-0101,轻松,真心话,日常偏好,否,v9-expansion,你在居家休息上最有仪式感的做法是什么？
v9-t1-0102,轻松,真心话,社交观察,否,v9-expansion,你最欣赏朋友身上的哪种真诚？
v9-t1-0103,轻松,真心话,想象选择,否,v9-expansion,如果今天可以暂停所有责任去练习烹饪能力，你会怎么安排？
v9-t1-0104,轻松,真心话,快乐记忆,否,v9-expansion,如果可以重播一次关于下班后的夜晚的记忆，你会选哪一次？
v9-t1-0105,轻松,真心话,日常偏好,否,v9-expansion,关于拍照，你最想尝试的一个新变化是什么？
v9-t1-0106,轻松,真心话,社交观察,否,v9-expansion,别人表现出很强的幽默感时，你会觉得加分吗？
v9-t1-0107,轻松,真心话,想象选择,否,v9-expansion,如果可以免费体验一次和创作能力有关的项目，你会选什么？
v9-t1-0108,轻松,真心话,快乐记忆,否,v9-expansion,过去一年里，哪一次和家人相处最让你开心？
v9-t1-0109,轻松,真心话,日常偏好,否,v9-expansion,你理想中的购物是什么样？
v9-t1-0110,轻松,真心话,社交观察,否,v9-expansion,别人表现出很强的边界感时，你会觉得加分吗？
v9-t1-0111,轻松,真心话,想象选择,否,v9-expansion,如果能把一种社交能力提升到专业水平，你会选哪一种？
v9-t1-0112,轻松,真心话,快乐记忆,否,v9-expansion,如果可以重播一次关于收到意外礼物的记忆，你会选哪一次？
v9-t1-0113,轻松,真心话,日常偏好,否,v9-expansion,你理想中的下雨天是什么样？
v9-t1-0114,轻松,真心话,社交观察,否,v9-expansion,你最欣赏朋友身上的哪种创造力？
v9-t1-0115,轻松,真心话,想象选择,否,v9-expansion,如果明天醒来就掌握一种讲故事能力，你希望具体是什么？
v9-t1-0116,轻松,真心话,快乐记忆,否,v9-expansion,关于买到期待很久的东西，你最想感谢当时的谁？
v9-t1-0117,轻松,真心话,日常偏好,否,v9-expansion,如果只能保留一个和下雨天有关的习惯，你会保留什么？
v9-t1-0118,轻松,真心话,社交观察,否,v9-expansion,现场谁最可能在有人需要帮助时第一个站出来？为什么？
v9-t1-0119,轻松,真心话,想象选择,否,v9-expansion,如果可以免费体验一次和方向感有关的项目，你会选什么？
v9-t1-0120,轻松,真心话,快乐记忆,否,v9-expansion,关于被陌生人帮助，你最想感谢当时的谁？
v9-t1-0121,轻松,真心话,日常偏好,否,v9-expansion,你理想中的拍照是什么样？
v9-t1-0122,轻松,真心话,社交观察,否,v9-expansion,你希望别人记住你的哪一种边界感？
v9-t1-0123,轻松,真心话,想象选择,否,v9-expansion,如果明天醒来就掌握一种乐器，你希望具体是什么？
v9-t1-0124,轻松,真心话,快乐记忆,否,v9-expansion,你印象最深的一次和家人相处发生在哪里？
v9-t1-0125,轻松,真心话,日常偏好,否,v9-expansion,你在购物上最有仪式感的做法是什么？
v9-t1-0126,轻松,真心话,社交观察,否,v9-expansion,现场谁最可能在有人情绪低落时第一个站出来？为什么？
v9-t1-0127,轻松,真心话,想象选择,否,v9-expansion,如果今天可以暂停所有责任去练习绘画能力，你会怎么安排？
v9-t1-0128,轻松,真心话,快乐记忆,否,v9-expansion,过去一年里，哪一次认识新朋友最让你开心？
v9-t1-0129,轻松,真心话,日常偏好,否,v9-expansion,你在旅行计划上最有仪式感的做法是什么？
v9-t1-0130,轻松,真心话,社交观察,否,v9-expansion,你希望别人记住你的哪一种照顾气氛的能力？
v9-t1-0131,轻松,真心话,想象选择,否,v9-expansion,如果能把一种烹饪能力提升到专业水平，你会选哪一种？
v9-t1-0132,轻松,真心话,快乐记忆,否,v9-expansion,过去一年里，哪一次下班后的夜晚最让你开心？
v9-t1-0133,轻松,真心话,日常偏好,否,v9-expansion,你在朋友聚会上最有仪式感的做法是什么？
v9-t1-0134,轻松,真心话,社交观察,否,v9-expansion,现场谁最可能在需要组织活动时第一个站出来？为什么？
v9-t1-0135,轻松,真心话,想象选择,否,v9-expansion,如果能把一种摄影能力提升到专业水平，你会选哪一种？
v9-t1-0136,轻松,真心话,快乐记忆,否,v9-expansion,如果可以重播一次关于完成一个小目标的记忆，你会选哪一次？
v9-t1-0137,轻松,真心话,日常偏好,否,v9-expansion,你理想中的居家休息是什么样？
v9-t1-0138,轻松,真心话,社交观察,否,v9-expansion,现场谁最可能在大家意见不一致时第一个站出来？为什么？
v9-t1-0139,轻松,真心话,想象选择,否,v9-expansion,如果今天可以暂停所有责任去练习记忆力，你会怎么安排？
v9-t1-0140,轻松,真心话,快乐记忆,否,v9-expansion,关于认识新朋友，你最想感谢当时的谁？
v9-t1-0141,轻松,真心话,日常偏好,否,v9-expansion,如果只能保留一个和做饭有关的习惯，你会保留什么？
v9-t1-0142,轻松,真心话,社交观察,否,v9-expansion,别人表现出很强的创造力时，你会觉得加分吗？
v9-t1-0143,轻松,真心话,想象选择,否,v9-expansion,如果今天可以暂停所有责任去练习语言，你会怎么安排？
v9-t1-0144,轻松,真心话,快乐记忆,否,v9-expansion,你印象最深的一次突然放假的一天发生在哪里？
v9-t1-0145,轻松,真心话,日常偏好,否,v9-expansion,你在节日上最有仪式感的做法是什么？
v9-t1-0146,轻松,真心话,社交观察,否,v9-expansion,别人表现出很强的可靠感时，你会觉得加分吗？
v9-t1-0147,轻松,真心话,想象选择,否,v9-expansion,如果能把一种创作能力提升到专业水平，你会选哪一种？
v9-t1-0148,轻松,真心话,快乐记忆,否,v9-expansion,关于收到意外礼物，你最想感谢当时的谁？
v9-t1-0149,轻松,真心话,日常偏好,否,v9-expansion,关于睡前时间，你最想尝试的一个新变化是什么？
v9-t1-0150,轻松,真心话,社交观察,否,v9-expansion,别人表现出很强的倾听能力时，你会觉得加分吗？
v9-t1-0151,轻松,真心话,想象选择,否,v9-expansion,如果能把一种方向感提升到专业水平，你会选哪一种？
v9-t1-0152,轻松,真心话,快乐记忆,否,v9-expansion,如果可以重播一次关于独自解决一个问题的记忆，你会选哪一次？
v9-t1-0153,轻松,真心话,日常偏好,否,v9-expansion,你在看电影上最有仪式感的做法是什么？
v9-t1-0154,轻松,真心话,社交观察,否,v9-expansion,你最欣赏朋友身上的哪种耐心？
v9-t1-0155,轻松,真心话,想象选择,否,v9-expansion,如果今天可以暂停所有责任去练习乐器，你会怎么安排？
v9-t1-0156,轻松,真心话,快乐记忆,否,v9-expansion,关于第一次尝试新事物，你最想感谢当时的谁？
v9-t1-0157,轻松,真心话,日常偏好,否,v9-expansion,关于生日，你最想尝试的一个新变化是什么？
v9-t1-0158,轻松,真心话,社交观察,否,v9-expansion,你最欣赏朋友身上的哪种表达能力？
v9-t1-0159,轻松,真心话,想象选择,否,v9-expansion,如果明天醒来就掌握一种旅行方式，你希望具体是什么？
v9-t1-0160,轻松,真心话,快乐记忆,否,v9-expansion,你印象最深的一次帮助别人发生在哪里？
v9-t1-0161,轻松,真心话,日常偏好,否,v9-expansion,你理想中的睡前时间是什么样？
v9-t1-0162,轻松,真心话,社交观察,否,v9-expansion,别人表现出很强的松弛感时，你会觉得加分吗？
v9-t1-0163,轻松,真心话,想象选择,否,v9-expansion,如果明天醒来就掌握一种方向感，你希望具体是什么？
v9-t1-0164,轻松,真心话,快乐记忆,否,v9-expansion,如果可以重播一次关于帮助别人的记忆，你会选哪一次？
v9-t1-0165,轻松,真心话,日常偏好,否,v9-expansion,你在运动上最有仪式感的做法是什么？
v9-t1-0166,轻松,真心话,社交观察,否,v9-expansion,你最欣赏朋友身上的哪种幽默感？
v9-t1-0167,轻松,真心话,想象选择,否,v9-expansion,如果能把一种整理能力提升到专业水平，你会选哪一种？
v9-t1-0168,轻松,真心话,快乐记忆,否,v9-expansion,你印象最深的一次被陌生人帮助发生在哪里？
v9-t1-0169,轻松,真心话,日常偏好,否,v9-expansion,你理想中的看电影是什么样？
v9-t1-0170,轻松,真心话,社交观察,否,v9-expansion,你希望别人记住你的哪一种真诚？
v9-t1-0171,轻松,真心话,想象选择,否,v9-expansion,如果可以免费体验一次和运动有关的项目，你会选什么？
v9-t1-0172,轻松,真心话,快乐记忆,否,v9-expansion,关于独自解决一个问题，你最想感谢当时的谁？
v9-t1-0173,轻松,真心话,日常偏好,否,v9-expansion,你理想中的夏天是什么样？
v9-t1-0174,轻松,真心话,社交观察,否,v9-expansion,你希望别人记住你的哪一种细心？
v9-t1-0175,轻松,真心话,想象选择,否,v9-expansion,如果可以免费体验一次和摄影能力有关的项目，你会选什么？
v9-t1-0176,轻松,真心话,快乐记忆,否,v9-expansion,过去一年里，哪一次看到漂亮风景最让你开心？
v9-t1-0177,轻松,真心话,日常偏好,否,v9-expansion,你在做饭上最有仪式感的做法是什么？
v9-t1-0178,轻松,真心话,社交观察,否,v9-expansion,你最欣赏朋友身上的哪种细心？
v9-t1-0179,轻松,真心话,想象选择,否,v9-expansion,如果能把一种乐器提升到专业水平，你会选哪一种？
v9-t1-0180,轻松,真心话,快乐记忆,否,v9-expansion,关于生日，你最想感谢当时的谁？
v9-t1-0181,轻松,真心话,日常偏好,否,v9-expansion,如果只能保留一个和睡前时间有关的习惯，你会保留什么？
v9-t1-0182,轻松,真心话,社交观察,否,v9-expansion,你希望别人记住你的哪一种行动力？
v9-t1-0183,轻松,真心话,想象选择,否,v9-expansion,如果可以免费体验一次和记忆力有关的项目，你会选什么？
v9-t1-0184,轻松,真心话,快乐记忆,否,v9-expansion,过去一年里，哪一次第一次尝试新事物最让你开心？
v9-t1-0185,轻松,真心话,日常偏好,否,v9-expansion,如果只能保留一个和临时放假有关的习惯，你会保留什么？
v9-t1-0186,轻松,真心话,社交观察,否,v9-expansion,现场谁最可能在需要做决定时第一个站出来？为什么？
v9-t1-0187,轻松,真心话,想象选择,否,v9-expansion,如果明天醒来就掌握一种整理能力，你希望具体是什么？
v9-t1-0188,轻松,真心话,快乐记忆,否,v9-expansion,过去一年里，哪一次拍到满意的照片最让你开心？
v9-t1-0189,轻松,真心话,日常偏好,否,v9-expansion,关于短途出行，你最想尝试的一个新变化是什么？
v9-t1-0190,轻松,真心话,社交观察,否,v9-expansion,你最欣赏朋友身上的哪种好奇心？
v9-t1-0191,轻松,真心话,想象选择,否,v9-expansion,如果可以免费体验一次和手艺有关的项目，你会选什么？
v9-t1-0192,轻松,真心话,快乐记忆,否,v9-expansion,如果可以重播一次关于临时旅行的记忆，你会选哪一次？
v9-t1-0193,轻松,真心话,日常偏好,否,v9-expansion,关于购物，你最想尝试的一个新变化是什么？
v9-t1-0194,轻松,真心话,社交观察,否,v9-expansion,别人表现出很强的真诚时，你会觉得加分吗？
v9-t1-0195,轻松,真心话,想象选择,否,v9-expansion,如果可以免费体验一次和户外活动有关的项目，你会选什么？
v9-t1-0196,轻松,真心话,快乐记忆,否,v9-expansion,如果可以重播一次关于第一次尝试新事物的记忆，你会选哪一次？
v9-t1-0197,轻松,真心话,日常偏好,否,v9-expansion,如果只能保留一个和逛街有关的习惯，你会保留什么？
v9-t1-0198,轻松,真心话,社交观察,否,v9-expansion,你最欣赏朋友身上的哪种行动力？
v9-t1-0199,轻松,真心话,想象选择,否,v9-expansion,如果明天醒来就掌握一种社交能力，你希望具体是什么？
v9-t1-0200,轻松,真心话,快乐记忆,否,v9-expansion,如果可以重播一次关于完成一次整理的记忆，你会选哪一次？
v9-t1-0201,轻松,真心话,日常偏好,否,v9-expansion,如果只能保留一个和起床后的十分钟有关的习惯，你会保留什么？
v9-t1-0202,轻松,真心话,社交观察,否,v9-expansion,你最欣赏朋友身上的哪种边界感？
v9-t1-0203,轻松,真心话,想象选择,否,v9-expansion,如果能把一种讲故事能力提升到专业水平，你会选哪一种？
v9-t1-0204,轻松,真心话,快乐记忆,否,v9-expansion,过去一年里，哪一次被陌生人帮助最让你开心？
v9-t1-0205,轻松,真心话,日常偏好,否,v9-expansion,关于起床后的十分钟，你最想尝试的一个新变化是什么？
v9-t1-0206,轻松,真心话,社交观察,否,v9-expansion,别人表现出很强的细心时，你会觉得加分吗？
v9-t1-0207,轻松,真心话,想象选择,否,v9-expansion,如果可以免费体验一次和烹饪能力有关的项目，你会选什么？
v9-t1-0208,轻松,真心话,快乐记忆,否,v9-expansion,你印象最深的一次生日发生在哪里？
v9-t1-0209,轻松,真心话,日常偏好,否,v9-expansion,关于早餐，你最想尝试的一个新变化是什么？
v9-t1-0210,轻松,真心话,社交观察,否,v9-expansion,你希望别人记住你的哪一种守时？
v9-t1-0211,轻松,真心话,想象选择,否,v9-expansion,如果可以免费体验一次和动物沟通能力有关的项目，你会选什么？
v9-t1-0212,轻松,真心话,快乐记忆,否,v9-expansion,过去一年里，哪一次吃到特别好吃的东西最让你开心？
v9-t1-0213,轻松,真心话,日常偏好,否,v9-expansion,关于听歌习惯，你最想尝试的一个新变化是什么？
v9-t1-0214,轻松,真心话,社交观察,否,v9-expansion,你希望别人记住你的哪一种表达能力？
v9-t1-0215,轻松,真心话,想象选择,否,v9-expansion,如果可以免费体验一次和社交能力有关的项目，你会选什么？
v9-t1-0216,轻松,真心话,快乐记忆,否,v9-expansion,如果可以重播一次关于和家人相处的记忆，你会选哪一次？
v9-t1-0217,轻松,真心话,日常偏好,否,v9-expansion,如果只能保留一个和冬天有关的习惯，你会保留什么？
v9-t1-0218,轻松,真心话,社交观察,否,v9-expansion,现场谁最可能在遇到突发状况时第一个站出来？为什么？
v9-t1-0219,轻松,真心话,想象选择,否,v9-expansion,如果明天醒来就掌握一种户外活动，你希望具体是什么？
v9-t1-0220,轻松,真心话,快乐记忆,否,v9-expansion,你印象最深的一次拍到满意的照片发生在哪里？
v9-t1-0221,轻松,真心话,日常偏好,否,v9-expansion,关于运动，你最想尝试的一个新变化是什么？
v9-t1-0222,轻松,真心话,社交观察,否,v9-expansion,别人表现出很强的乐观时，你会觉得加分吗？
v9-t1-0223,轻松,真心话,想象选择,否,v9-expansion,如果今天可以暂停所有责任去练习超能力，你会怎么安排？
v9-t1-0224,轻松,真心话,快乐记忆,否,v9-expansion,如果可以重播一次关于拍到满意的照片的记忆，你会选哪一次？
v9-t1-0225,轻松,真心话,日常偏好,否,v9-expansion,如果只能保留一个和运动有关的习惯，你会保留什么？
v9-t1-0226,轻松,真心话,社交观察,否,v9-expansion,你希望别人记住你的哪一种可靠感？
v9-t1-0227,轻松,真心话,想象选择,否,v9-expansion,如果能把一种运动提升到专业水平，你会选哪一种？
v9-t1-0228,轻松,真心话,快乐记忆,否,v9-expansion,你印象最深的一次买到期待很久的东西发生在哪里？
v9-t1-0229,轻松,真心话,日常偏好,否,v9-expansion,你在拍照上最有仪式感的做法是什么？
v9-t1-0230,轻松,真心话,社交观察,否,v9-expansion,你希望别人记住你的哪一种耐心？
v9-t1-0231,轻松,真心话,想象选择,否,v9-expansion,如果今天可以暂停所有责任去练习旅行方式，你会怎么安排？
v9-t1-0232,轻松,真心话,快乐记忆,否,v9-expansion,过去一年里，哪一次突然放假的一天最让你开心？
d101,轻松,大冒险,历史题库,否,v8,用三种不同情绪说一遍自己的名字。
d102,轻松,大冒险,历史题库,否,v8,模仿一种动物，直到有人猜中。
d103,轻松,大冒险,历史题库,否,v8,用播音员语气介绍现场所有玩家。
d104,轻松,大冒险,历史题库,否,v8,摆出一个夸张的杂志封面姿势，坚持十秒。
d105,轻松,大冒险,历史题库,否,v8,用方言或自创口音说一句欢迎词。
d106,轻松,大冒险,历史题库,否,v8,在十秒内说出五种带颜色的东西。
d107,轻松,大冒险,历史题库,否,v8,即兴表演十五秒无声电影。
d108,轻松,大冒险,历史题库,否,v8,随机夸奖三位玩家，每人一句且不能重复。
d109,轻松,大冒险,历史题库,否,v8,唱一小段你最熟悉的歌曲。
d110,轻松,大冒险,历史题库,否,v8,用左手在空中写出自己的名字。
d111,轻松,大冒险,历史题库,否,v8,模仿一个常见职业，让大家猜。
d112,轻松,大冒险,历史题库,否,v8,一分钟内避免说“我”字。
d113,轻松,大冒险,历史题库,否,v8,表演一个慢动作起床过程。
d114,轻松,大冒险,历史题库,否,v8,用五个表情完成一段小剧情。
d115,轻松,大冒险,历史题库,否,v8,把身边一件普通物品介绍成奢侈品。
d116,轻松,大冒险,历史题库,否,v8,说一个冷笑话；没人笑也算完成。
d117,轻松,大冒险,历史题库,否,v8,模仿现场一位玩家的标志性动作，保持友善。
d118,轻松,大冒险,历史题库,否,v8,用广告配音方式推荐今晚的聚会。
v9-d1-0233,轻松,大冒险,友好互动,是,v9-expansion,邀请左边一位玩家和你完成一个同步击掌动作。
v9-d1-0234,轻松,大冒险,语言小游戏,否,v9-expansion,在十秒内说出三种能让房间变整洁的东西。
v9-d1-0235,轻松,大冒险,表演模仿,否,v9-expansion,把“今晚大家都要开心”用新闻主播风格说一遍。
v9-d1-0236,轻松,大冒险,创意表达,否,v9-expansion,用三个词把一双拖鞋夸成全场最佳。
v9-d1-0237,轻松,大冒险,动作挑战,否,v9-expansion,闭眼三秒后，摆出一个代表偷偷摸摸的姿势。
v9-d1-0238,轻松,大冒险,友好互动,是,v9-expansion,给右边一位玩家一个具体、不重复的夸奖。
v9-d1-0239,轻松,大冒险,语言小游戏,否,v9-expansion,用一句没有“我”字的话表达可以送人的东西。
v9-d1-0240,轻松,大冒险,表演模仿,否,v9-expansion,模仿美食博主刚刚发现一件惊喜时的反应。
v9-d1-0241,轻松,大冒险,创意表达,否,v9-expansion,为一包纸巾设计一句不超过十二字的广告语。
v9-d1-0242,轻松,大冒险,动作挑战,否,v9-expansion,闭眼三秒后，摆出一个代表模特定格的姿势。
v9-d1-0243,轻松,大冒险,友好互动,是,v9-expansion,给左边一位玩家一个具体、不重复的夸奖。
v9-d1-0244,轻松,大冒险,语言小游戏,否,v9-expansion,连续说三遍“会发出声音的东西”，每遍换一种情绪。
v9-d1-0245,轻松,大冒险,表演模仿,否,v9-expansion,把“今晚大家都要开心”用纪录片旁白风格说一遍。
v9-d1-0246,轻松,大冒险,创意表达,否,v9-expansion,给一双拖鞋取一个夸张但好记的新名字。
v9-d1-0247,轻松,大冒险,动作挑战,否,v9-expansion,保持认真思考姿势五秒，并说出一种喜欢的食物。
v9-d1-0248,轻松,大冒险,友好互动,是,v9-expansion,选由大家指定的一位玩家，为对方设计一个友好称号。
v9-d1-0249,轻松,大冒险,语言小游戏,否,v9-expansion,在十秒内说出三种适合旅行的物品。
v9-d1-0250,轻松,大冒险,表演模仿,否,v9-expansion,模仿客服人员刚刚发现一件惊喜时的反应。
v9-d1-0251,轻松,大冒险,创意表达,否,v9-expansion,给你的手机壳取一个夸张但好记的新名字。
v9-d1-0252,轻松,大冒险,动作挑战,否,v9-expansion,保持超级英雄姿势五秒，并说出一种喜欢的食物。
v9-d1-0253,轻松,大冒险,友好互动,是,v9-expansion,给今天最早到场的一位玩家一个具体、不重复的夸奖。
v9-d1-0254,轻松,大冒险,语言小游戏,否,v9-expansion,在十秒内说出三种需要耐心的事情。
v9-d1-0255,轻松,大冒险,表演模仿,否,v9-expansion,模仿颁奖嘉宾刚刚发现一件惊喜时的反应。
v9-d1-0256,轻松,大冒险,创意表达,否,v9-expansion,给今晚的聚会取一个夸张但好记的新名字。
v9-d1-0257,轻松,大冒险,动作挑战,否,v9-expansion,闭眼三秒后，摆出一个代表认真思考的姿势。
v9-d1-0258,轻松,大冒险,友好互动,是,v9-expansion,对左边一位玩家说一句适合写在鼓励卡上的话。
v9-d1-0259,轻松,大冒险,语言小游戏,否,v9-expansion,连续说三遍“蓝色的东西”，每遍换一种情绪。
v9-d1-0260,轻松,大冒险,表演模仿,否,v9-expansion,模仿动画角色刚刚发现一件惊喜时的反应。
v9-d1-0261,轻松,大冒险,创意表达,否,v9-expansion,用三个词把一个空纸盒夸成全场最佳。
v9-d1-0262,轻松,大冒险,动作挑战,否,v9-expansion,不用站起来，用上半身演出胜利。
v9-d1-0263,轻松,大冒险,友好互动,是,v9-expansion,邀请右边一位玩家和你完成一个同步击掌动作。
v9-d1-0264,轻松,大冒险,语言小游戏,否,v9-expansion,在十秒内说出三种适合下雨天做的事。
v9-d1-0265,轻松,大冒险,表演模仿,否,v9-expansion,把“今晚大家都要开心”用动画角色风格说一遍。
v9-d1-0266,轻松,大冒险,创意表达,否,v9-expansion,用三个词把桌上的零食夸成全场最佳。
v9-d1-0267,轻松,大冒险,动作挑战,否,v9-expansion,保持打瞌睡姿势五秒，并说出一种喜欢的食物。
v9-d1-0268,轻松,大冒险,友好互动,是,v9-expansion,选与你名字字数相同的一位玩家，为对方设计一个友好称号。
v9-d1-0269,轻松,大冒险,语言小游戏,否,v9-expansion,用一句没有“我”字的话表达会发出声音的东西。
v9-d1-0270,轻松,大冒险,表演模仿,否,v9-expansion,模仿体育解说刚刚发现一件惊喜时的反应。
v9-d1-0271,轻松,大冒险,创意表达,否,v9-expansion,用三个词把今晚的聚会夸成全场最佳。
v9-d1-0272,轻松,大冒险,动作挑战,否,v9-expansion,闭眼三秒后，摆出一个代表超级英雄的姿势。
v9-d1-0273,轻松,大冒险,友好互动,是,v9-expansion,给与你名字字数相同的一位玩家一个具体、不重复的夸奖。
v9-d1-0274,轻松,大冒险,语言小游戏,否,v9-expansion,连续说三遍“适合周末的活动”，每遍换一种情绪。
v9-d1-0275,轻松,大冒险,表演模仿,否,v9-expansion,用天气预报员的语气介绍自己十秒。
v9-d1-0276,轻松,大冒险,创意表达,否,v9-expansion,假装正在直播带货，用十秒介绍一个空纸盒。
v9-d1-0277,轻松,大冒险,动作挑战,否,v9-expansion,不用站起来，用上半身演出偷偷摸摸。
v9-d1-0278,轻松,大冒险,友好互动,是,v9-expansion,选今天最早到场的一位玩家，为对方设计一个友好称号。
v9-d1-0279,轻松,大冒险,语言小游戏,否,v9-expansion,用一句没有“我”字的话表达适合旅行的物品。
v9-d1-0280,轻松,大冒险,表演模仿,否,v9-expansion,用体育解说的语气介绍自己十秒。
v9-d1-0281,轻松,大冒险,创意表达,否,v9-expansion,给一盏灯取一个夸张但好记的新名字。
v9-d1-0282,轻松,大冒险,动作挑战,否,v9-expansion,闭眼三秒后，摆出一个代表起飞的姿势。
v9-d1-0283,轻松,大冒险,友好互动,是,v9-expansion,邀请由大家指定的一位玩家和你完成一个同步击掌动作。
v9-d1-0284,轻松,大冒险,语言小游戏,否,v9-expansion,用一句没有“我”字的话表达适合下雨天做的事。
v9-d1-0285,轻松,大冒险,表演模仿,否,v9-expansion,把“今晚大家都要开心”用幼儿园老师风格说一遍。
v9-d1-0286,轻松,大冒险,创意表达,否,v9-expansion,为一个空纸盒设计一句不超过十二字的广告语。
v9-d1-0287,轻松,大冒险,动作挑战,否,v9-expansion,闭眼三秒后，摆出一个代表开心庆祝的姿势。
v9-d1-0288,轻松,大冒险,友好互动,是,v9-expansion,邀请与你名字字数相同的一位玩家和你完成一个同步击掌动作。
v9-d1-0289,轻松,大冒险,语言小游戏,否,v9-expansion,连续说三遍“适合下雨天做的事”，每遍换一种情绪。
v9-d1-0290,轻松,大冒险,表演模仿,否,v9-expansion,用幼儿园老师的语气介绍自己十秒。
v9-d1-0291,轻松,大冒险,创意表达,否,v9-expansion,假装正在直播带货，用十秒介绍一只普通水杯。
v9-d1-0292,轻松,大冒险,动作挑战,否,v9-expansion,保持模特定格姿势五秒，并说出一种喜欢的食物。
v9-d1-0293,轻松,大冒险,友好互动,是,v9-expansion,选右边一位玩家，为对方设计一个友好称号。
v9-d1-0294,轻松,大冒险,语言小游戏,否,v9-expansion,把“适合旅行的物品”倒过来慢慢读一遍，读错也算完成。
v9-d1-0295,轻松,大冒险,表演模仿,否,v9-expansion,用动作演出动画角色，让大家在十五秒内猜。
v9-d1-0296,轻松,大冒险,创意表达,否,v9-expansion,用三个词把你的手机壳夸成全场最佳。
v9-d1-0297,轻松,大冒险,动作挑战,否,v9-expansion,在十秒内完成三个不同的惊讶动作。
v9-d1-0298,轻松,大冒险,友好互动,是,v9-expansion,给由大家指定的一位玩家一个具体、不重复的夸奖。
v9-d1-0299,轻松,大冒险,语言小游戏,否,v9-expansion,把“会发出声音的东西”倒过来慢慢读一遍，读错也算完成。
v9-d1-0300,轻松,大冒险,表演模仿,否,v9-expansion,用动作演出纪录片旁白，让大家在十五秒内猜。
v9-d1-0301,轻松,大冒险,创意表达,否,v9-expansion,给一个空纸盒取一个夸张但好记的新名字。
v9-d1-0302,轻松,大冒险,动作挑战,否,v9-expansion,在十秒内完成三个不同的打瞌睡动作。
v9-d1-0303,轻松,大冒险,友好互动,是,v9-expansion,邀请今天最早到场的一位玩家和你完成一个同步击掌动作。
v9-d1-0304,轻松,大冒险,语言小游戏,否,v9-expansion,把“圆形的东西”倒过来慢慢读一遍，读错也算完成。
v9-d1-0305,轻松,大冒险,表演模仿,否,v9-expansion,用动作演出幼儿园老师，让大家在十五秒内猜。
v9-d1-0306,轻松,大冒险,创意表达,否,v9-expansion,为你的手机壳设计一句不超过十二字的广告语。
v9-d1-0307,轻松,大冒险,动作挑战,否,v9-expansion,不用站起来，用上半身演出超级英雄。
v9-d1-0308,轻松,大冒险,友好互动,是,v9-expansion,选左边一位玩家，为对方设计一个友好称号。
v9-d1-0309,轻松,大冒险,语言小游戏,否,v9-expansion,连续说三遍“让人开心的小事”，每遍换一种情绪。
v9-d1-0310,轻松,大冒险,表演模仿,否,v9-expansion,把“今晚大家都要开心”用颁奖嘉宾风格说一遍。
v9-d1-0311,轻松,大冒险,创意表达,否,v9-expansion,给一包纸巾取一个夸张但好记的新名字。
v9-d1-0312,轻松,大冒险,动作挑战,否,v9-expansion,保持发现宝藏姿势五秒，并说出一种喜欢的食物。
v9-d1-0313,轻松,大冒险,友好互动,是,v9-expansion,对今天最早到场的一位玩家说一句适合写在鼓励卡上的话。
v9-d1-0314,轻松,大冒险,语言小游戏,否,v9-expansion,把“适合下雨天做的事”倒过来慢慢读一遍，读错也算完成。
v9-d1-0315,轻松,大冒险,表演模仿,否,v9-expansion,用动作演出颁奖嘉宾，让大家在十五秒内猜。
v9-d1-0316,轻松,大冒险,创意表达,否,v9-expansion,为一双拖鞋设计一句不超过十二字的广告语。
v9-d1-0317,轻松,大冒险,动作挑战,否,v9-expansion,不用站起来，用上半身演出认真思考。
v9-d1-0318,轻松,大冒险,友好互动,是,v9-expansion,对与你名字字数相同的一位玩家说一句适合写在鼓励卡上的话。
v9-d1-0319,轻松,大冒险,语言小游戏,否,v9-expansion,用一句没有“我”字的话表达圆形的东西。
v9-d1-0320,轻松,大冒险,表演模仿,否,v9-expansion,用科幻电影机器人的语气介绍自己十秒。
v9-d1-0321,轻松,大冒险,创意表达,否,v9-expansion,假装正在直播带货，用十秒介绍一把椅子。
v9-d1-0322,轻松,大冒险,动作挑战,否,v9-expansion,闭眼三秒后，摆出一个代表胜利的姿势。
v9-d1-0323,轻松,大冒险,友好互动,是,v9-expansion,对由大家指定的一位玩家说一句适合写在鼓励卡上的话。
v9-d1-0324,轻松,大冒险,语言小游戏,否,v9-expansion,连续说三遍“可以送人的东西”，每遍换一种情绪。
v9-d1-0325,轻松,大冒险,表演模仿,否,v9-expansion,模仿导游刚刚发现一件惊喜时的反应。
v9-d1-0326,轻松,大冒险,创意表达,否,v9-expansion,为一盏灯设计一句不超过十二字的广告语。
v9-d1-0327,轻松,大冒险,动作挑战,否,v9-expansion,保持起飞姿势五秒，并说出一种喜欢的食物。
v9-d1-0328,轻松,大冒险,友好互动,是,v9-expansion,对右边一位玩家说一句适合写在鼓励卡上的话。
v9-d1-0329,轻松,大冒险,语言小游戏,否,v9-expansion,用一句没有“我”字的话表达让人开心的小事。
v9-d1-0330,轻松,大冒险,表演模仿,否,v9-expansion,把“今晚大家都要开心”用魔术师风格说一遍。
v9-d1-0331,轻松,大冒险,创意表达,否,v9-expansion,为一把椅子设计一句不超过十二字的广告语。
v9-d1-0332,轻松,大冒险,动作挑战,否,v9-expansion,闭眼三秒后，摆出一个代表惊讶的姿势。
v9-d1-0333,轻松,大冒险,语言小游戏,否,v9-expansion,连续说三遍“适合旅行的物品”，每遍换一种情绪。
v9-d1-0334,轻松,大冒险,表演模仿,否,v9-expansion,用动画角色的语气介绍自己十秒。
v9-d1-0335,轻松,大冒险,创意表达,否,v9-expansion,给一只普通水杯取一个夸张但好记的新名字。
v9-d1-0336,轻松,大冒险,动作挑战,否,v9-expansion,保持开心庆祝姿势五秒，并说出一种喜欢的食物。
v9-d1-0337,轻松,大冒险,语言小游戏,否,v9-expansion,用一句没有“我”字的话表达需要耐心的事情。
v9-d1-0338,轻松,大冒险,表演模仿,否,v9-expansion,用动作演出新闻主播，让大家在十五秒内猜。
v9-d1-0339,轻松,大冒险,创意表达,否,v9-expansion,假装正在直播带货，用十秒介绍一盏灯。
v9-d1-0340,轻松,大冒险,动作挑战,否,v9-expansion,在十秒内完成三个不同的起飞动作。
v9-d1-0341,轻松,大冒险,语言小游戏,否,v9-expansion,连续说三遍“需要耐心的事情”，每遍换一种情绪。
v9-d1-0342,轻松,大冒险,表演模仿,否,v9-expansion,把“今晚大家都要开心”用体育解说风格说一遍。
v9-d1-0343,轻松,大冒险,创意表达,否,v9-expansion,假装正在直播带货，用十秒介绍身边的抱枕。
v9-d1-0344,轻松,大冒险,动作挑战,否,v9-expansion,在十秒内完成三个不同的开心庆祝动作。
v9-d1-0345,轻松,大冒险,语言小游戏,否,v9-expansion,把“需要耐心的事情”倒过来慢慢读一遍，读错也算完成。
v9-d1-0346,轻松,大冒险,表演模仿,否,v9-expansion,用动作演出美食博主，让大家在十五秒内猜。
v9-d1-0347,轻松,大冒险,创意表达,否,v9-expansion,用三个词把一盏灯夸成全场最佳。
v9-d1-0348,轻松,大冒险,动作挑战,否,v9-expansion,不用站起来，用上半身演出起飞。
v9-d1-0349,轻松,大冒险,语言小游戏,否,v9-expansion,把“蓝色的东西”倒过来慢慢读一遍，读错也算完成。
v9-d1-0350,轻松,大冒险,表演模仿,否,v9-expansion,用魔术师的语气介绍自己十秒。
v9-d1-0351,轻松,大冒险,创意表达,否,v9-expansion,用三个词把一只普通水杯夸成全场最佳。
v9-d1-0352,轻松,大冒险,动作挑战,否,v9-expansion,在十秒内完成三个不同的认真思考动作。
v9-d1-0353,轻松,大冒险,语言小游戏,否,v9-expansion,在十秒内说出三种适合周末的活动。
v9-d1-0354,轻松,大冒险,表演模仿,否,v9-expansion,把“今晚大家都要开心”用美食博主风格说一遍。
v9-d1-0355,轻松,大冒险,创意表达,否,v9-expansion,用三个词把一把椅子夸成全场最佳。
v9-d1-0356,轻松,大冒险,动作挑战,否,v9-expansion,在十秒内完成三个不同的超级英雄动作。
v9-d1-0357,轻松,大冒险,语言小游戏,否,v9-expansion,把“让人开心的小事”倒过来慢慢读一遍，读错也算完成。
v9-d1-0358,轻松,大冒险,表演模仿,否,v9-expansion,模仿新闻主播刚刚发现一件惊喜时的反应。
v9-d1-0359,轻松,大冒险,创意表达,否,v9-expansion,为桌上的零食设计一句不超过十二字的广告语。
v9-d1-0360,轻松,大冒险,动作挑战,否,v9-expansion,不用站起来，用上半身演出模特定格。
v9-d1-0361,轻松,大冒险,语言小游戏,否,v9-expansion,用一句没有“我”字的话表达适合周末的活动。
v9-d1-0362,轻松,大冒险,表演模仿,否,v9-expansion,用新闻主播的语气介绍自己十秒。
v9-d1-0363,轻松,大冒险,创意表达,否,v9-expansion,用三个词把一包纸巾夸成全场最佳。
v9-d1-0364,轻松,大冒险,动作挑战,否,v9-expansion,在十秒内完成三个不同的偷偷摸摸动作。
v9-d1-0365,轻松,大冒险,语言小游戏,否,v9-expansion,把“能让房间变整洁的东西”倒过来慢慢读一遍，读错也算完成。
v9-d1-0366,轻松,大冒险,表演模仿,否,v9-expansion,用客服人员的语气介绍自己十秒。
v9-d1-0367,轻松,大冒险,创意表达,否,v9-expansion,假装正在直播带货，用十秒介绍桌上的零食。
v9-d1-0368,轻松,大冒险,动作挑战,否,v9-expansion,不用站起来，用上半身演出开心庆祝。
v9-d1-0369,轻松,大冒险,语言小游戏,否,v9-expansion,连续说三遍“圆形的东西”，每遍换一种情绪。
v9-d1-0370,轻松,大冒险,表演模仿,否,v9-expansion,用颁奖嘉宾的语气介绍自己十秒。
v9-d1-0371,轻松,大冒险,创意表达,否,v9-expansion,假装正在直播带货，用十秒介绍你的手机壳。
v9-d1-0372,轻松,大冒险,动作挑战,否,v9-expansion,在十秒内完成三个不同的模特定格动作。
v9-d1-0373,轻松,大冒险,语言小游戏,否,v9-expansion,把“适合周末的活动”倒过来慢慢读一遍，读错也算完成。
v9-d1-0374,轻松,大冒险,表演模仿,否,v9-expansion,用纪录片旁白的语气介绍自己十秒。
v9-d1-0375,轻松,大冒险,创意表达,否,v9-expansion,给桌上的零食取一个夸张但好记的新名字。
v9-d1-0376,轻松,大冒险,动作挑战,否,v9-expansion,在十秒内完成三个不同的胜利动作。
v9-d1-0377,轻松,大冒险,语言小游戏,否,v9-expansion,在十秒内说出三种蓝色的东西。
v9-d1-0378,轻松,大冒险,表演模仿,否,v9-expansion,模仿幼儿园老师刚刚发现一件惊喜时的反应。
v9-d1-0379,轻松,大冒险,创意表达,否,v9-expansion,为身边的抱枕设计一句不超过十二字的广告语。
v9-d1-0380,轻松,大冒险,动作挑战,否,v9-expansion,保持胜利姿势五秒，并说出一种喜欢的食物。
v9-d1-0381,轻松,大冒险,语言小游戏,否,v9-expansion,用一句没有“我”字的话表达蓝色的东西。
v9-d1-0382,轻松,大冒险,表演模仿,否,v9-expansion,用动作演出导游，让大家在十五秒内猜。
v9-d1-0383,轻松,大冒险,创意表达,否,v9-expansion,给身边的抱枕取一个夸张但好记的新名字。
v9-d1-0384,轻松,大冒险,动作挑战,否,v9-expansion,在十秒内完成三个不同的发现宝藏动作。
v9-d1-0385,轻松,大冒险,语言小游戏,否,v9-expansion,用一句没有“我”字的话表达能让房间变整洁的东西。
v9-d1-0386,轻松,大冒险,表演模仿,否,v9-expansion,模仿天气预报员刚刚发现一件惊喜时的反应。
v9-d1-0387,轻松,大冒险,创意表达,否,v9-expansion,假装正在直播带货，用十秒介绍一包纸巾。
v9-d1-0388,轻松,大冒险,动作挑战,否,v9-expansion,不用站起来，用上半身演出打瞌睡。
v9-d1-0389,轻松,大冒险,语言小游戏,否,v9-expansion,在十秒内说出三种让人开心的小事。
v9-d1-0390,轻松,大冒险,表演模仿,否,v9-expansion,把“今晚大家都要开心”用天气预报员风格说一遍。
v9-d1-0391,轻松,大冒险,创意表达,否,v9-expansion,为一只普通水杯设计一句不超过十二字的广告语。
v9-d1-0392,轻松,大冒险,动作挑战,否,v9-expansion,不用站起来，用上半身演出发现宝藏。
v9-d1-0393,轻松,大冒险,语言小游戏,否,v9-expansion,在十秒内说出三种会发出声音的东西。
v9-d1-0394,轻松,大冒险,表演模仿,否,v9-expansion,模仿科幻电影机器人刚刚发现一件惊喜时的反应。
v9-d1-0395,轻松,大冒险,创意表达,否,v9-expansion,用三个词把身边的抱枕夸成全场最佳。
v9-d1-0396,轻松,大冒险,动作挑战,否,v9-expansion,闭眼三秒后，摆出一个代表发现宝藏的姿势。
v9-d1-0397,轻松,大冒险,语言小游戏,否,v9-expansion,连续说三遍“能让房间变整洁的东西”，每遍换一种情绪。
v9-d1-0398,轻松,大冒险,表演模仿,否,v9-expansion,用动作演出客服人员，让大家在十五秒内猜。
v9-d1-0399,轻松,大冒险,创意表达,否,v9-expansion,假装正在直播带货，用十秒介绍今晚的聚会。
v9-d1-0400,轻松,大冒险,动作挑战,否,v9-expansion,不用站起来，用上半身演出惊讶。
v9-d1-0401,轻松,大冒险,语言小游戏,否,v9-expansion,在十秒内说出三种可以送人的东西。
v9-d1-0402,轻松,大冒险,表演模仿,否,v9-expansion,用导游的语气介绍自己十秒。
v9-d1-0403,轻松,大冒险,创意表达,否,v9-expansion,假装正在直播带货，用十秒介绍一双拖鞋。
v9-d1-0404,轻松,大冒险,动作挑战,否,v9-expansion,保持惊讶姿势五秒，并说出一种喜欢的食物。
v9-d1-0405,轻松,大冒险,语言小游戏,否,v9-expansion,把“可以送人的东西”倒过来慢慢读一遍，读错也算完成。
v9-d1-0406,轻松,大冒险,表演模仿,否,v9-expansion,用动作演出魔术师，让大家在十五秒内猜。
v9-d1-0407,轻松,大冒险,创意表达,否,v9-expansion,为今晚的聚会设计一句不超过十二字的广告语。
v9-d1-0408,轻松,大冒险,动作挑战,否,v9-expansion,保持偷偷摸摸姿势五秒，并说出一种喜欢的食物。
v9-d1-0409,轻松,大冒险,语言小游戏,否,v9-expansion,在十秒内说出三种圆形的东西。
v9-d1-0410,轻松,大冒险,表演模仿,否,v9-expansion,用美食博主的语气介绍自己十秒。
v9-d1-0411,轻松,大冒险,创意表达,否,v9-expansion,给一把椅子取一个夸张但好记的新名字。
v9-d1-0412,轻松,大冒险,动作挑战,否,v9-expansion,闭眼三秒后，摆出一个代表打瞌睡的姿势。
v9-d1-0413,轻松,大冒险,表演模仿,否,v9-expansion,用动作演出科幻电影机器人，让大家在十五秒内猜。
v9-d1-0414,轻松,大冒险,表演模仿,否,v9-expansion,模仿魔术师刚刚发现一件惊喜时的反应。
v9-d1-0415,轻松,大冒险,表演模仿,否,v9-expansion,把“今晚大家都要开心”用科幻电影机器人风格说一遍。
v9-d1-0416,轻松,大冒险,表演模仿,否,v9-expansion,用动作演出体育解说，让大家在十五秒内猜。
v9-d1-0417,轻松,大冒险,表演模仿,否,v9-expansion,把“今晚大家都要开心”用客服人员风格说一遍。
v9-d1-0418,轻松,大冒险,表演模仿,否,v9-expansion,模仿纪录片旁白刚刚发现一件惊喜时的反应。
v9-d1-0419,轻松,大冒险,表演模仿,否,v9-expansion,把“今晚大家都要开心”用导游风格说一遍。
v9-d1-0420,轻松,大冒险,表演模仿,否,v9-expansion,用动作演出天气预报员，让大家在十五秒内猜。
v9-d1-0421,轻松,大冒险,轻松补充,否,v9-expansion,用一句押韵的话形容找到丢失的东西。
v9-d1-0422,轻松,大冒险,轻松补充,否,v9-expansion,用宇航员的方式向大家推荐让房间更舒服的物品。
v9-d1-0423,轻松,大冒险,轻松补充,否,v9-expansion,在不离开座位的情况下，用三个动作表现探险家。
v9-d1-0424,轻松,大冒险,轻松补充,否,v9-expansion,用一句押韵的话形容突然想起一件事。
v9-d1-0425,轻松,大冒险,轻松补充,否,v9-expansion,用侦探的方式向大家推荐甜味食物。
v9-d1-0426,轻松,大冒险,轻松补充,否,v9-expansion,用一句押韵的话形容准备出发旅行。
v9-d1-0427,轻松,大冒险,轻松补充,否,v9-expansion,闭眼两秒后，摆出一个“完成困难任务”的表情。
v9-d1-0428,轻松,大冒险,轻松补充,否,v9-expansion,假装你正在侦探，用动作演出甜味食物。
v9-d1-0429,轻松,大冒险,轻松补充,否,v9-expansion,闭眼两秒后，摆出一个“收到好消息”的表情。
v9-d1-0430,轻松,大冒险,轻松补充,否,v9-expansion,在不离开座位的情况下，用三个动作表现电影导演。
v9-d1-0431,轻松,大冒险,轻松补充,否,v9-expansion,用电影导演的方式向大家推荐夏天常见的东西。
v9-d1-0432,轻松,大冒险,轻松补充,否,v9-expansion,用舞台主持人的方式向大家推荐夏天常见的东西。
v9-d1-0433,轻松,大冒险,轻松补充,否,v9-expansion,闭眼两秒后，摆出一个“发现惊喜”的表情。
v9-d1-0434,轻松,大冒险,轻松补充,否,v9-expansion,为诗人编一句适合旅行的东西风格口号，并大声说出来。
v9-d1-0435,轻松,大冒险,轻松补充,否,v9-expansion,用一句押韵的话形容终于下班。
v9-d1-0436,轻松,大冒险,轻松补充,否,v9-expansion,用机场广播员的方式向大家推荐会发光的东西。
v9-d1-0437,轻松,大冒险,轻松补充,否,v9-expansion,为舞台主持人编一句能送人的小东西风格口号，并大声说出来。
v9-d1-0438,轻松,大冒险,轻松补充,否,v9-expansion,连续做出“看到喜欢的食物、紧张、惊讶”三种表情，每种保持两秒。
v9-d1-0439,轻松,大冒险,轻松补充,否,v9-expansion,在不离开座位的情况下，用三个动作表现机场广播员。
v9-d1-0440,轻松,大冒险,轻松补充,否,v9-expansion,连续做出“收到好消息、疑惑、困倦”三种表情，每种保持两秒。
v9-d1-0441,轻松,大冒险,轻松补充,否,v9-expansion,假装你正在电影导演，用动作演出需要耐心的事。
v9-d1-0442,轻松,大冒险,轻松补充,否,v9-expansion,用电影导演的方式向大家推荐圆形物品。
v9-d1-0443,轻松,大冒险,轻松补充,否,v9-expansion,用探险家的方式向大家推荐适合旅行的东西。
v9-d1-0444,轻松,大冒险,轻松补充,否,v9-expansion,用一句押韵的话形容完成困难任务。
v9-d1-0445,轻松,大冒险,轻松补充,否,v9-expansion,用一句押韵的话形容中了大奖。
v9-d1-0446,轻松,大冒险,轻松补充,否,v9-expansion,用一句押韵的话形容发现惊喜。
v9-d1-0447,轻松,大冒险,轻松补充,否,v9-expansion,用动物园讲解员语气在十秒内说出三种需要耐心的事。
v9-d1-0448,轻松,大冒险,轻松补充,否,v9-expansion,为侦探编一句周末活动风格口号，并大声说出来。
v9-d1-0449,轻松,大冒险,轻松补充,否,v9-expansion,闭眼两秒后，摆出一个“中了大奖”的表情。
v9-d1-0450,轻松,大冒险,轻松补充,否,v9-expansion,用厨师语气在十秒内说出三种圆形物品。
v9-d1-0451,轻松,大冒险,轻松补充,否,v9-expansion,用舞台主持人语气在十秒内说出三种能送人的小东西。
v9-d1-0452,轻松,大冒险,轻松补充,否,v9-expansion,连续做出“突然想起一件事、放松、惊讶”三种表情，每种保持两秒。
v9-d1-0453,轻松,大冒险,轻松补充,否,v9-expansion,假装你正在舞台主持人，用动作演出能送人的小东西。
v9-d1-0454,轻松,大冒险,轻松补充,否,v9-expansion,假装你正在探险家，用动作演出周末活动。
v9-d1-0455,轻松,大冒险,轻松补充,否,v9-expansion,连续做出“突然想起一件事、开心、困倦”三种表情，每种保持两秒。
v9-d1-0456,轻松,大冒险,轻松补充,否,v9-expansion,假装你正在诗人，用动作演出让房间更舒服的物品。
v9-d1-0457,轻松,大冒险,轻松补充,否,v9-expansion,用一句押韵的话形容被朋友夸奖。
v9-d1-0458,轻松,大冒险,轻松补充,否,v9-expansion,连续做出“突然想起一件事、开心、惊讶”三种表情，每种保持两秒。
v9-d1-0459,轻松,大冒险,轻松补充,否,v9-expansion,为探险家编一句圆形物品风格口号，并大声说出来。
v9-d1-0460,轻松,大冒险,轻松补充,否,v9-expansion,在不离开座位的情况下，用三个动作表现诗人。
v9-d1-0461,轻松,大冒险,轻松补充,否,v9-expansion,用机场广播员的方式向大家推荐夏天常见的东西。
v9-d1-0462,轻松,大冒险,轻松补充,否,v9-expansion,用舞台主持人语气在十秒内说出三种周末活动。
v9-d1-0463,轻松,大冒险,轻松补充,否,v9-expansion,用游戏主播的方式向大家推荐周末活动。
v9-d1-0464,轻松,大冒险,轻松补充,否,v9-expansion,闭眼两秒后，摆出一个“准备出发旅行”的表情。
t201,标准,真心话,历史题库,否,v8,你最近一次假装没事，其实心里很在意的事情是什么？
t202,标准,真心话,历史题库,否,v8,你曾经对一个人的第一印象错得有多离谱？
t203,标准,真心话,历史题库,否,v8,你最想改掉但一直没改掉的习惯是什么？
t204,标准,真心话,历史题库,否,v8,你做过最冲动的一次决定是什么？
t205,标准,真心话,历史题库,否,v8,你人生中最尴尬的一次公开场面是什么？
t206,标准,真心话,历史题库,否,v8,你最害怕被别人误解成怎样的人？
t207,标准,真心话,历史题库,否,v8,现场谁最可能在关键时刻保持冷静？
t208,标准,真心话,历史题库,否,v8,如果能删除一段记忆，你会删除哪一段？
t209,标准,真心话,历史题库,否,v8,你最后悔没有及时说出口的一句话是什么？
t210,标准,真心话,历史题库,否,v8,你对朋友撒过最无伤大雅的谎是什么？
t211,标准,真心话,历史题库,否,v8,你最不能接受别人触碰你的哪条边界？
t212,标准,真心话,历史题库,否,v8,你曾经为了融入群体做过什么违心的事？
t213,标准,真心话,历史题库,否,v8,哪一次失败对你的影响最大？
t214,标准,真心话,历史题库,否,v8,你认为自己在人际关系里最大的弱点是什么？
t215,标准,真心话,历史题库,否,v8,你最近羡慕过谁？羡慕对方什么？
t216,标准,真心话,历史题库,否,v8,现场谁最适合成为你的工作搭档？
t217,标准,真心话,历史题库,否,v8,如果必须向现场一人道歉，你会选谁、为什么？
t218,标准,真心话,历史题库,否,v8,你最想证明给某个人看的一件事是什么？
v9-t2-0465,标准,真心话,人际关系,否,v9-expansion,关于迟到，你认为关系里最公平的处理方式是什么？
v9-t2-0466,标准,真心话,自我认知,否,v9-expansion,别人对你处理请求帮助的评价，哪一句最准确？
v9-t2-0467,标准,真心话,成长经历,否,v9-expansion,你经历过最意外的一次计划落空是什么？
v9-t2-0468,标准,真心话,标准坦诚,否,v9-expansion,你最近一次改变对某个人看法的原因是什么？
v9-t2-0469,标准,真心话,价值选择,否,v9-expansion,在原则和关系之间，你现在更看重哪一个？
v9-t2-0470,标准,真心话,人际关系,否,v9-expansion,关于占用私人时间，你认为关系里最公平的处理方式是什么？
v9-t2-0471,标准,真心话,自我认知,否,v9-expansion,你最想改善自己处理接受赞美的哪一种方式？
v9-t2-0472,标准,真心话,成长经历,否,v9-expansion,关于被拒绝，你现在最想提醒过去的自己什么？
v9-t2-0473,标准,真心话,标准坦诚,否,v9-expansion,你最希望别人尊重你的哪一种生活选择？
v9-t2-0474,标准,真心话,价值选择,否,v9-expansion,如果必须为了梦想放弃一部分现实，你的底线在哪里？
v9-t2-0475,标准,真心话,人际关系,否,v9-expansion,你曾经因为占用私人时间和一个人变得疏远吗？
v9-t2-0476,标准,真心话,自我认知,否,v9-expansion,哪一次关于接受赞美的经历，让你重新认识了自己？
v9-t2-0477,标准,真心话,成长经历,否,v9-expansion,哪一次失败让你学会不要太在意别人的看法？
v9-t2-0478,标准,真心话,标准坦诚,否,v9-expansion,你有没有维持过一段已经不舒服、但不敢结束的关系？
v9-t2-0479,标准,真心话,价值选择,否,v9-expansion,如果必须为了团队合作放弃一部分独立完成，你的底线在哪里？
v9-t2-0480,标准,真心话,人际关系,否,v9-expansion,你曾经因为送礼物和一个人变得疏远吗？
v9-t2-0481,标准,真心话,自我认知,否,v9-expansion,你在情绪管理方面最容易高估自己，还是低估自己？
v9-t2-0482,标准,真心话,成长经历,否,v9-expansion,哪一次改变习惯让你学会不要太在意别人的看法？
v9-t2-0483,标准,真心话,标准坦诚,否,v9-expansion,你做决定时最容易被谁的意见影响？
v9-t2-0484,标准,真心话,价值选择,否,v9-expansion,在结果和过程之间，你现在更看重哪一个？
v9-t2-0485,标准,真心话,人际关系,否,v9-expansion,你曾经因为提出不同意见和一个人变得疏远吗？
v9-t2-0486,标准,真心话,自我认知,否,v9-expansion,别人对你处理接受赞美的评价，哪一句最准确？
v9-t2-0487,标准,真心话,成长经历,否,v9-expansion,关于接受帮助，你现在最想提醒过去的自己什么？
v9-t2-0488,标准,真心话,标准坦诚,否,v9-expansion,你最难承认自己在哪件事上判断错了？
v9-t2-0489,标准,真心话,价值选择,否,v9-expansion,在被认可和内心满足之间，你现在更看重哪一个？
v9-t2-0490,标准,真心话,人际关系,否,v9-expansion,当朋友在处理误会上让你不舒服时，你通常会直接沟通还是先观察？
v9-t2-0491,标准,真心话,自我认知,否,v9-expansion,你在面对批评方面最容易高估自己，还是低估自己？
v9-t2-0492,标准,真心话,成长经历,否,v9-expansion,关于计划落空，你现在最想提醒过去的自己什么？
v9-t2-0493,标准,真心话,标准坦诚,否,v9-expansion,你最不希望别人替你做哪一种决定？
v9-t2-0494,标准,真心话,价值选择,否,v9-expansion,如果必须为了表达情绪放弃一部分保持冷静，你的底线在哪里？
v9-t2-0495,标准,真心话,人际关系,否,v9-expansion,你曾经因为处理误会和一个人变得疏远吗？
v9-t2-0496,标准,真心话,自我认知,否,v9-expansion,你在做决定方面最容易高估自己，还是低估自己？
v9-t2-0497,标准,真心话,成长经历,否,v9-expansion,关于结束合作，你现在和三年前最大的不同是什么？
v9-t2-0498,标准,真心话,标准坦诚,否,v9-expansion,你最近一次嘴上说“没关系”，心里其实很在意的事是什么？
v9-t2-0499,标准,真心话,价值选择,否,v9-expansion,在帮助别人和保护自己之间，你现在更看重哪一个？
v9-t2-0500,标准,真心话,人际关系,否,v9-expansion,关于开玩笑的尺度，你认为关系里最公平的处理方式是什么？
v9-t2-0501,标准,真心话,自我认知,否,v9-expansion,别人对你处理管理金钱的评价，哪一句最准确？
v9-t2-0502,标准,真心话,成长经历,否,v9-expansion,你经历过最意外的一次独自解决问题是什么？
v9-t2-0503,标准,真心话,标准坦诚,否,v9-expansion,你最想向过去的哪一个自己道歉？
v9-t2-0504,标准,真心话,价值选择,否,v9-expansion,你认为稳定关系和个人空间哪一个更难长期维持？为什么？
v9-t2-0505,标准,真心话,人际关系,否,v9-expansion,你最难接受朋友在保守秘密方面怎样对待你？
v9-t2-0506,标准,真心话,自我认知,否,v9-expansion,你在表达需求方面最容易高估自己，还是低估自己？
v9-t2-0507,标准,真心话,成长经历,否,v9-expansion,你经历过最意外的一次公开出错是什么？
v9-t2-0508,标准,真心话,标准坦诚,否,v9-expansion,你有没有因为怕麻烦别人而错过一次求助？
v9-t2-0509,标准,真心话,价值选择,否,v9-expansion,如果必须为了长期目标放弃一部分当下快乐，你的底线在哪里？
v9-t2-0510,标准,真心话,人际关系,否,v9-expansion,你曾经因为借钱和一个人变得疏远吗？
v9-t2-0511,标准,真心话,自我认知,否,v9-expansion,哪一次关于平衡工作与生活的经历，让你重新认识了自己？
v9-t2-0512,标准,真心话,成长经历,否,v9-expansion,关于改变习惯，你现在和三年前最大的不同是什么？
v9-t2-0513,标准,真心话,标准坦诚,否,v9-expansion,你最近一次真正改变主意，是被什么说服的？
v9-t2-0514,标准,真心话,价值选择,否,v9-expansion,在拥有更多和需要更少之间，你现在更看重哪一个？
v9-t2-0515,标准,真心话,人际关系,否,v9-expansion,你最难接受朋友在迟到方面怎样对待你？
v9-t2-0516,标准,真心话,自我认知,否,v9-expansion,别人对你处理面对批评的评价，哪一句最准确？
v9-t2-0517,标准,真心话,成长经历,否,v9-expansion,哪一次承担责任让你学会不要太在意别人的看法？
v9-t2-0518,标准,真心话,价值选择,否,v9-expansion,如果必须为了独立放弃一部分被照顾，你的底线在哪里？
v9-t2-0519,标准,真心话,人际关系,否,v9-expansion,关于提出不同意见，你认为关系里最公平的处理方式是什么？
v9-t2-0520,标准,真心话,自我认知,否,v9-expansion,你最想改善自己处理照顾自己的哪一种方式？
v9-t2-0521,标准,真心话,成长经历,否,v9-expansion,哪一次误会让你学会不要太在意别人的看法？
v9-t2-0522,标准,真心话,价值选择,否,v9-expansion,你认为勇敢和谨慎哪一个更难长期维持？为什么？
v9-t2-0523,标准,真心话,人际关系,否,v9-expansion,你曾经因为表达嫉妒和一个人变得疏远吗？
v9-t2-0524,标准,真心话,自我认知,否,v9-expansion,哪一次关于承认错误的经历，让你重新认识了自己？
v9-t2-0525,标准,真心话,成长经历,否,v9-expansion,关于考试或面试失利，你现在最想提醒过去的自己什么？
v9-t2-0526,标准,真心话,价值选择,否,v9-expansion,你认为拥有更多和需要更少哪一个更难长期维持？为什么？
v9-t2-0527,标准,真心话,人际关系,否,v9-expansion,你最难接受朋友在讨论收入方面怎样对待你？
v9-t2-0528,标准,真心话,自我认知,否,v9-expansion,别人对你处理拒绝别人的评价，哪一句最准确？
v9-t2-0529,标准,真心话,成长经历,否,v9-expansion,关于独自解决问题，你现在和三年前最大的不同是什么？
v9-t2-0530,标准,真心话,价值选择,否,v9-expansion,在熟悉环境和新城市之间，你现在更看重哪一个？
v9-t2-0531,标准,真心话,人际关系,否,v9-expansion,关于回复消息，你认为关系里最公平的处理方式是什么？
v9-t2-0532,标准,真心话,自我认知,否,v9-expansion,你在坚持计划方面最容易高估自己，还是低估自己？
v9-t2-0533,标准,真心话,成长经历,否,v9-expansion,哪一次结束合作让你学会不要太在意别人的看法？
v9-t2-0534,标准,真心话,价值选择,否,v9-expansion,你认为安全感和新鲜感哪一个更难长期维持？为什么？
v9-t2-0535,标准,真心话,人际关系,否,v9-expansion,你曾经因为请求帮忙和一个人变得疏远吗？
v9-t2-0536,标准,真心话,自我认知,否,v9-expansion,别人对你处理照顾自己的评价，哪一句最准确？
v9-t2-0537,标准,真心话,成长经历,否,v9-expansion,哪一次搬家让你学会不要太在意别人的看法？
v9-t2-0538,标准,真心话,价值选择,否,v9-expansion,如果必须为了稳定关系放弃一部分个人空间，你的底线在哪里？
v9-t2-0539,标准,真心话,人际关系,否,v9-expansion,当朋友在借钱上让你不舒服时，你通常会直接沟通还是先观察？
v9-t2-0540,标准,真心话,自我认知,否,v9-expansion,你最想改善自己处理时间安排的哪一种方式？
v9-t2-0541,标准,真心话,成长经历,否,v9-expansion,你经历过最意外的一次第一次独自旅行是什么？
v9-t2-0542,标准,真心话,价值选择,否,v9-expansion,如果必须为了快速决定放弃一部分充分考虑，你的底线在哪里？
v9-t2-0543,标准,真心话,人际关系,否,v9-expansion,你最难接受朋友在共同朋友方面怎样对待你？
v9-t2-0544,标准,真心话,自我认知,否,v9-expansion,哪一次关于照顾自己的经历，让你重新认识了自己？
v9-t2-0545,标准,真心话,成长经历,否,v9-expansion,哪一次友情变化让你学会不要太在意别人的看法？
v9-t2-0546,标准,真心话,价值选择,否,v9-expansion,你认为直接沟通和留出空间哪一个更难长期维持？为什么？
v9-t2-0547,标准,真心话,人际关系,否,v9-expansion,你曾经因为讨论收入和一个人变得疏远吗？
v9-t2-0548,标准,真心话,自我认知,否,v9-expansion,哪一次关于拒绝别人的经历，让你重新认识了自己？
v9-t2-0549,标准,真心话,成长经历,否,v9-expansion,你经历过最意外的一次放弃一个目标是什么？
v9-t2-0550,标准,真心话,价值选择,否,v9-expansion,如果必须为了体面放弃一部分坦诚，你的底线在哪里？
v9-t2-0551,标准,真心话,人际关系,否,v9-expansion,当朋友在分享坏情绪上让你不舒服时，你通常会直接沟通还是先观察？
v9-t2-0552,标准,真心话,自我认知,否,v9-expansion,你最想改善自己处理面对冲突的哪一种方式？
v9-t2-0553,标准,真心话,成长经历,否,v9-expansion,关于放弃一个目标，你现在最想提醒过去的自己什么？
v9-t2-0554,标准,真心话,价值选择,否,v9-expansion,在梦想和现实之间，你现在更看重哪一个？
v9-t2-0555,标准,真心话,人际关系,否,v9-expansion,关于保守秘密，你认为关系里最公平的处理方式是什么？
v9-t2-0556,标准,真心话,自我认知,否,v9-expansion,哪一次关于情绪管理的经历，让你重新认识了自己？
v9-t2-0557,标准,真心话,成长经历,否,v9-expansion,你经历过最意外的一次失败是什么？
v9-t2-0558,标准,真心话,价值选择,否,v9-expansion,在体面和坦诚之间，你现在更看重哪一个？
v9-t2-0559,标准,真心话,人际关系,否,v9-expansion,关于借钱，你认为关系里最公平的处理方式是什么？
v9-t2-0560,标准,真心话,自我认知,否,v9-expansion,哪一次关于时间安排的经历，让你重新认识了自己？
v9-t2-0561,标准,真心话,成长经历,否,v9-expansion,关于搬家，你现在最想提醒过去的自己什么？
v9-t2-0562,标准,真心话,价值选择,否,v9-expansion,如果必须为了被认可放弃一部分内心满足，你的底线在哪里？
v9-t2-0563,标准,真心话,人际关系,否,v9-expansion,你最难接受朋友在保持联系频率方面怎样对待你？
v9-t2-0564,标准,真心话,自我认知,否,v9-expansion,哪一次关于坚持计划的经历，让你重新认识了自己？
v9-t2-0565,标准,真心话,成长经历,否,v9-expansion,你经历过最意外的一次向别人道歉是什么？
v9-t2-0566,标准,真心话,价值选择,否,v9-expansion,如果必须为了熟悉环境放弃一部分新城市，你的底线在哪里？
v9-t2-0567,标准,真心话,人际关系,否,v9-expansion,当朋友在占用私人时间上让你不舒服时，你通常会直接沟通还是先观察？
v9-t2-0568,标准,真心话,自我认知,否,v9-expansion,你最想改善自己处理承担压力的哪一种方式？
v9-t2-0569,标准,真心话,成长经历,否,v9-expansion,关于友情变化，你现在最想提醒过去的自己什么？
v9-t2-0570,标准,真心话,价值选择,否,v9-expansion,你认为表达情绪和保持冷静哪一个更难长期维持？为什么？
v9-t2-0571,标准,真心话,人际关系,否,v9-expansion,当朋友在公开评价你上让你不舒服时，你通常会直接沟通还是先观察？
v9-t2-0572,标准,真心话,自我认知,否,v9-expansion,你最想改善自己处理面对批评的哪一种方式？
v9-t2-0573,标准,真心话,成长经历,否,v9-expansion,哪一次向别人道歉让你学会不要太在意别人的看法？
v9-t2-0574,标准,真心话,价值选择,否,v9-expansion,你认为体面和坦诚哪一个更难长期维持？为什么？
v9-t2-0575,标准,真心话,人际关系,否,v9-expansion,当朋友在临时爽约上让你不舒服时，你通常会直接沟通还是先观察？
v9-t2-0576,标准,真心话,自我认知,否,v9-expansion,哪一次关于做决定的经历，让你重新认识了自己？
v9-t2-0577,标准,真心话,成长经历,否,v9-expansion,关于向别人道歉，你现在和三年前最大的不同是什么？
v9-t2-0578,标准,真心话,价值选择,否,v9-expansion,如果必须为了公平放弃一部分人情，你的底线在哪里？
v9-t2-0579,标准,真心话,人际关系,否,v9-expansion,你最难接受朋友在开玩笑的尺度方面怎样对待你？
v9-t2-0580,标准,真心话,自我认知,否,v9-expansion,哪一次关于表达需求的经历，让你重新认识了自己？
v9-t2-0581,标准,真心话,成长经历,否,v9-expansion,关于失败，你现在和三年前最大的不同是什么？
v9-t2-0582,标准,真心话,价值选择,否,v9-expansion,你认为计划和即兴哪一个更难长期维持？为什么？
v9-t2-0583,标准,真心话,人际关系,否,v9-expansion,当朋友在回复消息上让你不舒服时，你通常会直接沟通还是先观察？
v9-t2-0584,标准,真心话,自我认知,否,v9-expansion,你最想改善自己处理接受变化的哪一种方式？
v9-t2-0585,标准,真心话,成长经历,否,v9-expansion,你经历过最意外的一次友情变化是什么？
v9-t2-0586,标准,真心话,价值选择,否,v9-expansion,如果必须为了拥有更多放弃一部分需要更少，你的底线在哪里？
v9-t2-0587,标准,真心话,人际关系,否,v9-expansion,你最难接受朋友在提出不同意见方面怎样对待你？
v9-t2-0588,标准,真心话,自我认知,否,v9-expansion,你在请求帮助方面最容易高估自己，还是低估自己？
v9-t2-0589,标准,真心话,成长经历,否,v9-expansion,你经历过最意外的一次接受帮助是什么？
v9-t2-0590,标准,真心话,价值选择,否,v9-expansion,在冒险和确定性之间，你现在更看重哪一个？
v9-t2-0591,标准,真心话,人际关系,否,v9-expansion,关于临时爽约，你认为关系里最公平的处理方式是什么？
v9-t2-0592,标准,真心话,自我认知,否,v9-expansion,你在处理失望方面最容易高估自己，还是低估自己？
v9-t2-0593,标准,真心话,成长经历,否,v9-expansion,关于接受帮助，你现在和三年前最大的不同是什么？
v9-t2-0594,标准,真心话,价值选择,否,v9-expansion,在公平和人情之间，你现在更看重哪一个？
v9-t2-0595,标准,真心话,人际关系,否,v9-expansion,你最难接受朋友在分享坏情绪方面怎样对待你？
v9-t2-0596,标准,真心话,自我认知,否,v9-expansion,哪一次关于面对批评的经历，让你重新认识了自己？
v9-t2-0597,标准,真心话,成长经历,否,v9-expansion,关于做出艰难选择，你现在和三年前最大的不同是什么？
v9-t2-0598,标准,真心话,价值选择,否,v9-expansion,在广泛社交和少数知己之间，你现在更看重哪一个？
v9-t2-0599,标准,真心话,人际关系,否,v9-expansion,关于分配责任，你认为关系里最公平的处理方式是什么？
v9-t2-0600,标准,真心话,自我认知,否,v9-expansion,你最想改善自己处理请求帮助的哪一种方式？
v9-t2-0601,标准,真心话,成长经历,否,v9-expansion,哪一次失去机会让你学会不要太在意别人的看法？
v9-t2-0602,标准,真心话,价值选择,否,v9-expansion,在直接沟通和留出空间之间，你现在更看重哪一个？
v9-t2-0603,标准,真心话,人际关系,否,v9-expansion,你最难接受朋友在回复消息方面怎样对待你？
v9-t2-0604,标准,真心话,自我认知,否,v9-expansion,别人对你处理接受变化的评价，哪一句最准确？
v9-t2-0605,标准,真心话,成长经历,否,v9-expansion,关于重新开始，你现在和三年前最大的不同是什么？
v9-t2-0606,标准,真心话,价值选择,否,v9-expansion,在快速决定和充分考虑之间，你现在更看重哪一个？
v9-t2-0607,标准,真心话,人际关系,否,v9-expansion,你曾经因为分配责任和一个人变得疏远吗？
v9-t2-0608,标准,真心话,自我认知,否,v9-expansion,你在平衡工作与生活方面最容易高估自己，还是低估自己？
v9-t2-0609,标准,真心话,成长经历,否,v9-expansion,关于误会，你现在和三年前最大的不同是什么？
v9-t2-0610,标准,真心话,价值选择,否,v9-expansion,如果必须为了原则放弃一部分关系，你的底线在哪里？
v9-t2-0611,标准,真心话,人际关系,否,v9-expansion,当朋友在送礼物上让你不舒服时，你通常会直接沟通还是先观察？
v9-t2-0612,标准,真心话,自我认知,否,v9-expansion,你最想改善自己处理拒绝别人的哪一种方式？
v9-t2-0613,标准,真心话,成长经历,否,v9-expansion,你经历过最意外的一次改变习惯是什么？
v9-t2-0614,标准,真心话,价值选择,否,v9-expansion,如果必须为了计划放弃一部分即兴，你的底线在哪里？
v9-t2-0615,标准,真心话,人际关系,否,v9-expansion,关于规划旅行，你认为关系里最公平的处理方式是什么？
v9-t2-0616,标准,真心话,自我认知,否,v9-expansion,别人对你处理承认错误的评价，哪一句最准确？
v9-t2-0617,标准,真心话,成长经历,否,v9-expansion,你经历过最意外的一次搬家是什么？
v9-t2-0618,标准,真心话,价值选择,否,v9-expansion,在公开赞美和私下支持之间，你现在更看重哪一个？
v9-t2-0619,标准,真心话,人际关系,否,v9-expansion,你曾经因为迟到和一个人变得疏远吗？
v9-t2-0620,标准,真心话,自我认知,否,v9-expansion,你最想改善自己处理建立新关系的哪一种方式？
v9-t2-0621,标准,真心话,成长经历,否,v9-expansion,关于考试或面试失利，你现在和三年前最大的不同是什么？
v9-t2-0622,标准,真心话,价值选择,否,v9-expansion,如果必须为了结果放弃一部分过程，你的底线在哪里？
v9-t2-0623,标准,真心话,人际关系,否,v9-expansion,当朋友在迟到上让你不舒服时，你通常会直接沟通还是先观察？
v9-t2-0624,标准,真心话,自我认知,否,v9-expansion,你在承担压力方面最容易高估自己，还是低估自己？
v9-t2-0625,标准,真心话,成长经历,否,v9-expansion,关于友情变化，你现在和三年前最大的不同是什么？
v9-t2-0626,标准,真心话,价值选择,否,v9-expansion,你认为金钱和时间哪一个更难长期维持？为什么？
v9-t2-0627,标准,真心话,人际关系,否,v9-expansion,你最难接受朋友在分配责任方面怎样对待你？
v9-t2-0628,标准,真心话,自我认知,否,v9-expansion,别人对你处理公开发言的评价，哪一句最准确？
v9-t2-0629,标准,真心话,成长经历,否,v9-expansion,关于离职或换环境，你现在最想提醒过去的自己什么？
v9-t2-0630,标准,真心话,价值选择,否,v9-expansion,如果必须为了安全感放弃一部分新鲜感，你的底线在哪里？
v9-t2-0631,标准,真心话,人际关系,否,v9-expansion,当朋友在请求帮忙上让你不舒服时，你通常会直接沟通还是先观察？
v9-t2-0632,标准,真心话,自我认知,否,v9-expansion,你在接受赞美方面最容易高估自己，还是低估自己？
v9-t2-0633,标准,真心话,成长经历,否,v9-expansion,哪一次重新开始让你学会不要太在意别人的看法？
v9-t2-0634,标准,真心话,价值选择,否,v9-expansion,如果必须为了勇敢放弃一部分谨慎，你的底线在哪里？
v9-t2-0635,标准,真心话,人际关系,否,v9-expansion,关于共同朋友，你认为关系里最公平的处理方式是什么？
v9-t2-0636,标准,真心话,自我认知,否,v9-expansion,哪一次关于管理金钱的经历，让你重新认识了自己？
v9-t2-0637,标准,真心话,成长经历,否,v9-expansion,你经历过最意外的一次重新开始是什么？
v9-t2-0638,标准,真心话,价值选择,否,v9-expansion,你认为被理解和被尊重哪一个更难长期维持？为什么？
v9-t2-0639,标准,真心话,人际关系,否,v9-expansion,你最难接受朋友在道歉方面怎样对待你？
v9-t2-0640,标准,真心话,自我认知,否,v9-expansion,你最想改善自己处理管理金钱的哪一种方式？
v9-t2-0641,标准,真心话,成长经历,否,v9-expansion,关于失去机会，你现在最想提醒过去的自己什么？
v9-t2-0642,标准,真心话,价值选择,否,v9-expansion,你认为广泛社交和少数知己哪一个更难长期维持？为什么？
v9-t2-0643,标准,真心话,人际关系,否,v9-expansion,当朋友在讨论收入上让你不舒服时，你通常会直接沟通还是先观察？
v9-t2-0644,标准,真心话,自我认知,否,v9-expansion,别人对你处理保持专注的评价，哪一句最准确？
v9-t2-0645,标准,真心话,成长经历,否,v9-expansion,关于结束合作，你现在最想提醒过去的自己什么？
v9-t2-0646,标准,真心话,价值选择,否,v9-expansion,在安全感和新鲜感之间，你现在更看重哪一个？
v9-t2-0647,标准,真心话,人际关系,否,v9-expansion,你曾经因为道歉和一个人变得疏远吗？
v9-t2-0648,标准,真心话,自我认知,否,v9-expansion,别人对你处理时间安排的评价，哪一句最准确？
v9-t2-0649,标准,真心话,成长经历,否,v9-expansion,关于公开出错，你现在最想提醒过去的自己什么？
v9-t2-0650,标准,真心话,价值选择,否,v9-expansion,如果必须为了高收入放弃一部分低压力，你的底线在哪里？
v9-t2-0651,标准,真心话,人际关系,否,v9-expansion,当朋友在规划旅行上让你不舒服时，你通常会直接沟通还是先观察？
v9-t2-0652,标准,真心话,自我认知,否,v9-expansion,你最想改善自己处理情绪管理的哪一种方式？
v9-t2-0653,标准,真心话,成长经历,否,v9-expansion,关于第一次独自旅行，你现在最想提醒过去的自己什么？
v9-t2-0654,标准,真心话,价值选择,否,v9-expansion,如果必须为了事业机会放弃一部分陪伴，你的底线在哪里？
v9-t2-0655,标准,真心话,人际关系,否,v9-expansion,你曾经因为开玩笑的尺度和一个人变得疏远吗？
v9-t2-0656,标准,真心话,自我认知,否,v9-expansion,别人对你处理情绪管理的评价，哪一句最准确？
v9-t2-0657,标准,真心话,成长经历,否,v9-expansion,你经历过最意外的一次失去机会是什么？
v9-t2-0658,标准,真心话,价值选择,否,v9-expansion,如果必须为了冒险放弃一部分确定性，你的底线在哪里？
v9-t2-0659,标准,真心话,人际关系,否,v9-expansion,你最难接受朋友在表达嫉妒方面怎样对待你？
v9-t2-0660,标准,真心话,自我认知,否,v9-expansion,哪一次关于接受变化的经历，让你重新认识了自己？
v9-t2-0661,标准,真心话,成长经历,否,v9-expansion,你经历过最意外的一次考试或面试失利是什么？
v9-t2-0662,标准,真心话,价值选择,否,v9-expansion,你认为原则和关系哪一个更难长期维持？为什么？
v9-t2-0663,标准,真心话,人际关系,否,v9-expansion,你最难接受朋友在规划旅行方面怎样对待你？
v9-t2-0664,标准,真心话,自我认知,否,v9-expansion,哪一次关于公开发言的经历，让你重新认识了自己？
v9-t2-0665,标准,真心话,成长经历,否,v9-expansion,你经历过最意外的一次离职或换环境是什么？
v9-t2-0666,标准,真心话,价值选择,否,v9-expansion,如果必须为了金钱放弃一部分时间，你的底线在哪里？
v9-t2-0667,标准,真心话,人际关系,否,v9-expansion,关于公开评价你，你认为关系里最公平的处理方式是什么？
v9-t2-0668,标准,真心话,自我认知,否,v9-expansion,你最想改善自己处理平衡工作与生活的哪一种方式？
v9-t2-0669,标准,真心话,成长经历,否,v9-expansion,关于独自解决问题，你现在最想提醒过去的自己什么？
v9-t2-0670,标准,真心话,价值选择,否,v9-expansion,如果必须为了稳定放弃一部分自由，你的底线在哪里？
v9-t2-0671,标准,真心话,人际关系,否,v9-expansion,你曾经因为分享坏情绪和一个人变得疏远吗？
v9-t2-0672,标准,真心话,自我认知,否,v9-expansion,你最想改善自己处理承认错误的哪一种方式？
v9-t2-0673,标准,真心话,成长经历,否,v9-expansion,你经历过最意外的一次误会是什么？
v9-t2-0674,标准,真心话,价值选择,否,v9-expansion,在被理解和被尊重之间，你现在更看重哪一个？
v9-t2-0675,标准,真心话,人际关系,否,v9-expansion,当朋友在共同朋友上让你不舒服时，你通常会直接沟通还是先观察？
v9-t2-0676,标准,真心话,自我认知,否,v9-expansion,哪一次关于保持专注的经历，让你重新认识了自己？
v9-t2-0677,标准,真心话,成长经历,否,v9-expansion,哪一次接受帮助让你学会不要太在意别人的看法？
v9-t2-0678,标准,真心话,价值选择,否,v9-expansion,你认为效率和生活质量哪一个更难长期维持？为什么？
v9-t2-0679,标准,真心话,人际关系,否,v9-expansion,你最难接受朋友在临时爽约方面怎样对待你？
v9-t2-0680,标准,真心话,自我认知,否,v9-expansion,你最想改善自己处理表达需求的哪一种方式？
v9-t2-0681,标准,真心话,成长经历,否,v9-expansion,关于失去机会，你现在和三年前最大的不同是什么？
v9-t2-0682,标准,真心话,价值选择,否,v9-expansion,你认为熟悉环境和新城市哪一个更难长期维持？为什么？
v9-t2-0683,标准,真心话,人际关系,否,v9-expansion,关于处理误会，你认为关系里最公平的处理方式是什么？
v9-t2-0684,标准,真心话,自我认知,否,v9-expansion,你在时间安排方面最容易高估自己，还是低估自己？
v9-t2-0685,标准,真心话,成长经历,否,v9-expansion,关于失败，你现在最想提醒过去的自己什么？
v9-t2-0686,标准,真心话,价值选择,否,v9-expansion,你认为坚持和及时止损哪一个更难长期维持？为什么？
v9-t2-0687,标准,真心话,人际关系,否,v9-expansion,你最难接受朋友在公开评价你方面怎样对待你？
v9-t2-0688,标准,真心话,自我认知,否,v9-expansion,你在照顾自己方面最容易高估自己，还是低估自己？
v9-t2-0689,标准,真心话,成长经历,否,v9-expansion,哪一次离职或换环境让你学会不要太在意别人的看法？
v9-t2-0690,标准,真心话,价值选择,否,v9-expansion,如果必须为了帮助别人放弃一部分保护自己，你的底线在哪里？
v9-t2-0691,标准,真心话,人际关系,否,v9-expansion,你最难接受朋友在占用私人时间方面怎样对待你？
v9-t2-0692,标准,真心话,自我认知,否,v9-expansion,别人对你处理表达需求的评价，哪一句最准确？
v9-t2-0693,标准,真心话,成长经历,否,v9-expansion,哪一次考试或面试失利让你学会不要太在意别人的看法？
v9-t2-0694,标准,真心话,价值选择,否,v9-expansion,你认为冒险和确定性哪一个更难长期维持？为什么？
v9-t2-0695,标准,真心话,人际关系,否,v9-expansion,关于道歉，你认为关系里最公平的处理方式是什么？
v9-t2-0696,标准,真心话,自我认知,否,v9-expansion,你最想改善自己处理保持专注的哪一种方式？
d201,标准,大冒险,历史题库,否,v8,选择一位玩家，与对方进行十五秒不笑对视。
d202,标准,大冒险,历史题库,否,v8,让大家给你三个关键词，并立即编成一句自我介绍。
d203,标准,大冒险,历史题库,否,v8,即兴跳舞二十秒，其他人负责打拍子。
d204,标准,大冒险,历史题库,否,v8,演一段偶像剧式告白，对象可以是一件物品。
d205,标准,大冒险,历史题库,否,v8,选择一位玩家，认真说出对方三个优点。
d206,标准,大冒险,历史题库,否,v8,用夸张情绪朗读屏幕上的这条惩罚。
d207,标准,大冒险,历史题库,否,v8,让现场玩家为你设计一个新昵称，本轮内使用。
d208,标准,大冒险,历史题库,否,v8,用三十秒表演“迟到后努力解释”的场景。
d209,标准,大冒险,历史题库,否,v8,任选两位玩家，为他们即兴主持一场颁奖礼。
d210,标准,大冒险,历史题库,否,v8,接受大家指定的一个安全自拍表情，坚持十秒。
d211,标准,大冒险,历史题库,否,v8,模仿一位大家都认识的影视角色，直到猜中。
d212,标准,大冒险,历史题库,否,v8,用一句土味情话称赞右手边的玩家。
d213,标准,大冒险,历史题库,否,v8,用不同语气连续说三遍“这局不算”。
d214,标准,大冒险,历史题库,否,v8,让一位玩家给你出三个词，现场编成小故事。
d215,标准,大冒险,历史题库,否,v8,以天气预报的形式描述现场气氛。
d216,标准,大冒险,历史题库,否,v8,表演一段没有音乐的走秀。
d217,标准,大冒险,历史题库,否,v8,闭眼听三位玩家各说一句话，猜出是谁。
d218,标准,大冒险,历史题库,否,v8,选择一位玩家，交换座位并模仿对方一分钟。
v9-d2-0697,标准,大冒险,尴尬模拟,否,v9-expansion,模拟一次“把秘密说漏嘴”，最后必须用一句话圆场。
v9-d2-0698,标准,大冒险,即兴表达,否,v9-expansion,用二十秒讲一个关于迟到的即兴故事，必须出现“雨伞”。
v9-d2-0699,标准,大冒险,社交挑战,是,v9-expansion,选一位玩家，用三个具体事实说明对方为什么适合当队友。
v9-d2-0700,标准,大冒险,语言限制,否,v9-expansion,在二十秒内解释“怎样判断朋友是否真诚”，但不能使用“感觉”这个词。
v9-d2-0701,标准,大冒险,尴尬模拟,否,v9-expansion,模拟一次“忘记别人名字”，最后必须用一句话圆场。
v9-d2-0702,标准,大冒险,即兴表达,否,v9-expansion,用二十秒讲一个关于保守秘密的即兴故事，必须出现“月亮”。
v9-d2-0703,标准,大冒险,社交挑战,是,v9-expansion,让大家指定一位玩家，你要为对方设计一句真人秀式出场介绍。
v9-d2-0704,标准,大冒险,语言限制,否,v9-expansion,在二十秒内解释“怎样判断朋友是否真诚”，但不能使用“问题”这个词。
v9-d2-0705,标准,大冒险,尴尬模拟,否,v9-expansion,演出你在“夸错对象”时内心和表面完全不同的反应。
v9-d2-0706,标准,大冒险,即兴表达,否,v9-expansion,用二十秒讲一个关于误会的即兴故事，必须出现“电梯”。
v9-d2-0707,标准,大冒险,社交挑战,是,v9-expansion,让大家指定一位玩家，你要为对方设计一句悬疑电影式出场介绍。
v9-d2-0708,标准,大冒险,语言限制,否,v9-expansion,在二十秒内解释“如何请求帮助”，但不能使用“感觉”这个词。
v9-d2-0709,标准,大冒险,尴尬模拟,否,v9-expansion,演出你在“手机突然外放”时内心和表面完全不同的反应。
v9-d2-0710,标准,大冒险,即兴表达,否,v9-expansion,用二十秒讲一个关于保守秘密的即兴故事，必须出现“耳机”。
v9-d2-0711,标准,大冒险,社交挑战,是,v9-expansion,让大家指定一位玩家，你要为对方设计一句体育解说式出场介绍。
v9-d2-0712,标准,大冒险,语言限制,否,v9-expansion,在二十秒内解释“怎样守住边界”，但不能使用“感觉”这个词。
v9-d2-0713,标准,大冒险,尴尬模拟,否,v9-expansion,模拟一次“认错人”，最后必须用一句话圆场。
v9-d2-0714,标准,大冒险,即兴表达,否,v9-expansion,用二十秒讲一个关于误会的即兴故事，必须出现“一杯水”。
v9-d2-0715,标准,大冒险,社交挑战,是,v9-expansion,对一位自愿玩家完成一次关于“观察力”的具体夸奖，不评价身体。
v9-d2-0716,标准,大冒险,语言限制,否,v9-expansion,在二十秒内解释“怎样拒绝别人”，但不能使用“问题”这个词。
v9-d2-0717,标准,大冒险,尴尬模拟,否,v9-expansion,用夸张方式演出“礼物送重了”，让大家猜发生了什么。
v9-d2-0718,标准,大冒险,即兴表达,否,v9-expansion,用二十秒讲一个关于网络社交的即兴故事，必须出现“便利店”。
v9-d2-0719,标准,大冒险,社交挑战,是,v9-expansion,请一位自愿玩家和你进行十秒“误会后和解”双人即兴对话。
v9-d2-0720,标准,大冒险,语言限制,否,v9-expansion,在二十秒内解释“为什么要道歉”，但不能使用“自己”这个词。
v9-d2-0721,标准,大冒险,尴尬模拟,否,v9-expansion,用夸张方式演出“笑场”，让大家猜发生了什么。
v9-d2-0722,标准,大冒险,即兴表达,否,v9-expansion,用二十秒讲一个关于第一印象的即兴故事，必须出现“耳机”。
v9-d2-0723,标准,大冒险,社交挑战,是,v9-expansion,让大家指定一位玩家，你要为对方设计一句颁奖典礼式出场介绍。
v9-d2-0724,标准,大冒险,语言限制,否,v9-expansion,用一句不超过八个字的话回答：“怎样处理误会？”
v9-d2-0725,标准,大冒险,尴尬模拟,否,v9-expansion,表演十秒“忘记别人名字以后努力装作没事”的样子。
v9-d2-0726,标准,大冒险,即兴表达,否,v9-expansion,把“请求帮助”解释给一个完全没听说过的人，限时二十秒。
v9-d2-0727,标准,大冒险,社交挑战,是,v9-expansion,对一位自愿玩家完成一次关于“边界感”的具体夸奖，不评价身体。
v9-d2-0728,标准,大冒险,语言限制,否,v9-expansion,在二十秒内解释“怎样处理误会”，但不能使用“问题”这个词。
v9-d2-0729,标准,大冒险,尴尬模拟,否,v9-expansion,表演十秒“说话被全场听见以后努力装作没事”的样子。
v9-d2-0730,标准,大冒险,即兴表达,否,v9-expansion,用二十秒讲一个关于拖延的即兴故事，必须出现“雨伞”。
v9-d2-0731,标准,大冒险,社交挑战,是,v9-expansion,请一位自愿玩家和你进行十秒“一起迷路”双人即兴对话。
v9-d2-0732,标准,大冒险,语言限制,否,v9-expansion,在二十秒内解释“怎样处理误会”，但不能使用“因为”这个词。
v9-d2-0733,标准,大冒险,尴尬模拟,否,v9-expansion,模拟一次“笑场”，最后必须用一句话圆场。
v9-d2-0734,标准,大冒险,即兴表达,否,v9-expansion,围绕“社交尴尬”做一段十五秒立场陈述，中途不能说“嗯”。
v9-d2-0735,标准,大冒险,社交挑战,是,v9-expansion,请一位自愿玩家和你进行十秒“互相推荐工作”双人即兴对话。
v9-d2-0736,标准,大冒险,语言限制,否,v9-expansion,在二十秒内解释“什么是可靠”，但不能使用“应该”这个词。
v9-d2-0737,标准,大冒险,尴尬模拟,否,v9-expansion,模拟一次“迟到半小时”，最后必须用一句话圆场。
v9-d2-0738,标准,大冒险,即兴表达,否,v9-expansion,用二十秒讲一个关于道歉的即兴故事，必须出现“一杯水”。
v9-d2-0739,标准,大冒险,社交挑战,是,v9-expansion,对一位自愿玩家完成一次关于“创造力”的具体夸奖，不评价身体。
v9-d2-0740,标准,大冒险,语言限制,否,v9-expansion,在二十秒内解释“什么是可靠”，但不能使用“自己”这个词。
v9-d2-0741,标准,大冒险,尴尬模拟,否,v9-expansion,演出你在“把秘密说漏嘴”时内心和表面完全不同的反应。
v9-d2-0742,标准,大冒险,即兴表达,否,v9-expansion,把“错过机会”解释给一个完全没听说过的人，限时二十秒。
v9-d2-0743,标准,大冒险,社交挑战,是,v9-expansion,请一位自愿玩家和你进行十秒“计划突然改变”双人即兴对话。
v9-d2-0744,标准,大冒险,语言限制,否,v9-expansion,用一句不超过十个字的话回答：“怎样拒绝别人？”
v9-d2-0745,标准,大冒险,尴尬模拟,否,v9-expansion,模拟一次“手机突然外放”，最后必须用一句话圆场。
v9-d2-0746,标准,大冒险,即兴表达,否,v9-expansion,假装参加访谈，用十秒回答：“你怎样看待请求帮助？”
v9-d2-0747,标准,大冒险,社交挑战,是,v9-expansion,对一位自愿玩家完成一次关于“耐心”的具体夸奖，不评价身体。
v9-d2-0748,标准,大冒险,语言限制,否,v9-expansion,在二十秒内解释“怎样守住边界”，但不能使用“问题”这个词。
v9-d2-0749,标准,大冒险,尴尬模拟,否,v9-expansion,表演十秒“把秘密说漏嘴以后努力装作没事”的样子。
v9-d2-0750,标准,大冒险,即兴表达,否,v9-expansion,把“社交尴尬”解释给一个完全没听说过的人，限时二十秒。
v9-d2-0751,标准,大冒险,社交挑战,是,v9-expansion,让大家指定一位玩家，你要为对方设计一句纪录片式出场介绍。
v9-d2-0752,标准,大冒险,语言限制,否,v9-expansion,在二十秒内解释“怎样判断朋友是否真诚”，但不能使用“关系”这个词。
v9-d2-0753,标准,大冒险,尴尬模拟,否,v9-expansion,演出你在“说话被全场听见”时内心和表面完全不同的反应。
v9-d2-0754,标准,大冒险,即兴表达,否,v9-expansion,围绕“第一印象”做一段十五秒立场陈述，中途不能说“嗯”。
v9-d2-0755,标准,大冒险,社交挑战,是,v9-expansion,选一位玩家，用三个具体事实说明对方为什么遇事冷静。
v9-d2-0756,标准,大冒险,语言限制,否,v9-expansion,在二十秒内解释“什么是成熟”，但不能使用“自己”这个词。
v9-d2-0757,标准,大冒险,尴尬模拟,否,v9-expansion,模拟一次“说话被全场听见”，最后必须用一句话圆场。
v9-d2-0758,标准,大冒险,即兴表达,否,v9-expansion,用二十秒讲一个关于错过机会的即兴故事，必须出现“雨伞”。
v9-d2-0759,标准,大冒险,社交挑战,是,v9-expansion,对一位自愿玩家完成一次关于“表达方式”的具体夸奖，不评价身体。
v9-d2-0760,标准,大冒险,语言限制,否,v9-expansion,在二十秒内解释“什么是可靠”，但不能使用“感觉”这个词。
v9-d2-0761,标准,大冒险,尴尬模拟,否,v9-expansion,表演十秒“笑场以后努力装作没事”的样子。
v9-d2-0762,标准,大冒险,即兴表达,否,v9-expansion,用二十秒讲一个关于社交尴尬的即兴故事，必须出现“耳机”。
v9-d2-0763,标准,大冒险,社交挑战,是,v9-expansion,选一位玩家，用三个具体事实说明对方为什么善于倾听。
v9-d2-0764,标准,大冒险,语言限制,否,v9-expansion,连续回答三次“为什么要道歉”，每次必须给出不同理由。
v9-d2-0765,标准,大冒险,尴尬模拟,否,v9-expansion,用夸张方式演出“被点名发言”，让大家猜发生了什么。
v9-d2-0766,标准,大冒险,即兴表达,否,v9-expansion,用二十秒讲一个关于错过机会的即兴故事，必须出现“月亮”。
v9-d2-0767,标准,大冒险,社交挑战,是,v9-expansion,让大家指定一位玩家，你要为对方设计一句热血动漫式出场介绍。
v9-d2-0768,标准,大冒险,语言限制,否,v9-expansion,在二十秒内解释“什么是可靠”，但不能使用“别人”这个词。
v9-d2-0769,标准,大冒险,尴尬模拟,否,v9-expansion,表演十秒“礼物送重了以后努力装作没事”的样子。
v9-d2-0770,标准,大冒险,即兴表达,否,v9-expansion,用二十秒讲一个关于请求帮助的即兴故事，必须出现“一杯水”。
v9-d2-0771,标准,大冒险,社交挑战,是,v9-expansion,选一位玩家，用三个具体事实说明对方为什么很会照顾气氛。
v9-d2-0772,标准,大冒险,语言限制,否,v9-expansion,在二十秒内解释“怎样拒绝别人”，但不能使用“关系”这个词。
v9-d2-0773,标准,大冒险,尴尬模拟,否,v9-expansion,表演十秒“被点名发言以后努力装作没事”的样子。
v9-d2-0774,标准,大冒险,即兴表达,否,v9-expansion,围绕“请求帮助”做一段十五秒立场陈述，中途不能说“嗯”。
v9-d2-0775,标准,大冒险,社交挑战,是,v9-expansion,选一位玩家，用三个具体事实说明对方为什么很有行动力。
v9-d2-0776,标准,大冒险,语言限制,否,v9-expansion,在二十秒内解释“如何请求帮助”，但不能使用“因为”这个词。
v9-d2-0777,标准,大冒险,尴尬模拟,否,v9-expansion,演出你在“笑场”时内心和表面完全不同的反应。
v9-d2-0778,标准,大冒险,即兴表达,否,v9-expansion,用二十秒讲一个关于友情边界的即兴故事，必须出现“月亮”。
v9-d2-0779,标准,大冒险,社交挑战,是,v9-expansion,对一位自愿玩家完成一次关于“行动力”的具体夸奖，不评价身体。
v9-d2-0780,标准,大冒险,语言限制,否,v9-expansion,在二十秒内解释“如何请求帮助”，但不能使用“应该”这个词。
v9-d2-0781,标准,大冒险,尴尬模拟,否,v9-expansion,演出你在“被点名发言”时内心和表面完全不同的反应。
v9-d2-0782,标准,大冒险,即兴表达,否,v9-expansion,用二十秒讲一个关于社交尴尬的即兴故事，必须出现“月亮”。
v9-d2-0783,标准,大冒险,社交挑战,是,v9-expansion,让大家指定一位玩家，你要为对方设计一句新闻播报式出场介绍。
v9-d2-0784,标准,大冒险,语言限制,否,v9-expansion,在二十秒内解释“如何请求帮助”，但不能使用“问题”这个词。
v9-d2-0785,标准,大冒险,尴尬模拟,否,v9-expansion,表演十秒“发错消息以后努力装作没事”的样子。
v9-d2-0786,标准,大冒险,即兴表达,否,v9-expansion,用二十秒讲一个关于误会的即兴故事，必须出现“耳机”。
v9-d2-0787,标准,大冒险,社交挑战,是,v9-expansion,选一位玩家，用三个具体事实说明对方为什么适合旅行。
v9-d2-0788,标准,大冒险,语言限制,否,v9-expansion,用反问句表达你对“怎样处理误会”的真实看法。
v9-d2-0789,标准,大冒险,尴尬模拟,否,v9-expansion,演出你在“认错人”时内心和表面完全不同的反应。
v9-d2-0790,标准,大冒险,即兴表达,否,v9-expansion,用二十秒讲一个关于保守秘密的即兴故事，必须出现“一杯水”。
v9-d2-0791,标准,大冒险,社交挑战,是,v9-expansion,让大家指定一位玩家，你要为对方设计一句职场节目式出场介绍。
v9-d2-0792,标准,大冒险,语言限制,否,v9-expansion,在二十秒内解释“怎样判断朋友是否真诚”，但不能使用“别人”这个词。
v9-d2-0793,标准,大冒险,尴尬模拟,否,v9-expansion,表演十秒“夸错对象以后努力装作没事”的样子。
v9-d2-0794,标准,大冒险,即兴表达,否,v9-expansion,用二十秒讲一个关于错过机会的即兴故事，必须出现“一杯水”。
v9-d2-0795,标准,大冒险,社交挑战,是,v9-expansion,请一位自愿玩家和你进行十秒“临时组队”双人即兴对话。
v9-d2-0796,标准,大冒险,语言限制,否,v9-expansion,在二十秒内解释“怎样拒绝别人”，但不能使用“感觉”这个词。
v9-d2-0797,标准,大冒险,尴尬模拟,否,v9-expansion,演出你在“走错房间”时内心和表面完全不同的反应。
v9-d2-0798,标准,大冒险,即兴表达,否,v9-expansion,用二十秒讲一个关于迟到的即兴故事，必须出现“电梯”。
v9-d2-0799,标准,大冒险,社交挑战,是,v9-expansion,选一位玩家，用三个具体事实说明对方为什么值得信任。
v9-d2-0800,标准,大冒险,语言限制,否,v9-expansion,在二十秒内解释“怎样判断朋友是否真诚”，但不能使用“朋友”这个词。
v9-d2-0801,标准,大冒险,尴尬模拟,否,v9-expansion,演出你在“礼物送重了”时内心和表面完全不同的反应。
v9-d2-0802,标准,大冒险,即兴表达,否,v9-expansion,用二十秒讲一个关于错过机会的即兴故事，必须出现“便利店”。
v9-d2-0803,标准,大冒险,社交挑战,是,v9-expansion,对一位自愿玩家完成一次关于“可靠感”的具体夸奖，不评价身体。
v9-d2-0804,标准,大冒险,语言限制,否,v9-expansion,在二十秒内解释“什么是成熟”，但不能使用“感觉”这个词。
v9-d2-0805,标准,大冒险,尴尬模拟,否,v9-expansion,表演十秒“迟到半小时以后努力装作没事”的样子。
v9-d2-0806,标准,大冒险,即兴表达,否,v9-expansion,用二十秒讲一个关于错过机会的即兴故事，必须出现“电梯”。
v9-d2-0807,标准,大冒险,社交挑战,是,v9-expansion,对一位自愿玩家完成一次关于“幽默感”的具体夸奖，不评价身体。
v9-d2-0808,标准,大冒险,语言限制,否,v9-expansion,在二十秒内解释“什么是可靠”，但不能使用“因为”这个词。
v9-d2-0809,标准,大冒险,尴尬模拟,否,v9-expansion,用夸张方式演出“忘记别人名字”，让大家猜发生了什么。
v9-d2-0810,标准,大冒险,即兴表达,否,v9-expansion,用二十秒讲一个关于独处的即兴故事，必须出现“月亮”。
v9-d2-0811,标准,大冒险,社交挑战,是,v9-expansion,请一位自愿玩家和你进行十秒“共同完成任务”双人即兴对话。
v9-d2-0812,标准,大冒险,语言限制,否,v9-expansion,用反问句表达你对“什么是可靠”的真实看法。
v9-d2-0813,标准,大冒险,尴尬模拟,否,v9-expansion,模拟一次“夸错对象”，最后必须用一句话圆场。
v9-d2-0814,标准,大冒险,即兴表达,否,v9-expansion,用二十秒讲一个关于独处的即兴故事，必须出现“雨伞”。
v9-d2-0815,标准,大冒险,社交挑战,是,v9-expansion,选一位玩家，用三个具体事实说明对方为什么有自己的原则。
v9-d2-0816,标准,大冒险,语言限制,否,v9-expansion,在二十秒内解释“怎样判断朋友是否真诚”，但不能使用“自己”这个词。
v9-d2-0817,标准,大冒险,尴尬模拟,否,v9-expansion,用夸张方式演出“说话被全场听见”，让大家猜发生了什么。
v9-d2-0818,标准,大冒险,即兴表达,否,v9-expansion,把“友情边界”解释给一个完全没听说过的人，限时二十秒。
v9-d2-0819,标准,大冒险,社交挑战,是,v9-expansion,请一位自愿玩家和你进行十秒“一起处理突发情况”双人即兴对话。
v9-d2-0820,标准,大冒险,语言限制,否,v9-expansion,在二十秒内解释“为什么要道歉”，但不能使用“问题”这个词。
v9-d2-0821,标准,大冒险,尴尬模拟,否,v9-expansion,用夸张方式演出“手机突然外放”，让大家猜发生了什么。
v9-d2-0822,标准,大冒险,即兴表达,否,v9-expansion,围绕“友情边界”做一段十五秒立场陈述，中途不能说“嗯”。
v9-d2-0823,标准,大冒险,社交挑战,是,v9-expansion,请一位自愿玩家和你进行十秒“第一次见面”双人即兴对话。
v9-d2-0824,标准,大冒险,语言限制,否,v9-expansion,在二十秒内解释“怎样守住边界”，但不能使用“自己”这个词。
v9-d2-0825,标准,大冒险,尴尬模拟,否,v9-expansion,演出你在“发错消息”时内心和表面完全不同的反应。
v9-d2-0826,标准,大冒险,即兴表达,否,v9-expansion,用二十秒讲一个关于友情边界的即兴故事，必须出现“一杯水”。
v9-d2-0827,标准,大冒险,语言限制,否,v9-expansion,在二十秒内解释“为什么要道歉”，但不能使用“别人”这个词。
v9-d2-0828,标准,大冒险,尴尬模拟,否,v9-expansion,模拟一次“发错消息”，最后必须用一句话圆场。
v9-d2-0829,标准,大冒险,即兴表达,否,v9-expansion,假装参加访谈，用十秒回答：“你怎样看待社交尴尬？”
v9-d2-0830,标准,大冒险,语言限制,否,v9-expansion,在二十秒内解释“什么是可靠”，但不能使用“关系”这个词。
v9-d2-0831,标准,大冒险,尴尬模拟,否,v9-expansion,模拟一次“礼物送重了”，最后必须用一句话圆场。
v9-d2-0832,标准,大冒险,即兴表达,否,v9-expansion,假装参加访谈，用十秒回答：“你怎样看待错过机会？”
v9-d2-0833,标准,大冒险,语言限制,否,v9-expansion,在二十秒内解释“怎样守住边界”，但不能使用“应该”这个词。
v9-d2-0834,标准,大冒险,尴尬模拟,否,v9-expansion,用夸张方式演出“迟到半小时”，让大家猜发生了什么。
v9-d2-0835,标准,大冒险,即兴表达,否,v9-expansion,把“道歉”解释给一个完全没听说过的人，限时二十秒。
v9-d2-0836,标准,大冒险,语言限制,否,v9-expansion,在二十秒内解释“为什么要道歉”，但不能使用“应该”这个词。
v9-d2-0837,标准,大冒险,尴尬模拟,否,v9-expansion,用夸张方式演出“认错人”，让大家猜发生了什么。
v9-d2-0838,标准,大冒险,即兴表达,否,v9-expansion,用二十秒讲一个关于保守秘密的即兴故事，必须出现“便利店”。
v9-d2-0839,标准,大冒险,语言限制,否,v9-expansion,连续回答三次“什么是成熟”，每次必须给出不同理由。
v9-d2-0840,标准,大冒险,尴尬模拟,否,v9-expansion,表演十秒“认错人以后努力装作没事”的样子。
v9-d2-0841,标准,大冒险,即兴表达,否,v9-expansion,用二十秒讲一个关于请求帮助的即兴故事，必须出现“电梯”。
v9-d2-0842,标准,大冒险,语言限制,否,v9-expansion,在二十秒内解释“怎样拒绝别人”，但不能使用“别人”这个词。
v9-d2-0843,标准,大冒险,尴尬模拟,否,v9-expansion,用夸张方式演出“发错消息”，让大家猜发生了什么。
v9-d2-0844,标准,大冒险,即兴表达,否,v9-expansion,用二十秒讲一个关于网络社交的即兴故事，必须出现“月亮”。
v9-d2-0845,标准,大冒险,语言限制,否,v9-expansion,用一句不超过十个字的话回答：“为什么要道歉？”
v9-d2-0846,标准,大冒险,尴尬模拟,否,v9-expansion,用夸张方式演出“把秘密说漏嘴”，让大家猜发生了什么。
v9-d2-0847,标准,大冒险,即兴表达,否,v9-expansion,用二十秒讲一个关于友情边界的即兴故事，必须出现“电梯”。
v9-d2-0848,标准,大冒险,语言限制,否,v9-expansion,在二十秒内解释“怎样处理误会”，但不能使用“关系”这个词。
v9-d2-0849,标准,大冒险,尴尬模拟,否,v9-expansion,模拟一次“走错房间”，最后必须用一句话圆场。
v9-d2-0850,标准,大冒险,即兴表达,否,v9-expansion,围绕“迟到”做一段十五秒立场陈述，中途不能说“嗯”。
v9-d2-0851,标准,大冒险,语言限制,否,v9-expansion,在二十秒内解释“如何请求帮助”，但不能使用“关系”这个词。
v9-d2-0852,标准,大冒险,尴尬模拟,否,v9-expansion,用夸张方式演出“夸错对象”，让大家猜发生了什么。
v9-d2-0853,标准,大冒险,即兴表达,否,v9-expansion,围绕“网络社交”做一段十五秒立场陈述，中途不能说“嗯”。
v9-d2-0854,标准,大冒险,语言限制,否,v9-expansion,用反问句表达你对“怎样守住边界”的真实看法。
v9-d2-0855,标准,大冒险,尴尬模拟,否,v9-expansion,模拟一次“被点名发言”，最后必须用一句话圆场。
v9-d2-0856,标准,大冒险,即兴表达,否,v9-expansion,用二十秒讲一个关于迟到的即兴故事，必须出现“便利店”。
v9-d2-0857,标准,大冒险,语言限制,否,v9-expansion,在二十秒内解释“为什么要道歉”，但不能使用“关系”这个词。
v9-d2-0858,标准,大冒险,尴尬模拟,否,v9-expansion,演出你在“忘记别人名字”时内心和表面完全不同的反应。
v9-d2-0859,标准,大冒险,即兴表达,否,v9-expansion,用二十秒讲一个关于拖延的即兴故事，必须出现“月亮”。
v9-d2-0860,标准,大冒险,语言限制,否,v9-expansion,用一句不超过十二个字的话回答：“为什么要道歉？”
v9-d2-0861,标准,大冒险,尴尬模拟,否,v9-expansion,表演十秒“走错房间以后努力装作没事”的样子。
v9-d2-0862,标准,大冒险,即兴表达,否,v9-expansion,围绕“道歉”做一段十五秒立场陈述，中途不能说“嗯”。
v9-d2-0863,标准,大冒险,语言限制,否,v9-expansion,在二十秒内解释“怎样守住边界”，但不能使用“关系”这个词。
v9-d2-0864,标准,大冒险,尴尬模拟,否,v9-expansion,表演十秒“手机突然外放以后努力装作没事”的样子。
v9-d2-0865,标准,大冒险,即兴表达,否,v9-expansion,用二十秒讲一个关于请求帮助的即兴故事，必须出现“便利店”。
v9-d2-0866,标准,大冒险,语言限制,否,v9-expansion,用一句不超过八个字的话回答：“什么是可靠？”
v9-d2-0867,标准,大冒险,尴尬模拟,否,v9-expansion,演出你在“迟到半小时”时内心和表面完全不同的反应。
v9-d2-0868,标准,大冒险,即兴表达,否,v9-expansion,用二十秒讲一个关于迟到的即兴故事，必须出现“一杯水”。
v9-d2-0869,标准,大冒险,语言限制,否,v9-expansion,在二十秒内解释“怎样拒绝别人”，但不能使用“自己”这个词。
v9-d2-0870,标准,大冒险,尴尬模拟,否,v9-expansion,用夸张方式演出“走错房间”，让大家猜发生了什么。
v9-d2-0871,标准,大冒险,即兴表达,否,v9-expansion,把“迟到”解释给一个完全没听说过的人，限时二十秒。
v9-d2-0872,标准,大冒险,语言限制,否,v9-expansion,在二十秒内解释“什么是可靠”，但不能使用“朋友”这个词。
v9-d2-0873,标准,大冒险,即兴表达,否,v9-expansion,用二十秒讲一个关于友情边界的即兴故事，必须出现“便利店”。
v9-d2-0874,标准,大冒险,语言限制,否,v9-expansion,用一句不超过八个字的话回答：“什么是成熟？”
v9-d2-0875,标准,大冒险,即兴表达,否,v9-expansion,用二十秒讲一个关于道歉的即兴故事，必须出现“电梯”。
v9-d2-0876,标准,大冒险,语言限制,否,v9-expansion,在二十秒内解释“如何请求帮助”，但不能使用“朋友”这个词。
v9-d2-0877,标准,大冒险,即兴表达,否,v9-expansion,用二十秒讲一个关于误会的即兴故事，必须出现“月亮”。
v9-d2-0878,标准,大冒险,语言限制,否,v9-expansion,用一句不超过十个字的话回答：“什么是成熟？”
v9-d2-0879,标准,大冒险,即兴表达,否,v9-expansion,假装参加访谈，用十秒回答：“你怎样看待拖延？”
v9-d2-0880,标准,大冒险,语言限制,否,v9-expansion,用一句不超过十二个字的话回答：“怎样判断朋友是否真诚？”
v9-d2-0881,标准,大冒险,即兴表达,否,v9-expansion,用二十秒讲一个关于独处的即兴故事，必须出现“便利店”。
v9-d2-0882,标准,大冒险,语言限制,否,v9-expansion,在二十秒内解释“怎样拒绝别人”，但不能使用“应该”这个词。
v9-d2-0883,标准,大冒险,即兴表达,否,v9-expansion,用二十秒讲一个关于拖延的即兴故事，必须出现“一杯水”。
v9-d2-0884,标准,大冒险,语言限制,否,v9-expansion,用一句不超过十个字的话回答：“什么是可靠？”
v9-d2-0885,标准,大冒险,即兴表达,否,v9-expansion,用二十秒讲一个关于第一印象的即兴故事，必须出现“电梯”。
v9-d2-0886,标准,大冒险,语言限制,否,v9-expansion,用一句不超过十二个字的话回答：“怎样处理误会？”
v9-d2-0887,标准,大冒险,即兴表达,否,v9-expansion,假装参加访谈，用十秒回答：“你怎样看待独处？”
v9-d2-0888,标准,大冒险,语言限制,否,v9-expansion,在二十秒内解释“怎样拒绝别人”，但不能使用“朋友”这个词。
v9-d2-0889,标准,大冒险,即兴表达,否,v9-expansion,用二十秒讲一个关于拖延的即兴故事，必须出现“电梯”。
v9-d2-0890,标准,大冒险,语言限制,否,v9-expansion,在二十秒内解释“怎样处理误会”，但不能使用“应该”这个词。
v9-d2-0891,标准,大冒险,即兴表达,否,v9-expansion,用二十秒讲一个关于第一印象的即兴故事，必须出现“月亮”。
v9-d2-0892,标准,大冒险,语言限制,否,v9-expansion,用一句不超过十个字的话回答：“怎样处理误会？”
v9-d2-0893,标准,大冒险,即兴表达,否,v9-expansion,假装参加访谈，用十秒回答：“你怎样看待误会？”
v9-d2-0894,标准,大冒险,语言限制,否,v9-expansion,用反问句表达你对“为什么要道歉”的真实看法。
v9-d2-0895,标准,大冒险,即兴表达,否,v9-expansion,用二十秒讲一个关于道歉的即兴故事，必须出现“月亮”。
v9-d2-0896,标准,大冒险,语言限制,否,v9-expansion,用一句不超过八个字的话回答：“怎样守住边界？”
v9-d2-0897,标准,大冒险,即兴表达,否,v9-expansion,用二十秒讲一个关于网络社交的即兴故事，必须出现“电梯”。
v9-d2-0898,标准,大冒险,语言限制,否,v9-expansion,在二十秒内解释“什么是成熟”，但不能使用“应该”这个词。
v9-d2-0899,标准,大冒险,即兴表达,否,v9-expansion,用二十秒讲一个关于拖延的即兴故事，必须出现“耳机”。
v9-d2-0900,标准,大冒险,语言限制,否,v9-expansion,用反问句表达你对“如何请求帮助”的真实看法。
v9-d2-0901,标准,大冒险,即兴表达,否,v9-expansion,假装参加访谈，用十秒回答：“你怎样看待保守秘密？”
v9-d2-0902,标准,大冒险,语言限制,否,v9-expansion,在二十秒内解释“如何请求帮助”，但不能使用“别人”这个词。
v9-d2-0903,标准,大冒险,即兴表达,否,v9-expansion,用二十秒讲一个关于第一印象的即兴故事，必须出现“便利店”。
v9-d2-0904,标准,大冒险,语言限制,否,v9-expansion,用一句不超过十二个字的话回答：“什么是成熟？”
v9-d2-0905,标准,大冒险,即兴表达,否,v9-expansion,把“拖延”解释给一个完全没听说过的人，限时二十秒。
v9-d2-0906,标准,大冒险,语言限制,否,v9-expansion,用一句不超过十个字的话回答：“怎样守住边界？”
v9-d2-0907,标准,大冒险,即兴表达,否,v9-expansion,把“独处”解释给一个完全没听说过的人，限时二十秒。
v9-d2-0908,标准,大冒险,语言限制,否,v9-expansion,在二十秒内解释“如何请求帮助”，但不能使用“自己”这个词。
v9-d2-0909,标准,大冒险,即兴表达,否,v9-expansion,用二十秒讲一个关于误会的即兴故事，必须出现“雨伞”。
v9-d2-0910,标准,大冒险,语言限制,否,v9-expansion,用一句不超过八个字的话回答：“怎样判断朋友是否真诚？”
v9-d2-0911,标准,大冒险,即兴表达,否,v9-expansion,用二十秒讲一个关于请求帮助的即兴故事，必须出现“雨伞”。
v9-d2-0912,标准,大冒险,语言限制,否,v9-expansion,用反问句表达你对“怎样判断朋友是否真诚”的真实看法。
v9-d2-0913,标准,大冒险,即兴表达,否,v9-expansion,用二十秒讲一个关于网络社交的即兴故事，必须出现“雨伞”。
v9-d2-0914,标准,大冒险,语言限制,否,v9-expansion,用一句不超过十二个字的话回答：“什么是可靠？”
v9-d2-0915,标准,大冒险,即兴表达,否,v9-expansion,用二十秒讲一个关于独处的即兴故事，必须出现“耳机”。
v9-d2-0916,标准,大冒险,语言限制,否,v9-expansion,在二十秒内解释“什么是成熟”，但不能使用“因为”这个词。
v9-d2-0917,标准,大冒险,即兴表达,否,v9-expansion,假装参加访谈，用十秒回答：“你怎样看待迟到？”
v9-d2-0918,标准,大冒险,语言限制,否,v9-expansion,用一句不超过十二个字的话回答：“怎样守住边界？”
v9-d2-0919,标准,大冒险,即兴表达,否,v9-expansion,用二十秒讲一个关于请求帮助的即兴故事，必须出现“耳机”。
v9-d2-0920,标准,大冒险,语言限制,否,v9-expansion,在二十秒内解释“怎样守住边界”，但不能使用“因为”这个词。
v9-d2-0921,标准,大冒险,即兴表达,否,v9-expansion,用二十秒讲一个关于第一印象的即兴故事，必须出现“雨伞”。
v9-d2-0922,标准,大冒险,语言限制,否,v9-expansion,在二十秒内解释“为什么要道歉”，但不能使用“感觉”这个词。
v9-d2-0923,标准,大冒险,即兴表达,否,v9-expansion,用二十秒讲一个关于迟到的即兴故事，必须出现“月亮”。
v9-d2-0924,标准,大冒险,语言限制,否,v9-expansion,在二十秒内解释“什么是成熟”，但不能使用“别人”这个词。
v9-d2-0925,标准,大冒险,即兴表达,否,v9-expansion,用二十秒讲一个关于社交尴尬的即兴故事，必须出现“便利店”。
v9-d2-0926,标准,大冒险,语言限制,否,v9-expansion,在二十秒内解释“为什么要道歉”，但不能使用“朋友”这个词。
v9-d2-0927,标准,大冒险,即兴表达,否,v9-expansion,用二十秒讲一个关于网络社交的即兴故事，必须出现“耳机”。
v9-d2-0928,标准,大冒险,语言限制,否,v9-expansion,用一句不超过十个字的话回答：“怎样判断朋友是否真诚？”
t301,大胆,真心话,历史题库,否,v8,现场谁最接近你的理想型？可以只说特质。
t302,大胆,真心话,历史题库,否,v8,你有没有喜欢过一个不该喜欢的人？
t303,大胆,真心话,历史题库,否,v8,你最近一次心动是什么时候、因为什么？
t304,大胆,真心话,历史题库,否,v8,你在感情中最容易重复犯什么错误？
t305,大胆,真心话,历史题库,否,v8,你有没有错过一个现在想来很可惜的人？
t306,大胆,真心话,历史题库,否,v8,你最怕伴侣发现自己的哪一面？
t307,大胆,真心话,历史题库,否,v8,你曾经因为嫉妒做过什么不太理智的事？
t308,大胆,真心话,历史题库,否,v8,如果可以匿名问前任一个问题，你会问什么？
t309,大胆,真心话,历史题库,否,v8,你有没有明知道没有结果却仍然坚持过的关系？
t310,大胆,真心话,历史题库,否,v8,你最难释怀的一次告别是什么？
t311,大胆,真心话,历史题库,否,v8,你更害怕失去爱，还是失去自由？为什么？
t312,大胆,真心话,历史题库,否,v8,你曾经偷偷比较过自己和谁？
t313,大胆,真心话,历史题库,否,v8,你在亲密关系中最需要但最难开口的需求是什么？
t314,大胆,真心话,历史题库,否,v8,你有没有故意冷落过一个其实很在意的人？
t315,大胆,真心话,历史题库,否,v8,你最希望现场哪位玩家进一步了解你？
t316,大胆,真心话,历史题库,否,v8,你曾经因为害怕失去而隐瞒过什么感受？
t317,大胆,真心话,历史题库,否,v8,你认为自己最难被爱的一面是什么？
t318,大胆,真心话,历史题库,否,v8,你现在最想对某个人说、但一直没说的话是什么？
v9-t3-0929,大胆,真心话,心动与遗憾,否,v9-expansion,如果可以重来一次，你最想改变哪次关于开始异地的决定？
v9-t3-0930,大胆,真心话,关系坦白,否,v9-expansion,你曾经因为一段关系缺少边界而逐渐失望吗？
v9-t3-0931,大胆,真心话,现场选择,否,v9-expansion,现场谁最可能让你在感到嫉妒时愿意说真话？为什么？
v9-t3-0932,大胆,真心话,大胆坦白,否,v9-expansion,你有没有因为害怕孤独而留在一段不适合的关系里？
v9-t3-0933,大胆,真心话,边界与信任,否,v9-expansion,如果对方要求你在照顾家人的责任和关系之间做选择，你会怎么做？
v9-t3-0934,大胆,真心话,心动与遗憾,否,v9-expansion,你曾经因为不愿先低头错过一个可能喜欢你的人吗？
v9-t3-0935,大胆,真心话,关系坦白,否,v9-expansion,你认为缺少个人空间的关系还能维持多久？
v9-t3-0936,大胆,真心话,现场选择,否,v9-expansion,如果现场有人对你产生好感，你最希望对方用“在合适时机明确表达”的方式表达？
v9-t3-0937,大胆,真心话,大胆坦白,否,v9-expansion,你有没有享受过别人喜欢你，却不打算回应？
v9-t3-0938,大胆,真心话,边界与信任,否,v9-expansion,关于独处时间，你的底线是否曾经因为一个人而改变？
v9-t3-0939,大胆,真心话,心动与遗憾,否,v9-expansion,对方做出“公开支持你”时，你最容易突然心动吗？
v9-t3-0940,大胆,真心话,关系坦白,否,v9-expansion,你在想要独处这件事上做过最不坦诚的选择是什么？
v9-t3-0941,大胆,真心话,现场选择,否,v9-expansion,现场谁最可能让你在面对失去时愿意说真话？为什么？
v9-t3-0942,大胆,真心话,大胆坦白,否,v9-expansion,你最想让哪一段关系重新开始一次？
v9-t3-0943,大胆,真心话,边界与信任,否,v9-expansion,关于与潜在对象的距离，你的底线是否曾经因为一个人而改变？
v9-t3-0944,大胆,真心话,心动与遗憾,否,v9-expansion,对方做出“幽默化解尴尬”时，你最容易突然心动吗？
v9-t3-0945,大胆,真心话,关系坦白,否,v9-expansion,你有没有在喜欢一个人时故意隐藏真实感受？为什么？
v9-t3-0946,大胆,真心话,现场选择,否,v9-expansion,现场谁最可能让你在需要做决定时愿意说真话？为什么？
v9-t3-0947,大胆,真心话,大胆坦白,否,v9-expansion,你现在最怕听到谁对你说哪一句话？
v9-t3-0948,大胆,真心话,边界与信任,否,v9-expansion,重要的人做出“在背后贬低你”时，你会把它视为背叛吗？
v9-t3-0949,大胆,真心话,心动与遗憾,否,v9-expansion,你有没有把崇拜误认为爱情或喜欢？后来怎样发现的？
v9-t3-0950,大胆,真心话,关系坦白,否,v9-expansion,关于想结束关系，你最害怕别人发现你的哪种想法？
v9-t3-0951,大胆,真心话,现场选择,否,v9-expansion,现场谁最像会在关系中遇事逃避的人？可以只说特质。
v9-t3-0952,大胆,真心话,大胆坦白,否,v9-expansion,你有没有把“为你好”当作控制别人的理由？
v9-t3-0953,大胆,真心话,边界与信任,否,v9-expansion,关于异地安排，你的底线是否曾经因为一个人而改变？
v9-t3-0954,大胆,真心话,心动与遗憾,否,v9-expansion,对方做出“主动承担责任”时，你最容易突然心动吗？
v9-t3-0955,大胆,真心话,关系坦白,否,v9-expansion,关于想重新开始，你最害怕别人发现你的哪种想法？
v9-t3-0956,大胆,真心话,现场选择,否,v9-expansion,现场谁最可能让你在需要承认脆弱时愿意说真话？为什么？
v9-t3-0957,大胆,真心话,大胆坦白,否,v9-expansion,你曾经为了保住一段关系放弃过哪条原则？
v9-t3-0958,大胆,真心话,边界与信任,否,v9-expansion,你能接受重要的人在债务上对你有所保留吗？
v9-t3-0959,大胆,真心话,心动与遗憾,否,v9-expansion,如果可以重来一次，你最想改变哪次关于重新联系的决定？
v9-t3-0960,大胆,真心话,关系坦白,否,v9-expansion,如果一段关系长期缺少承诺，你会努力修复还是离开？
v9-t3-0961,大胆,真心话,现场选择,否,v9-expansion,现场谁最可能让你在情绪低落时愿意说真话？为什么？
v9-t3-0962,大胆,真心话,大胆坦白,否,v9-expansion,你最不愿承认自己还在意哪一个人或哪件事？
v9-t3-0963,大胆,真心话,边界与信任,否,v9-expansion,你能接受重要的人在与家人的矛盾上对你有所保留吗？
v9-t3-0964,大胆,真心话,心动与遗憾,否,v9-expansion,对方做出“强烈反差感”时，你最容易突然心动吗？
v9-t3-0965,大胆,真心话,关系坦白,否,v9-expansion,你认为缺少边界的关系还能维持多久？
v9-t3-0966,大胆,真心话,现场选择,否,v9-expansion,如果现场有人对你产生好感，你最希望对方用“先坦白自己的顾虑”的方式表达？
v9-t3-0967,大胆,真心话,大胆坦白,否,v9-expansion,你有没有在分开后故意展示自己过得很好？
v9-t3-0968,大胆,真心话,边界与信任,否,v9-expansion,你能接受重要的人在真实情绪上对你有所保留吗？
v9-t3-0969,大胆,真心话,心动与遗憾,否,v9-expansion,如果可以重来一次，你最想改变哪次关于分手的决定？
v9-t3-0970,大胆,真心话,关系坦白,否,v9-expansion,你曾经因为一段关系缺少稳定回应而逐渐失望吗？
v9-t3-0971,大胆,真心话,现场选择,否,v9-expansion,如果必须与现场一位玩家一起经历长期异地，你会选谁？
v9-t3-0972,大胆,真心话,大胆坦白,否,v9-expansion,你有没有明知道对方会受伤，仍选择隐瞒一件重要的事？
v9-t3-0973,大胆,真心话,边界与信任,否,v9-expansion,关于共同财务，你的底线是否曾经因为一个人而改变？
v9-t3-0974,大胆,真心话,心动与遗憾,否,v9-expansion,你曾经因为身份差异错过一个可能喜欢你的人吗？
v9-t3-0975,大胆,真心话,关系坦白,否,v9-expansion,你有没有在想要独处时故意隐藏真实感受？为什么？
v9-t3-0976,大胆,真心话,现场选择,否,v9-expansion,如果现场有人对你产生好感，你最希望对方用“告诉你对方能接受被拒绝”的方式表达？
v9-t3-0977,大胆,真心话,大胆坦白,否,v9-expansion,你最难原谅自己在一段关系里做过的什么决定？
v9-t3-0978,大胆,真心话,边界与信任,否,v9-expansion,你能接受重要的人在未来城市上对你有所保留吗？
v9-t3-0979,大胆,真心话,心动与遗憾,否,v9-expansion,你有没有把竞争欲误认为爱情或喜欢？后来怎样发现的？
v9-t3-0980,大胆,真心话,关系坦白,否,v9-expansion,你曾经因为一段关系缺少尊重而逐渐失望吗？
v9-t3-0981,大胆,真心话,现场选择,否,v9-expansion,现场谁最像会在关系中容易吃醋的人？可以只说特质。
v9-t3-0982,大胆,真心话,边界与信任,否,v9-expansion,重要的人做出“反复失约”时，你会把它视为背叛吗？
v9-t3-0983,大胆,真心话,心动与遗憾,否,v9-expansion,如果可以重来一次，你最想改变哪次关于接受追求的决定？
v9-t3-0984,大胆,真心话,关系坦白,否,v9-expansion,如果一段关系长期缺少信任，你会努力修复还是离开？
v9-t3-0985,大胆,真心话,现场选择,否,v9-expansion,现场谁最像会在关系中需要空间的人？可以只说特质。
v9-t3-0986,大胆,真心话,边界与信任,否,v9-expansion,你能接受重要的人在与前任的联系上对你有所保留吗？
v9-t3-0987,大胆,真心话,心动与遗憾,否,v9-expansion,你有没有把习惯误认为爱情或喜欢？后来怎样发现的？
v9-t3-0988,大胆,真心话,关系坦白,否,v9-expansion,你有没有在发生争吵时故意隐藏真实感受？为什么？
v9-t3-0989,大胆,真心话,现场选择,否,v9-expansion,如果必须与现场一位玩家一起经历照顾生病的朋友，你会选谁？
v9-t3-0990,大胆,真心话,边界与信任,否,v9-expansion,关于工作与关系的优先级，你的底线是否曾经因为一个人而改变？
v9-t3-0991,大胆,真心话,心动与遗憾,否,v9-expansion,你曾经因为顾虑朋友看法错过一个可能喜欢你的人吗？
v9-t3-0992,大胆,真心话,关系坦白,否,v9-expansion,你在信任动摇这件事上做过最不坦诚的选择是什么？
v9-t3-0993,大胆,真心话,现场选择,否,v9-expansion,现场谁最像会在关系中嘴硬心软的人？可以只说特质。
v9-t3-0994,大胆,真心话,边界与信任,否,v9-expansion,关于公开关系，你的底线是否曾经因为一个人而改变？
v9-t3-0995,大胆,真心话,心动与遗憾,否,v9-expansion,你有没有把占有欲误认为爱情或喜欢？后来怎样发现的？
v9-t3-0996,大胆,真心话,关系坦白,否,v9-expansion,如果一段关系长期缺少耐心，你会努力修复还是离开？
v9-t3-0997,大胆,真心话,现场选择,否,v9-expansion,现场谁最像会在关系中过度付出的人？可以只说特质。
v9-t3-0998,大胆,真心话,边界与信任,否,v9-expansion,关于家庭介入程度，你的底线是否曾经因为一个人而改变？
v9-t3-0999,大胆,真心话,心动与遗憾,否,v9-expansion,对方做出“认真倾听”时，你最容易突然心动吗？
v9-t3-1000,大胆,真心话,关系坦白,否,v9-expansion,你认为缺少沟通的关系还能维持多久？
v9-t3-1001,大胆,真心话,现场选择,否,v9-expansion,现场谁最像会在关系中很快投入感情的人？可以只说特质。
v9-t3-1002,大胆,真心话,边界与信任,否,v9-expansion,如果对方要求你在个人兴趣和关系之间做选择，你会怎么做？
v9-t3-1003,大胆,真心话,心动与遗憾,否,v9-expansion,如果可以重来一次，你最想改变哪次关于删除联系方式的决定？
v9-t3-1004,大胆,真心话,关系坦白,否,v9-expansion,你认为缺少尊重的关系还能维持多久？
v9-t3-1005,大胆,真心话,现场选择,否,v9-expansion,如果现场有人对你产生好感，你最希望对方用“先从朋友开始”的方式表达？
v9-t3-1006,大胆,真心话,边界与信任,否,v9-expansion,关于争吵时的语言，你的底线是否曾经因为一个人而改变？
v9-t3-1007,大胆,真心话,心动与遗憾,否,v9-expansion,你曾经因为上一段关系未结束错过一个可能喜欢你的人吗？
v9-t3-1008,大胆,真心话,关系坦白,否,v9-expansion,你在对方道歉这件事上做过最不坦诚的选择是什么？
v9-t3-1009,大胆,真心话,现场选择,否,v9-expansion,如果现场有人对你产生好感，你最希望对方用“给你充分考虑时间”的方式表达？
v9-t3-1010,大胆,真心话,边界与信任,否,v9-expansion,你能接受重要的人在社交账号上对你有所保留吗？
v9-t3-1011,大胆,真心话,心动与遗憾,否,v9-expansion,你曾经因为自尊心错过一个可能喜欢你的人吗？
v9-t3-1012,大胆,真心话,关系坦白,否,v9-expansion,你有没有在想结束关系时故意隐藏真实感受？为什么？
v9-t3-1013,大胆,真心话,现场选择,否,v9-expansion,如果现场有人对你产生好感，你最希望对方用“通过共同朋友试探”的方式表达？
v9-t3-1014,大胆,真心话,边界与信任,否,v9-expansion,重要的人做出“替你做重大决定”时，你会把它视为背叛吗？
v9-t3-1015,大胆,真心话,心动与遗憾,否,v9-expansion,你曾经因为误会太深错过一个可能喜欢你的人吗？
v9-t3-1016,大胆,真心话,关系坦白,否,v9-expansion,关于确认关系，你最害怕别人发现你的哪种想法？
v9-t3-1017,大胆,真心话,现场选择,否,v9-expansion,现场谁最可能让你在想逃避问题时愿意说真话？为什么？
v9-t3-1018,大胆,真心话,边界与信任,否,v9-expansion,如果对方要求你在工作机会和关系之间做选择，你会怎么做？
v9-t3-1019,大胆,真心话,心动与遗憾,否,v9-expansion,对方做出“稳定回应”时，你最容易突然心动吗？
v9-t3-1020,大胆,真心话,关系坦白,否,v9-expansion,关于发生争吵，你最害怕别人发现你的哪种想法？
v9-t3-1021,大胆,真心话,现场选择,否,v9-expansion,现场谁最像会在关系中长期记仇的人？可以只说特质。
v9-t3-1022,大胆,真心话,边界与信任,否,v9-expansion,如果对方要求你在出国机会和关系之间做选择，你会怎么做？
v9-t3-1023,大胆,真心话,心动与遗憾,否,v9-expansion,对方做出“尊重你的拒绝”时，你最容易突然心动吗？
v9-t3-1024,大胆,真心话,关系坦白,否,v9-expansion,你曾经因为一段关系缺少耐心而逐渐失望吗？
v9-t3-1025,大胆,真心话,现场选择,否,v9-expansion,如果必须与现场一位玩家一起经历面对舆论压力，你会选谁？
v9-t3-1026,大胆,真心话,边界与信任,否,v9-expansion,关于手机隐私，你的底线是否曾经因为一个人而改变？
v9-t3-1027,大胆,真心话,心动与遗憾,否,v9-expansion,你有没有把感动误认为爱情或喜欢？后来怎样发现的？
v9-t3-1028,大胆,真心话,关系坦白,否,v9-expansion,你在喜欢一个人这件事上做过最不坦诚的选择是什么？
v9-t3-1029,大胆,真心话,现场选择,否,v9-expansion,如果必须与现场一位玩家一起经历参加重要比赛，你会选谁？
v9-t3-1030,大胆,真心话,边界与信任,否,v9-expansion,如果对方要求你在经济安全和关系之间做选择，你会怎么做？
v9-t3-1031,大胆,真心话,心动与遗憾,否,v9-expansion,你曾经因为时机不对错过一个可能喜欢你的人吗？
v9-t3-1032,大胆,真心话,关系坦白,否,v9-expansion,如果一段关系长期缺少理解，你会努力修复还是离开？
v9-t3-1033,大胆,真心话,现场选择,否,v9-expansion,如果必须与现场一位玩家一起经历一起搬家，你会选谁？
v9-t3-1034,大胆,真心话,边界与信任,否,v9-expansion,关于共同账号，你的底线是否曾经因为一个人而改变？
v9-t3-1035,大胆,真心话,心动与遗憾,否,v9-expansion,你曾经因为工作压力错过一个可能喜欢你的人吗？
v9-t3-1036,大胆,真心话,关系坦白,否,v9-expansion,你曾经因为一段关系缺少坦诚而逐渐失望吗？
v9-t3-1037,大胆,真心话,现场选择,否,v9-expansion,现场谁最可能让你在被误解时愿意说真话？为什么？
v9-t3-1038,大胆,真心话,边界与信任,否,v9-expansion,你能接受重要的人在财务状况上对你有所保留吗？
v9-t3-1039,大胆,真心话,心动与遗憾,否,v9-expansion,对方做出“保护你的边界”时，你最容易突然心动吗？
v9-t3-1040,大胆,真心话,关系坦白,否,v9-expansion,你曾经因为一段关系缺少行动而逐渐失望吗？
v9-t3-1041,大胆,真心话,现场选择,否,v9-expansion,如果必须与现场一位玩家一起经历共同创业，你会选谁？
v9-t3-1042,大胆,真心话,边界与信任,否,v9-expansion,重要的人做出“向别人泄露争吵细节”时，你会把它视为背叛吗？
v9-t3-1043,大胆,真心话,心动与遗憾,否,v9-expansion,如果可以重来一次，你最想改变哪次关于错过约会的决定？
v9-t3-1044,大胆,真心话,关系坦白,否,v9-expansion,你认为缺少热情的关系还能维持多久？
v9-t3-1045,大胆,真心话,现场选择,否,v9-expansion,如果必须与现场一位玩家一起经历完成高压项目，你会选谁？
v9-t3-1046,大胆,真心话,边界与信任,否,v9-expansion,重要的人做出“把你当备选”时，你会把它视为背叛吗？
v9-t3-1047,大胆,真心话,心动与遗憾,否,v9-expansion,你曾经因为担心失去朋友错过一个可能喜欢你的人吗？
v9-t3-1048,大胆,真心话,关系坦白,否,v9-expansion,关于感到嫉妒，你最害怕别人发现你的哪种想法？
v9-t3-1049,大胆,真心话,现场选择,否,v9-expansion,如果必须与现场一位玩家一起经历被困陌生城市，你会选谁？
v9-t3-1050,大胆,真心话,边界与信任,否,v9-expansion,如果对方要求你在独立生活和关系之间做选择，你会怎么做？
v9-t3-1051,大胆,真心话,心动与遗憾,否,v9-expansion,你曾经因为不敢主动错过一个可能喜欢你的人吗？
v9-t3-1052,大胆,真心话,关系坦白,否,v9-expansion,如果一段关系长期缺少沟通，你会努力修复还是离开？
v9-t3-1053,大胆,真心话,现场选择,否,v9-expansion,如果必须与现场一位玩家一起经历一周旅行，你会选谁？
v9-t3-1054,大胆,真心话,边界与信任,否,v9-expansion,你能接受重要的人在过去的错误上对你有所保留吗？
v9-t3-1055,大胆,真心话,心动与遗憾,否,v9-expansion,你有没有把拯救欲误认为爱情或喜欢？后来怎样发现的？
v9-t3-1056,大胆,真心话,关系坦白,否,v9-expansion,你有没有在自己犯错时故意隐藏真实感受？为什么？
v9-t3-1057,大胆,真心话,现场选择,否,v9-expansion,现场谁最像会在关系中隐藏不安的人？可以只说特质。
v9-t3-1058,大胆,真心话,边界与信任,否,v9-expansion,如果对方要求你在最好的朋友和关系之间做选择，你会怎么做？
v9-t3-1059,大胆,真心话,心动与遗憾,否,v9-expansion,如果可以重来一次，你最想改变哪次关于拒绝复合的决定？
v9-t3-1060,大胆,真心话,关系坦白,否,v9-expansion,你认为缺少稳定回应的关系还能维持多久？
v9-t3-1061,大胆,真心话,现场选择,否,v9-expansion,如果必须与现场一位玩家一起经历创业失败，你会选谁？
v9-t3-1062,大胆,真心话,边界与信任,否,v9-expansion,重要的人做出“查看你的私人信息”时，你会把它视为背叛吗？
v9-t3-1063,大胆,真心话,心动与遗憾,否,v9-expansion,你有没有把内疚误认为爱情或喜欢？后来怎样发现的？
v9-t3-1064,大胆,真心话,关系坦白,否,v9-expansion,你在需要被安慰这件事上做过最不坦诚的选择是什么？
v9-t3-1065,大胆,真心话,现场选择,否,v9-expansion,现场谁最像会在关系中很会制造惊喜的人？可以只说特质。
v9-t3-1066,大胆,真心话,边界与信任,否,v9-expansion,重要的人做出“隐瞒重要联系”时，你会把它视为背叛吗？
v9-t3-1067,大胆,真心话,心动与遗憾,否,v9-expansion,如果可以重来一次，你最想改变哪次关于告白的决定？
v9-t3-1068,大胆,真心话,关系坦白,否,v9-expansion,如果一段关系长期缺少尊重，你会努力修复还是离开？
v9-t3-1069,大胆,真心话,现场选择,否,v9-expansion,现场谁最可能让你在做错事时愿意说真话？为什么？
v9-t3-1070,大胆,真心话,边界与信任,否,v9-expansion,你能接受重要的人在朋友圈关系上对你有所保留吗？
v9-t3-1071,大胆,真心话,心动与遗憾,否,v9-expansion,你有没有把同情误认为爱情或喜欢？后来怎样发现的？
v9-t3-1072,大胆,真心话,关系坦白,否,v9-expansion,如果一段关系长期缺少热情，你会努力修复还是离开？
v9-t3-1073,大胆,真心话,现场选择,否,v9-expansion,如果现场有人对你产生好感，你最希望对方用“用行动证明”的方式表达？
v9-t3-1074,大胆,真心话,边界与信任,否,v9-expansion,关于社交自由，你的底线是否曾经因为一个人而改变？
v9-t3-1075,大胆,真心话,心动与遗憾,否,v9-expansion,你曾经因为家庭意见错过一个可能喜欢你的人吗？
v9-t3-1076,大胆,真心话,关系坦白,否,v9-expansion,你曾经因为一段关系缺少信任而逐渐失望吗？
v9-t3-1077,大胆,真心话,现场选择,否,v9-expansion,现场谁最可能让你在陷入纠结时愿意说真话？为什么？
v9-t3-1078,大胆,真心话,边界与信任,否,v9-expansion,重要的人做出“在关键时刻逃避责任”时，你会把它视为背叛吗？
v9-t3-1079,大胆,真心话,心动与遗憾,否,v9-expansion,如果可以重来一次，你最想改变哪次关于复合的决定？
v9-t3-1080,大胆,真心话,关系坦白,否,v9-expansion,你认为缺少共同目标的关系还能维持多久？
v9-t3-1081,大胆,真心话,现场选择,否,v9-expansion,现场谁最像会在关系中习惯冷处理的人？可以只说特质。
v9-t3-1082,大胆,真心话,边界与信任,否,v9-expansion,你能接受重要的人在健康状况上对你有所保留吗？
v9-t3-1083,大胆,真心话,心动与遗憾,否,v9-expansion,对方做出“坚定选择你”时，你最容易突然心动吗？
v9-t3-1084,大胆,真心话,关系坦白,否,v9-expansion,你有没有在感到嫉妒时故意隐藏真实感受？为什么？
v9-t3-1085,大胆,真心话,现场选择,否,v9-expansion,如果现场有人对你产生好感，你最希望对方用“认真准备一次约会”的方式表达？
v9-t3-1086,大胆,真心话,边界与信任,否,v9-expansion,你能接受重要的人在过去的感情上对你有所保留吗？
v9-t3-1087,大胆,真心话,心动与遗憾,否,v9-expansion,对方做出“坦白脆弱”时，你最容易突然心动吗？
v9-t3-1088,大胆,真心话,关系坦白,否,v9-expansion,如果一段关系长期缺少亲密感，你会努力修复还是离开？
v9-t3-1089,大胆,真心话,现场选择,否,v9-expansion,现场谁最像会在关系中主动沟通的人？可以只说特质。
v9-t3-1090,大胆,真心话,边界与信任,否,v9-expansion,如果对方要求你在一段旧关系和关系之间做选择，你会怎么做？
v9-t3-1091,大胆,真心话,心动与遗憾,否,v9-expansion,对方做出“记住细节”时，你最容易突然心动吗？
v9-t3-1092,大胆,真心话,关系坦白,否,v9-expansion,关于准备告别，你最害怕别人发现你的哪种想法？
v9-t3-1093,大胆,真心话,现场选择,否,v9-expansion,如果必须与现场一位玩家一起经历处理家庭危机，你会选谁？
v9-t3-1094,大胆,真心话,边界与信任,否,v9-expansion,关于生活规划，你的底线是否曾经因为一个人而改变？
v9-t3-1095,大胆,真心话,心动与遗憾,否,v9-expansion,对方做出“果断行动”时，你最容易突然心动吗？
v9-t3-1096,大胆,真心话,关系坦白,否,v9-expansion,关于信任动摇，你最害怕别人发现你的哪种想法？
v9-t3-1097,大胆,真心话,现场选择,否,v9-expansion,现场谁最可能让你在信任动摇时愿意说真话？为什么？
v9-t3-1098,大胆,真心话,边界与信任,否,v9-expansion,如果对方要求你在个人隐私和关系之间做选择，你会怎么做？
v9-t3-1099,大胆,真心话,心动与遗憾,否,v9-expansion,你曾经因为现实条件错过一个可能喜欢你的人吗？
v9-t3-1100,大胆,真心话,关系坦白,否,v9-expansion,你曾经因为一段关系缺少沟通而逐渐失望吗？
v9-t3-1101,大胆,真心话,现场选择,否,v9-expansion,如果现场有人对你产生好感，你最希望对方用“写一封信”的方式表达？
v9-t3-1102,大胆,真心话,边界与信任,否,v9-expansion,重要的人做出“故意制造嫉妒”时，你会把它视为背叛吗？
v9-t3-1103,大胆,真心话,心动与遗憾,否,v9-expansion,如果可以重来一次，你最想改变哪次关于见最后一面的决定？
v9-t3-1104,大胆,真心话,关系坦白,否,v9-expansion,如果一段关系长期缺少边界，你会努力修复还是离开？
v9-t3-1105,大胆,真心话,现场选择,否,v9-expansion,如果现场有人对你产生好感，你最希望对方用“约你单独见面”的方式表达？
v9-t3-1106,大胆,真心话,边界与信任,否,v9-expansion,如果对方要求你在家庭意见和关系之间做选择，你会怎么做？
v9-t3-1107,大胆,真心话,心动与遗憾,否,v9-expansion,你有没有把新鲜感误认为爱情或喜欢？后来怎样发现的？
v9-t3-1108,大胆,真心话,关系坦白,否,v9-expansion,如果一段关系长期缺少共同目标，你会努力修复还是离开？
v9-t3-1109,大胆,真心话,现场选择,否,v9-expansion,如果现场有人对你产生好感，你最希望对方用“先询问你的感受”的方式表达？
v9-t3-1110,大胆,真心话,边界与信任,否,v9-expansion,你能接受重要的人在职业计划上对你有所保留吗？
v9-t3-1111,大胆,真心话,心动与遗憾,否,v9-expansion,你曾经因为不确定对方态度错过一个可能喜欢你的人吗？
v9-t3-1112,大胆,真心话,关系坦白,否,v9-expansion,你曾经因为一段关系缺少个人空间而逐渐失望吗？
v9-t3-1113,大胆,真心话,现场选择,否,v9-expansion,现场谁最可能让你在想重新开始时愿意说真话？为什么？
v9-t3-1114,大胆,真心话,边界与信任,否,v9-expansion,重要的人做出“和你讨厌的人走得很近”时，你会把它视为背叛吗？
v9-t3-1115,大胆,真心话,心动与遗憾,否,v9-expansion,对方做出“承认自己的错误”时，你最容易突然心动吗？
v9-t3-1116,大胆,真心话,关系坦白,否,v9-expansion,你认为缺少承诺的关系还能维持多久？
v9-t3-1117,大胆,真心话,现场选择,否,v9-expansion,如果现场有人对你产生好感，你最希望对方用“直接说”的方式表达？
v9-t3-1118,大胆,真心话,边界与信任,否,v9-expansion,如果对方要求你在长期计划和关系之间做选择，你会怎么做？
v9-t3-1119,大胆,真心话,心动与遗憾,否,v9-expansion,对方做出“愿意谈未来”时，你最容易突然心动吗？
v9-t3-1120,大胆,真心话,关系坦白,否,v9-expansion,你认为缺少行动的关系还能维持多久？
v9-t3-1121,大胆,真心话,现场选择,否,v9-expansion,现场谁最像会在关系中害怕承诺的人？可以只说特质。
v9-t3-1122,大胆,真心话,边界与信任,否,v9-expansion,你能接受重要的人在家庭问题上对你有所保留吗？
v9-t3-1123,大胆,真心话,心动与遗憾,否,v9-expansion,你曾经因为害怕被拒绝错过一个可能喜欢你的人吗？
v9-t3-1124,大胆,真心话,关系坦白,否,v9-expansion,你认为缺少坦诚的关系还能维持多久？
v9-t3-1125,大胆,真心话,现场选择,否,v9-expansion,如果必须与现场一位玩家一起经历共同照顾宠物，你会选谁？
v9-t3-1126,大胆,真心话,边界与信任,否,v9-expansion,你能接受重要的人在对婚姻的看法上对你有所保留吗？
v9-t3-1127,大胆,真心话,心动与遗憾,否,v9-expansion,你有没有把不甘心误认为爱情或喜欢？后来怎样发现的？
v9-t3-1128,大胆,真心话,关系坦白,否,v9-expansion,你认为缺少亲密感的关系还能维持多久？
v9-t3-1129,大胆,真心话,现场选择,否,v9-expansion,现场谁最可能让你在准备告别时愿意说真话？为什么？
v9-t3-1130,大胆,真心话,边界与信任,否,v9-expansion,重要的人做出“用冷处理惩罚你”时，你会把它视为背叛吗？
v9-t3-1131,大胆,真心话,心动与遗憾,否,v9-expansion,如果可以重来一次，你最想改变哪次关于公开关系的决定？
v9-t3-1132,大胆,真心话,关系坦白,否,v9-expansion,你曾经因为一段关系缺少共同目标而逐渐失望吗？
v9-t3-1133,大胆,真心话,边界与信任,否,v9-expansion,关于朋友优先级，你的底线是否曾经因为一个人而改变？
v9-t3-1134,大胆,真心话,心动与遗憾,否,v9-expansion,你有没有把胜负欲误认为爱情或喜欢？后来怎样发现的？
v9-t3-1135,大胆,真心话,关系坦白,否,v9-expansion,你在被冷落这件事上做过最不坦诚的选择是什么？
v9-t3-1136,大胆,真心话,边界与信任,否,v9-expansion,如果对方要求你在现有朋友圈和关系之间做选择，你会怎么做？
v9-t3-1137,大胆,真心话,心动与遗憾,否,v9-expansion,你有没有把孤独误认为爱情或喜欢？后来怎样发现的？
v9-t3-1138,大胆,真心话,关系坦白,否,v9-expansion,关于被冷落，你最害怕别人发现你的哪种想法？
v9-t3-1139,大胆,真心话,边界与信任,否,v9-expansion,重要的人做出“长期忽视你的感受”时，你会把它视为背叛吗？
v9-t3-1140,大胆,真心话,心动与遗憾,否,v9-expansion,你曾经因为距离问题错过一个可能喜欢你的人吗？
v9-t3-1141,大胆,真心话,关系坦白,否,v9-expansion,你在面对前任这件事上做过最不坦诚的选择是什么？
v9-t3-1142,大胆,真心话,边界与信任,否,v9-expansion,如果对方要求你在个人理想和关系之间做选择，你会怎么做？
v9-t3-1143,大胆,真心话,心动与遗憾,否,v9-expansion,对方做出“在你低落时陪伴”时，你最容易突然心动吗？
v9-t3-1144,大胆,真心话,关系坦白,否,v9-expansion,你有没有在确认关系时故意隐藏真实感受？为什么？
v9-t3-1145,大胆,真心话,边界与信任,否,v9-expansion,关于前任联系，你的底线是否曾经因为一个人而改变？
v9-t3-1146,大胆,真心话,心动与遗憾,否,v9-expansion,你有没有把被需要误认为爱情或喜欢？后来怎样发现的？
v9-t3-1147,大胆,真心话,关系坦白,否,v9-expansion,你曾经因为一段关系缺少理解而逐渐失望吗？
v9-t3-1148,大胆,真心话,边界与信任,否,v9-expansion,如果对方要求你在生活城市和关系之间做选择，你会怎么做？
v9-t3-1149,大胆,真心话,心动与遗憾,否,v9-expansion,如果可以重来一次，你最想改变哪次关于搬去同一城市的决定？
v9-t3-1150,大胆,真心话,关系坦白,否,v9-expansion,你在等待承诺这件事上做过最不坦诚的选择是什么？
v9-t3-1151,大胆,真心话,边界与信任,否,v9-expansion,重要的人做出“否认已经答应的事”时，你会把它视为背叛吗？
v9-t3-1152,大胆,真心话,心动与遗憾,否,v9-expansion,如果可以重来一次，你最想改变哪次关于告诉朋友的决定？
v9-t3-1153,大胆,真心话,关系坦白,否,v9-expansion,你认为缺少理解的关系还能维持多久？
v9-t3-1154,大胆,真心话,边界与信任,否,v9-expansion,关于共享定位，你的底线是否曾经因为一个人而改变？
v9-t3-1155,大胆,真心话,心动与遗憾,否,v9-expansion,如果可以重来一次，你最想改变哪次关于结束暧昧的决定？
v9-t3-1156,大胆,真心话,关系坦白,否,v9-expansion,关于对方道歉，你最害怕别人发现你的哪种想法？
v9-t3-1157,大胆,真心话,边界与信任,否,v9-expansion,重要的人做出“长期说一套做一套”时，你会把它视为背叛吗？
v9-t3-1158,大胆,真心话,心动与遗憾,否,v9-expansion,你有没有把依赖误认为爱情或喜欢？后来怎样发现的？
v9-t3-1159,大胆,真心话,关系坦白,否,v9-expansion,你认为缺少信任的关系还能维持多久？
v9-t3-1160,大胆,真心话,边界与信任,否,v9-expansion,重要的人做出“公开你的秘密”时，你会把它视为背叛吗？
d301,大胆,大冒险,历史题库,否,v8,选择一位玩家，用三十秒认真说明你欣赏对方的地方。
d302,大胆,大冒险,历史题库,否,v8,与一位自愿参加的玩家完成二十秒默契动作同步。
d303,大胆,大冒险,历史题库,否,v8,让现场玩家各说一个词，组成一段即兴告白。
d304,大胆,大冒险,历史题库,否,v8,选择一位玩家，互相说出对方给自己的第一印象。
d305,大胆,大冒险,历史题库,否,v8,以“我一直没告诉大家”为开头，讲一件无伤大雅的小事。
d306,大胆,大冒险,历史题库,否,v8,让一位玩家选择你的表演主题，即兴演三十秒。
d307,大胆,大冒险,历史题库,否,v8,面对现场所有人，完成一段真诚的十秒感谢。
d308,大胆,大冒险,历史题库,否,v8,任选一位玩家，给对方设计一句专属应援口号。
d309,大胆,大冒险,历史题库,否,v8,用偶像剧主角的方式邀请一位玩家与你击掌。
d310,大胆,大冒险,历史题库,否,v8,让大家投票选出你最适合的角色，并即兴表演。
d311,大胆,大冒险,历史题库,否,v8,选择一位玩家，轮流说对方优点，先停顿超过三秒的人输。
d312,大胆,大冒险,历史题库,否,v8,用三十秒讲述一次你真正感到骄傲的经历。
d313,大胆,大冒险,历史题库,否,v8,让现场玩家替你设计一句个人宣言，并大声念出。
d314,大胆,大冒险,历史题库,否,v8,选择一位玩家，合作完成一段十五秒即兴广告。
d315,大胆,大冒险,历史题库,否,v8,认真看向镜头或大家，说一句你现在最需要听到的话。
d316,大胆,大冒险,历史题库,否,v8,让大家指定一种情绪，你用这种情绪唱一句歌。
d317,大胆,大冒险,历史题库,否,v8,选择一位玩家，互相为对方取一个只在今晚使用的称号。
d318,大胆,大冒险,历史题库,否,v8,用发布会口吻宣布自己接下来一个月的小目标。
v9-d3-1161,大胆,大冒险,关系表演,否,v9-expansion,模拟一次“明知不合适仍然心动”，让大家判断你的角色是真诚还是嘴硬。
v9-d3-1162,大胆,大冒险,观点挑战,否,v9-expansion,假装你是关系节目嘉宾，回答：“长期暧昧不表态该不该被原谅？”
v9-d3-1163,大胆,大冒险,创意挑战,否,v9-expansion,把“暧昧结束指南”介绍成今晚最值得参加的节目。
v9-d3-1164,大胆,大冒险,大胆表达,否,v9-expansion,用最有说服力的语气解释：“为什么独立比依赖更重要？”
v9-d3-1165,大胆,大冒险,现场聚焦,是,v9-expansion,选一位玩家，说出你认为对方在保持边界方面最可能隐藏的优点。
v9-d3-1166,大胆,大冒险,关系表演,否,v9-expansion,把“关系降温后谈清楚”演成一段十秒电影预告。
v9-d3-1167,大胆,大冒险,观点挑战,否,v9-expansion,假装你是关系节目嘉宾，回答：“隐瞒重要事实该不该被原谅？”
v9-d3-1168,大胆,大冒险,创意挑战,否,v9-expansion,为“关系修复课程”设计一个夸张标题和一句宣传语。
v9-d3-1169,大胆,大冒险,大胆表达,否,v9-expansion,让大家指定一种笨拙风格，你用它说一句虚构告白。
v9-d3-1170,大胆,大冒险,现场聚焦,是,v9-expansion,请一位自愿玩家和你背对背坐十秒，轮流回答：“谁更怕失去自由？”
v9-d3-1171,大胆,大冒险,关系表演,否,v9-expansion,表演十五秒“关系降温后谈清楚”的内心独白。
v9-d3-1172,大胆,大冒险,观点挑战,否,v9-expansion,围绕“关系中是否需要绝对坦白”做二十秒立场陈述，结束时必须给出一个底线。
v9-d3-1173,大胆,大冒险,创意挑战,否,v9-expansion,把“关系修复课程”介绍成今晚最值得参加的节目。
v9-d3-1174,大胆,大冒险,大胆表达,是,v9-expansion,请一位自愿玩家与你进行十秒“决定保持距离”对话，不发生身体接触。
v9-d3-1175,大胆,大冒险,现场聚焦,是,v9-expansion,由大家指定一位玩家，你要为对方设计一个“最适合解决误会的人”奖项并颁奖。
v9-d3-1176,大胆,大冒险,关系表演,否,v9-expansion,表演十五秒“在争吵后先道歉”的内心独白。
v9-d3-1177,大胆,大冒险,观点挑战,否,v9-expansion,用一句话给正在经历“现实条件不合”的人一个大胆但不伤人的建议。
v9-d3-1178,大胆,大冒险,创意挑战,否,v9-expansion,为“暧昧结束指南”设计一个夸张标题和一句宣传语。
v9-d3-1179,大胆,大冒险,大胆表达,是,v9-expansion,请一位自愿玩家与你进行十秒“误会后的和解”对话，不发生身体接触。
v9-d3-1180,大胆,大冒险,现场聚焦,是,v9-expansion,请一位自愿玩家和你背对背坐十秒，轮流回答：“谁更看重稳定？”
v9-d3-1181,大胆,大冒险,关系表演,否,v9-expansion,用一句话演出“发现对方隐瞒秘密”，但不能直接说“喜欢”或“离开”。
v9-d3-1182,大胆,大冒险,观点挑战,否,v9-expansion,用一句话给正在经历“异地犹豫”的人一个大胆但不伤人的建议。
v9-d3-1183,大胆,大冒险,创意挑战,否,v9-expansion,用十秒为“重新开始计划”录制一段开场旁白。
v9-d3-1184,大胆,大冒险,大胆表达,否,v9-expansion,让大家指定一种悬疑电影风格，你用它说一句虚构告白。
v9-d3-1185,大胆,大冒险,现场聚焦,是,v9-expansion,选一位玩家，说出你认为对方在照顾别人方面最可能隐藏的优点。
v9-d3-1186,大胆,大冒险,关系表演,否,v9-expansion,把“发现自己吃醋”演成一段十秒电影预告。
v9-d3-1187,大胆,大冒险,观点挑战,否,v9-expansion,围绕“公开关系是否必要”做二十秒立场陈述，结束时必须给出一个底线。
v9-d3-1188,大胆,大冒险,创意挑战,否,v9-expansion,把“吃醋管理课程”介绍成今晚最值得参加的节目。
v9-d3-1189,大胆,大冒险,大胆表达,是,v9-expansion,选一位自愿玩家，用不涉及外貌的方式完成一次真人秀采访式夸奖。
v9-d3-1190,大胆,大冒险,现场聚焦,是,v9-expansion,选一位玩家，说出你认为对方在主动道歉方面最可能隐藏的优点。
v9-d3-1191,大胆,大冒险,关系表演,否,v9-expansion,把“被拒绝后装作轻松”演成一段十秒电影预告。
v9-d3-1192,大胆,大冒险,观点挑战,否,v9-expansion,围绕“异地是否值得坚持”做二十秒立场陈述，结束时必须给出一个底线。
v9-d3-1193,大胆,大冒险,创意挑战,否,v9-expansion,把“成年人约会节目”介绍成今晚最值得参加的节目。
v9-d3-1194,大胆,大冒险,大胆表达,否,v9-expansion,用最有说服力的语气解释：“为什么安全感比新鲜感更重要？”
v9-d3-1195,大胆,大冒险,现场聚焦,是,v9-expansion,由大家指定一位玩家，你要为对方设计一个“最适合共同创业的人”奖项并颁奖。
v9-d3-1196,大胆,大冒险,关系表演,否,v9-expansion,表演十五秒“想复合但不敢开口”的内心独白。
v9-d3-1197,大胆,大冒险,观点挑战,否,v9-expansion,假装你是关系节目嘉宾，回答：“把人当备选该不该被原谅？”
v9-d3-1198,大胆,大冒险,创意挑战,否,v9-expansion,把“异地恋生存手册”介绍成今晚最值得参加的节目。
v9-d3-1199,大胆,大冒险,大胆表达,否,v9-expansion,用最有说服力的语气解释：“为什么直接表达比慢慢试探更重要？”
v9-d3-1200,大胆,大冒险,现场聚焦,是,v9-expansion,由大家指定一位玩家，你要为对方设计一个“最适合主动道歉的人”奖项并颁奖。
v9-d3-1201,大胆,大冒险,关系表演,否,v9-expansion,模拟一次“想复合但不敢开口”，让大家判断你的角色是真诚还是嘴硬。
v9-d3-1202,大胆,大冒险,观点挑战,否,v9-expansion,围绕“个人空间是否必须”做二十秒立场陈述，结束时必须给出一个底线。
v9-d3-1203,大胆,大冒险,创意挑战,否,v9-expansion,用十秒为“深夜关系播客”录制一段开场旁白。
v9-d3-1204,大胆,大冒险,大胆表达,否,v9-expansion,用最有说服力的语气解释：“为什么边界比亲密更重要？”
v9-d3-1205,大胆,大冒险,现场聚焦,是,v9-expansion,由大家指定一位玩家，你要为对方设计一个“最适合制造惊喜的人”奖项并颁奖。
v9-d3-1206,大胆,大冒险,关系表演,否,v9-expansion,用一句话演出“误会终于解开”，但不能直接说“喜欢”或“离开”。
v9-d3-1207,大胆,大冒险,观点挑战,否,v9-expansion,围绕“承诺是否必须公开”做二十秒立场陈述，结束时必须给出一个底线。
v9-d3-1208,大胆,大冒险,创意挑战,否,v9-expansion,为“边界沟通工作坊”设计一个夸张标题和一句宣传语。
v9-d3-1209,大胆,大冒险,大胆表达,否,v9-expansion,用最有说服力的语气解释：“为什么原谅比离开更重要？”
v9-d3-1210,大胆,大冒险,现场聚焦,是,v9-expansion,请一位自愿玩家和你背对背坐十秒，轮流回答：“谁更需要个人空间？”
v9-d3-1211,大胆,大冒险,关系表演,否,v9-expansion,表演十五秒“准备删除联系方式”的内心独白。
v9-d3-1212,大胆,大冒险,观点挑战,否,v9-expansion,假装你是关系节目嘉宾，回答：“消失后突然回来该不该被原谅？”
v9-d3-1213,大胆,大冒险,创意挑战,否,v9-expansion,为“失恋恢复指南”设计一个夸张标题和一句宣传语。
v9-d3-1214,大胆,大冒险,大胆表达,否,v9-expansion,用最有说服力的语气解释：“为什么个人理想比关系稳定更重要？”
v9-d3-1215,大胆,大冒险,现场聚焦,是,v9-expansion,选一位玩家，说出你认为对方在接受拒绝方面最可能隐藏的优点。
v9-d3-1216,大胆,大冒险,关系表演,否,v9-expansion,把“旧情人突然联系”演成一段十秒电影预告。
v9-d3-1217,大胆,大冒险,观点挑战,否,v9-expansion,假装你是关系节目嘉宾，回答：“未经允许查看隐私该不该被原谅？”
v9-d3-1218,大胆,大冒险,创意挑战,否,v9-expansion,用十秒为“边界沟通工作坊”录制一段开场旁白。
v9-d3-1219,大胆,大冒险,大胆表达,否,v9-expansion,让大家指定一种纪录片风格，你用它说一句虚构告白。
v9-d3-1220,大胆,大冒险,现场聚焦,是,v9-expansion,选一位玩家，说出你认为对方在给人安全感方面最可能隐藏的优点。
v9-d3-1221,大胆,大冒险,关系表演,否,v9-expansion,用一句话演出“关系降温后谈清楚”，但不能直接说“喜欢”或“离开”。
v9-d3-1222,大胆,大冒险,观点挑战,否,v9-expansion,假装你是关系节目嘉宾，回答：“公开他人秘密该不该被原谅？”
v9-d3-1223,大胆,大冒险,创意挑战,否,v9-expansion,为“虚构恋爱电影”设计一个夸张标题和一句宣传语。
v9-d3-1224,大胆,大冒险,大胆表达,是,v9-expansion,选一位自愿玩家，用不涉及外貌的方式完成一次电影旁白式夸奖。
v9-d3-1225,大胆,大冒险,现场聚焦,是,v9-expansion,请一位自愿玩家和你背对背坐十秒，轮流回答：“谁更容易口是心非？”
v9-d3-1226,大胆,大冒险,关系表演,否,v9-expansion,用一句话演出“发现自己吃醋”，但不能直接说“喜欢”或“离开”。
v9-d3-1227,大胆,大冒险,观点挑战,否,v9-expansion,围绕“复合是不是退步”做二十秒立场陈述，结束时必须给出一个底线。
v9-d3-1228,大胆,大冒险,创意挑战,否,v9-expansion,把“前任处理手册”介绍成今晚最值得参加的节目。
v9-d3-1229,大胆,大冒险,大胆表达,否,v9-expansion,用最有说服力的语气解释：“为什么浪漫比实用更重要？”
v9-d3-1230,大胆,大冒险,现场聚焦,是,v9-expansion,选一位玩家，说出你认为对方在面对离别方面最可能隐藏的优点。
v9-d3-1231,大胆,大冒险,关系表演,否,v9-expansion,模拟一次“被拒绝后装作轻松”，让大家判断你的角色是真诚还是嘴硬。
v9-d3-1232,大胆,大冒险,观点挑战,否,v9-expansion,围绕“道歉能否修复信任”做二十秒立场陈述，结束时必须给出一个底线。
v9-d3-1233,大胆,大冒险,创意挑战,否,v9-expansion,把“失恋恢复指南”介绍成今晚最值得参加的节目。
v9-d3-1234,大胆,大冒险,大胆表达,否,v9-expansion,让大家指定一种成熟风格，你用它说一句虚构告白。
v9-d3-1235,大胆,大冒险,现场聚焦,是,v9-expansion,选一位玩家，说出你认为对方在亲密关系方面最可能隐藏的优点。
v9-d3-1236,大胆,大冒险,关系表演,否,v9-expansion,表演十五秒“长期暧昧终于摊牌”的内心独白。
v9-d3-1237,大胆,大冒险,观点挑战,否,v9-expansion,用一句话给正在经历“被拒绝”的人一个大胆但不伤人的建议。
v9-d3-1238,大胆,大冒险,创意挑战,否,v9-expansion,用十秒为“成年人约会节目”录制一段开场旁白。
v9-d3-1239,大胆,大冒险,大胆表达,否,v9-expansion,用最有说服力的语气解释：“为什么坚持比及时止损更重要？”
v9-d3-1240,大胆,大冒险,现场聚焦,是,v9-expansion,选一位玩家，说出你认为对方在面对冲突方面最可能隐藏的优点。
v9-d3-1241,大胆,大冒险,关系表演,否,v9-expansion,把“准备删除联系方式”演成一段十秒电影预告。
v9-d3-1242,大胆,大冒险,观点挑战,否,v9-expansion,围绕“分手后能否做朋友”做二十秒立场陈述，结束时必须给出一个底线。
v9-d3-1243,大胆,大冒险,创意挑战,否,v9-expansion,为“异地恋生存手册”设计一个夸张标题和一句宣传语。
v9-d3-1244,大胆,大冒险,大胆表达,是,v9-expansion,选一位自愿玩家，用不涉及外貌的方式完成一次深夜电台式夸奖。
v9-d3-1245,大胆,大冒险,现场聚焦,是,v9-expansion,请一位自愿玩家和你背对背坐十秒，轮流回答：“谁更容易吃醋？”
v9-d3-1246,大胆,大冒险,关系表演,否,v9-expansion,用一句话演出“想复合但不敢开口”，但不能直接说“喜欢”或“离开”。
v9-d3-1247,大胆,大冒险,观点挑战,否,v9-expansion,用一句话给正在经历“关系降温”的人一个大胆但不伤人的建议。
v9-d3-1248,大胆,大冒险,创意挑战,否,v9-expansion,用十秒为“失恋恢复指南”录制一段开场旁白。
v9-d3-1249,大胆,大冒险,大胆表达,否,v9-expansion,用最有说服力的语气解释：“为什么共同目标比当下快乐更重要？”
v9-d3-1250,大胆,大冒险,现场聚焦,是,v9-expansion,看着一位自愿玩家的眼睛五秒，然后用一个词形容当下感受。
v9-d3-1251,大胆,大冒险,关系表演,否,v9-expansion,表演十五秒“不得不告别”的内心独白。
v9-d3-1252,大胆,大冒险,观点挑战,否,v9-expansion,用一句话给正在经历“朋友变恋人”的人一个大胆但不伤人的建议。
v9-d3-1253,大胆,大冒险,创意挑战,否,v9-expansion,用十秒为“吃醋管理课程”录制一段开场旁白。
v9-d3-1254,大胆,大冒险,大胆表达,是,v9-expansion,选一位自愿玩家，用不涉及外貌的方式完成一次青春电影式夸奖。
v9-d3-1255,大胆,大冒险,现场聚焦,是,v9-expansion,由大家指定一位玩家，你要为对方设计一个“最适合长期异地的人”奖项并颁奖。
v9-d3-1256,大胆,大冒险,关系表演,否,v9-expansion,表演十五秒“准备告白却临时退缩”的内心独白。
v9-d3-1257,大胆,大冒险,观点挑战,否,v9-expansion,假装你是关系节目嘉宾，回答：“答应后又反悔该不该被原谅？”
v9-d3-1258,大胆,大冒险,创意挑战,否,v9-expansion,用十秒为“前任处理手册”录制一段开场旁白。
v9-d3-1259,大胆,大冒险,大胆表达,是,v9-expansion,请一位自愿玩家与你进行十秒“准备分别”对话，不发生身体接触。
v9-d3-1260,大胆,大冒险,现场聚焦,是,v9-expansion,选一位玩家，说出你认为对方在表达需求方面最可能隐藏的优点。
v9-d3-1261,大胆,大冒险,关系表演,否,v9-expansion,把“误会终于解开”演成一段十秒电影预告。
v9-d3-1262,大胆,大冒险,观点挑战,否,v9-expansion,用一句话给正在经历“想复合”的人一个大胆但不伤人的建议。
v9-d3-1263,大胆,大冒险,创意挑战,否,v9-expansion,用十秒为“虚构恋爱电影”录制一段开场旁白。
v9-d3-1264,大胆,大冒险,大胆表达,否,v9-expansion,用最有说服力的语气解释：“为什么陪伴比个人空间更重要？”
v9-d3-1265,大胆,大冒险,现场聚焦,是,v9-expansion,请一位自愿玩家和你背对背坐十秒，轮流回答：“谁更容易先道歉？”
v9-d3-1266,大胆,大冒险,关系表演,否,v9-expansion,模拟一次“旧情人突然联系”，让大家判断你的角色是真诚还是嘴硬。
v9-d3-1267,大胆,大冒险,观点挑战,否,v9-expansion,假装你是关系节目嘉宾，回答：“用分手威胁对方该不该被原谅？”
v9-d3-1268,大胆,大冒险,创意挑战,否,v9-expansion,用十秒为“告白训练营”录制一段开场旁白。
v9-d3-1269,大胆,大冒险,大胆表达,否,v9-expansion,用最有说服力的语气解释：“为什么公开关系比低调保护更重要？”
v9-d3-1270,大胆,大冒险,现场聚焦,是,v9-expansion,选一位玩家，说出你认为对方在处理嫉妒方面最可能隐藏的优点。
v9-d3-1271,大胆,大冒险,关系表演,否,v9-expansion,模拟一次“准备告白却临时退缩”，让大家判断你的角色是真诚还是嘴硬。
v9-d3-1272,大胆,大冒险,观点挑战,否,v9-expansion,用一句话给正在经历“长期暧昧”的人一个大胆但不伤人的建议。
v9-d3-1273,大胆,大冒险,创意挑战,否,v9-expansion,把“边界沟通工作坊”介绍成今晚最值得参加的节目。
v9-d3-1274,大胆,大冒险,大胆表达,否,v9-expansion,让大家指定一种喜剧风格，你用它说一句虚构告白。
v9-d3-1275,大胆,大冒险,现场聚焦,是,v9-expansion,请一位自愿玩家和你背对背坐十秒，轮流回答：“谁更相信一见钟情？”
v9-d3-1276,大胆,大冒险,关系表演,否,v9-expansion,用一句话演出“明知不合适仍然心动”，但不能直接说“喜欢”或“离开”。
v9-d3-1277,大胆,大冒险,观点挑战,否,v9-expansion,用一句话给正在经历“失恋”的人一个大胆但不伤人的建议。
v9-d3-1278,大胆,大冒险,创意挑战,否,v9-expansion,为“深夜关系播客”设计一个夸张标题和一句宣传语。
v9-d3-1279,大胆,大冒险,大胆表达,是,v9-expansion,请一位自愿玩家与你进行十秒“朋友突然告白”对话，不发生身体接触。
v9-d3-1280,大胆,大冒险,现场聚焦,是,v9-expansion,由大家指定一位玩家，你要为对方设计一个“最适合认真恋爱的人”奖项并颁奖。
v9-d3-1281,大胆,大冒险,关系表演,否,v9-expansion,表演十五秒“误会终于解开”的内心独白。
v9-d3-1282,大胆,大冒险,观点挑战,否,v9-expansion,围绕“朋友能否变恋人”做二十秒立场陈述，结束时必须给出一个底线。
v9-d3-1283,大胆,大冒险,创意挑战,否,v9-expansion,为“重新开始计划”设计一个夸张标题和一句宣传语。
v9-d3-1284,大胆,大冒险,大胆表达,是,v9-expansion,选一位自愿玩家，用不涉及外貌的方式完成一次职场节目式夸奖。
v9-d3-1285,大胆,大冒险,现场聚焦,是,v9-expansion,选一位玩家，说出你认为对方在制造浪漫方面最可能隐藏的优点。
v9-d3-1286,大胆,大冒险,关系表演,否,v9-expansion,表演十五秒“被拒绝后装作轻松”的内心独白。
v9-d3-1287,大胆,大冒险,观点挑战,否,v9-expansion,围绕“长期暧昧是否公平”做二十秒立场陈述，结束时必须给出一个底线。
v9-d3-1288,大胆,大冒险,创意挑战,否,v9-expansion,为“告白训练营”设计一个夸张标题和一句宣传语。
v9-d3-1289,大胆,大冒险,大胆表达,是,v9-expansion,选一位自愿玩家，用不涉及外貌的方式完成一次复古爱情片式夸奖。
v9-d3-1290,大胆,大冒险,现场聚焦,是,v9-expansion,由大家指定一位玩家，你要为对方设计一个“最适合陪人走出低谷的人”奖项并颁奖。
v9-d3-1291,大胆,大冒险,关系表演,否,v9-expansion,模拟一次“分手后偶遇”，让大家判断你的角色是真诚还是嘴硬。
v9-d3-1292,大胆,大冒险,观点挑战,否,v9-expansion,用一句话给正在经历“必须告别”的人一个大胆但不伤人的建议。
v9-d3-1293,大胆,大冒险,创意挑战,否,v9-expansion,把“深夜关系播客”介绍成今晚最值得参加的节目。
v9-d3-1294,大胆,大冒险,大胆表达,否,v9-expansion,用最有说服力的语气解释：“为什么复合比重新开始更重要？”
v9-d3-1295,大胆,大冒险,现场聚焦,是,v9-expansion,由大家指定一位玩家，你要为对方设计一个“最适合守住边界的人”奖项并颁奖。
v9-d3-1296,大胆,大冒险,关系表演,否,v9-expansion,把“明知不合适仍然心动”演成一段十秒电影预告。
v9-d3-1297,大胆,大冒险,观点挑战,否,v9-expansion,假装你是关系节目嘉宾，回答：“故意让人吃醋该不该被原谅？”
v9-d3-1298,大胆,大冒险,创意挑战,否,v9-expansion,为“吃醋管理课程”设计一个夸张标题和一句宣传语。
v9-d3-1299,大胆,大冒险,大胆表达,是,v9-expansion,请一位自愿玩家与你进行十秒“关系降温谈判”对话，不发生身体接触。
v9-d3-1300,大胆,大冒险,现场聚焦,是,v9-expansion,请一位自愿玩家和你背对背坐十秒，轮流回答：“谁更可能先告白？”
v9-d3-1301,大胆,大冒险,关系表演,否,v9-expansion,模拟一次“准备删除联系方式”，让大家判断你的角色是真诚还是嘴硬。
v9-d3-1302,大胆,大冒险,观点挑战,否,v9-expansion,用一句话给正在经历“家人反对”的人一个大胆但不伤人的建议。
v9-d3-1303,大胆,大冒险,创意挑战,否,v9-expansion,把“告白训练营”介绍成今晚最值得参加的节目。
v9-d3-1304,大胆,大冒险,大胆表达,否,v9-expansion,用最有说服力的语气解释：“为什么稳定比心动更重要？”
v9-d3-1305,大胆,大冒险,现场聚焦,是,v9-expansion,由大家指定一位玩家，你要为对方设计一个“最适合一起旅行的人”奖项并颁奖。
v9-d3-1306,大胆,大冒险,关系表演,否,v9-expansion,用一句话演出“分手后偶遇”，但不能直接说“喜欢”或“离开”。
v9-d3-1307,大胆,大冒险,观点挑战,否,v9-expansion,用一句话给正在经历“单方面付出”的人一个大胆但不伤人的建议。
v9-d3-1308,大胆,大冒险,创意挑战,否,v9-expansion,用十秒为“暧昧结束指南”录制一段开场旁白。
v9-d3-1309,大胆,大冒险,大胆表达,是,v9-expansion,选一位自愿玩家，用不涉及外貌的方式完成一次成年人喜剧式夸奖。
v9-d3-1310,大胆,大冒险,现场聚焦,是,v9-expansion,由大家指定一位玩家，你要为对方设计一个“最适合处理危机的人”奖项并颁奖。
v9-d3-1311,大胆,大冒险,关系表演,否,v9-expansion,模拟一次“长期暧昧终于摊牌”，让大家判断你的角色是真诚还是嘴硬。
v9-d3-1312,大胆,大冒险,观点挑战,否,v9-expansion,假装你是关系节目嘉宾，回答：“不断比较前任该不该被原谅？”
v9-d3-1313,大胆,大冒险,创意挑战,否,v9-expansion,为“前任处理手册”设计一个夸张标题和一句宣传语。
v9-d3-1314,大胆,大冒险,大胆表达,否,v9-expansion,用最有说服力的语气解释：“为什么被理解比被选择更重要？”
v9-d3-1315,大胆,大冒险,现场聚焦,是,v9-expansion,请一位自愿玩家和你背对背坐十秒，轮流回答：“谁更会主动沟通？”
v9-d3-1316,大胆,大冒险,关系表演,否,v9-expansion,把“准备告白却临时退缩”演成一段十秒电影预告。
v9-d3-1317,大胆,大冒险,观点挑战,否,v9-expansion,假装你是关系节目嘉宾，回答：“反复失约该不该被原谅？”
v9-d3-1318,大胆,大冒险,创意挑战,否,v9-expansion,用十秒为“关系修复课程”录制一段开场旁白。
v9-d3-1319,大胆,大冒险,大胆表达,否,v9-expansion,让大家指定一种深夜电台风格，你用它说一句虚构告白。
v9-d3-1320,大胆,大冒险,现场聚焦,是,v9-expansion,选一位玩家，说出你认为对方在承担承诺方面最可能隐藏的优点。
v9-d3-1321,大胆,大冒险,关系表演,否,v9-expansion,表演十五秒“发现对方隐瞒秘密”的内心独白。
v9-d3-1322,大胆,大冒险,观点挑战,否,v9-expansion,围绕“冷静期是否有用”做二十秒立场陈述，结束时必须给出一个底线。
v9-d3-1323,大胆,大冒险,创意挑战,否,v9-expansion,用十秒为“异地恋生存手册”录制一段开场旁白。
v9-d3-1324,大胆,大冒险,大胆表达,是,v9-expansion,请一位自愿玩家与你进行十秒“前任偶遇”对话，不发生身体接触。
v9-d3-1325,大胆,大冒险,现场聚焦,是,v9-expansion,请一位自愿玩家和你背对背坐十秒，轮流回答：“谁更擅长保守秘密？”
v9-d3-1326,大胆,大冒险,关系表演,否,v9-expansion,表演十五秒“旧情人突然联系”的内心独白。
v9-d3-1327,大胆,大冒险,观点挑战,否,v9-expansion,假装你是关系节目嘉宾，回答：“情绪冷处理该不该被原谅？”
v9-d3-1328,大胆,大冒险,创意挑战,否,v9-expansion,为“成年人约会节目”设计一个夸张标题和一句宣传语。
v9-d3-1329,大胆,大冒险,大胆表达,否,v9-expansion,用最有说服力的语气解释：“为什么坦诚比体面更重要？”
v9-d3-1330,大胆,大冒险,现场聚焦,是,v9-expansion,由大家指定一位玩家，你要为对方设计一个“最适合保守秘密的人”奖项并颁奖。
v9-d3-1331,大胆,大冒险,关系表演,否,v9-expansion,把“长期暧昧终于摊牌”演成一段十秒电影预告。
v9-d3-1332,大胆,大冒险,观点挑战,否,v9-expansion,围绕“朋友意见是否重要”做二十秒立场陈述，结束时必须给出一个底线。
v9-d3-1333,大胆,大冒险,创意挑战,否,v9-expansion,把“虚构恋爱电影”介绍成今晚最值得参加的节目。
v9-d3-1334,大胆,大冒险,大胆表达,是,v9-expansion,选一位自愿玩家，用不涉及外貌的方式完成一次颁奖典礼式夸奖。
v9-d3-1335,大胆,大冒险,现场聚焦,是,v9-expansion,由大家指定一位玩家，你要为对方设计一个“最适合照顾宠物的人”奖项并颁奖。
v9-d3-1336,大胆,大冒险,关系表演,否,v9-expansion,模拟一次“发现自己吃醋”，让大家判断你的角色是真诚还是嘴硬。
v9-d3-1337,大胆,大冒险,观点挑战,否,v9-expansion,围绕“伴侣是否应共享密码”做二十秒立场陈述，结束时必须给出一个底线。
v9-d3-1338,大胆,大冒险,创意挑战,否,v9-expansion,把“重新开始计划”介绍成今晚最值得参加的节目。
v9-d3-1339,大胆,大冒险,大胆表达,否,v9-expansion,让大家指定一种克制风格，你用它说一句虚构告白。
v9-d3-1340,大胆,大冒险,现场聚焦,是,v9-expansion,请一位自愿玩家和你背对背坐十秒，轮流回答：“谁更容易复合？”
v9-d3-1341,大胆,大冒险,关系表演,否,v9-expansion,模拟一次“不得不告别”，让大家判断你的角色是真诚还是嘴硬。
v9-d3-1342,大胆,大冒险,观点挑战,否,v9-expansion,围绕“前任是否能保持联系”做二十秒立场陈述，结束时必须给出一个底线。
v9-d3-1343,大胆,大冒险,大胆表达,是,v9-expansion,请一位自愿玩家与你进行十秒“重新开始”对话，不发生身体接触。
v9-d3-1344,大胆,大冒险,现场聚焦,是,v9-expansion,请一位自愿玩家和你背对背坐十秒，轮流回答：“谁更擅长制造惊喜？”
v9-d3-1345,大胆,大冒险,关系表演,否,v9-expansion,表演十五秒“发现自己吃醋”的内心独白。
v9-d3-1346,大胆,大冒险,观点挑战,否,v9-expansion,围绕“吃醋是不是在乎”做二十秒立场陈述，结束时必须给出一个底线。
v9-d3-1347,大胆,大冒险,大胆表达,是,v9-expansion,选一位自愿玩家，用不涉及外貌的方式完成一次重逢后式夸奖。
v9-d3-1348,大胆,大冒险,关系表演,否,v9-expansion,把“分手后偶遇”演成一段十秒电影预告。
v9-d3-1349,大胆,大冒险,观点挑战,否,v9-expansion,用一句话给正在经历“信任破裂”的人一个大胆但不伤人的建议。
v9-d3-1350,大胆,大冒险,大胆表达,否,v9-expansion,让大家指定一种复古风格，你用它说一句虚构告白。
v9-d3-1351,大胆,大冒险,关系表演,否,v9-expansion,模拟一次“在争吵后先道歉”，让大家判断你的角色是真诚还是嘴硬。
v9-d3-1352,大胆,大冒险,大胆表达,否,v9-expansion,让大家指定一种青春电影风格，你用它说一句虚构告白。
v9-d3-1353,大胆,大冒险,关系表演,否,v9-expansion,用一句话演出“旧情人突然联系”，但不能直接说“喜欢”或“离开”。
v9-d3-1354,大胆,大冒险,大胆表达,否,v9-expansion,用最有说服力的语气解释：“为什么行动比语言更重要？”
v9-d3-1355,大胆,大冒险,关系表演,否,v9-expansion,表演十五秒“分手后偶遇”的内心独白。
v9-d3-1356,大胆,大冒险,大胆表达,是,v9-expansion,选一位自愿玩家，用不涉及外貌的方式完成一次离别前式夸奖。
v9-d3-1357,大胆,大冒险,关系表演,否,v9-expansion,用一句话演出“准备告白却临时退缩”，但不能直接说“喜欢”或“离开”。
v9-d3-1358,大胆,大冒险,大胆表达,否,v9-expansion,让大家指定一种嘴硬风格，你用它说一句虚构告白。
v9-d3-1359,大胆,大冒险,关系表演,否,v9-expansion,模拟一次“发现对方隐瞒秘密”，让大家判断你的角色是真诚还是嘴硬。
v9-d3-1360,大胆,大冒险,大胆表达,否,v9-expansion,用最有说服力的语气解释：“为什么主动比等待更重要？”
v9-d3-1361,大胆,大冒险,关系表演,否,v9-expansion,用一句话演出“决定保持距离”，但不能直接说“喜欢”或“离开”。
v9-d3-1362,大胆,大冒险,大胆表达,是,v9-expansion,请一位自愿玩家与你进行十秒“秘密即将被发现”对话，不发生身体接触。
v9-d3-1363,大胆,大冒险,关系表演,否,v9-expansion,模拟一次“关系降温后谈清楚”，让大家判断你的角色是真诚还是嘴硬。
v9-d3-1364,大胆,大冒险,大胆表达,否,v9-expansion,用最有说服力的语气解释：“为什么信任比确认更重要？”
v9-d3-1365,大胆,大冒险,关系表演,否,v9-expansion,把“不得不告别”演成一段十秒电影预告。
v9-d3-1366,大胆,大冒险,大胆表达,是,v9-expansion,请一位自愿玩家与你进行十秒“异地重逢”对话，不发生身体接触。
v9-d3-1367,大胆,大冒险,关系表演,否,v9-expansion,把“决定保持距离”演成一段十秒电影预告。
v9-d3-1368,大胆,大冒险,大胆表达,否,v9-expansion,让大家指定一种热烈风格，你用它说一句虚构告白。
v9-d3-1369,大胆,大冒险,关系表演,否,v9-expansion,用一句话演出“不得不告别”，但不能直接说“喜欢”或“离开”。
v9-d3-1370,大胆,大冒险,大胆表达,否,v9-expansion,让大家指定一种成年人风格，你用它说一句虚构告白。
v9-d3-1371,大胆,大冒险,关系表演,否,v9-expansion,把“发现对方隐瞒秘密”演成一段十秒电影预告。
v9-d3-1372,大胆,大冒险,大胆表达,是,v9-expansion,请一位自愿玩家与你进行十秒“第一次单独见面”对话，不发生身体接触。
v9-d3-1373,大胆,大冒险,关系表演,否,v9-expansion,模拟一次“决定保持距离”，让大家判断你的角色是真诚还是嘴硬。
v9-d3-1374,大胆,大冒险,大胆表达,否,v9-expansion,用最有说服力的语气解释：“为什么自由比承诺更重要？”
v9-d3-1375,大胆,大冒险,关系表演,否,v9-expansion,模拟一次“误会终于解开”，让大家判断你的角色是真诚还是嘴硬。
v9-d3-1376,大胆,大冒险,大胆表达,是,v9-expansion,选一位自愿玩家，用不涉及外貌的方式完成一次认真告白式夸奖。
v9-d3-1377,大胆,大冒险,关系表演,否,v9-expansion,表演十五秒“决定保持距离”的内心独白。
v9-d3-1378,大胆,大冒险,大胆表达,是,v9-expansion,请一位自愿玩家与你进行十秒“共同旅行最后一晚”对话，不发生身体接触。
v9-d3-1379,大胆,大冒险,关系表演,否,v9-expansion,用一句话演出“准备删除联系方式”，但不能直接说“喜欢”或“离开”。
v9-d3-1380,大胆,大冒险,大胆表达,是,v9-expansion,请一位自愿玩家与你进行十秒“暧昧即将结束”对话，不发生身体接触。
v9-d3-1381,大胆,大冒险,关系表演,否,v9-expansion,表演十五秒“明知不合适仍然心动”的内心独白。
v9-d3-1382,大胆,大冒险,大胆表达,否,v9-expansion,用最有说服力的语气解释：“为什么朋友意见比自己的感受更重要？”
v9-d3-1383,大胆,大冒险,关系表演,否,v9-expansion,用一句话演出“被拒绝后装作轻松”，但不能直接说“喜欢”或“离开”。
v9-d3-1384,大胆,大冒险,大胆表达,是,v9-expansion,选一位自愿玩家，用不涉及外貌的方式完成一次悬疑电影式夸奖。
v9-d3-1385,大胆,大冒险,关系表演,否,v9-expansion,把“想复合但不敢开口”演成一段十秒电影预告。
v9-d3-1386,大胆,大冒险,关系表演,否,v9-expansion,用一句话演出“长期暧昧终于摊牌”，但不能直接说“喜欢”或“离开”。
v9-d3-1387,大胆,大冒险,关系表演,否,v9-expansion,把“在争吵后先道歉”演成一段十秒电影预告。
v9-d3-1388,大胆,大冒险,关系表演,否,v9-expansion,用一句话演出“在争吵后先道歉”，但不能直接说“喜欢”或“离开”。
v9-d3-1389,大胆,大冒险,大胆补充,是,v9-expansion,用被拒绝后装作轻松风格说一句虚构告白，然后立刻用另一种风格收回。
v9-d3-1390,大胆,大冒险,大胆补充,是,v9-expansion,用二十秒演出“误会终于解开”，但不能说出事件名称。
v9-d3-1391,大胆,大冒险,大胆补充,是,v9-expansion,围绕“想复合但不敢说”做一次十五秒立场陈述，并说出你的底线。
v9-d3-1392,大胆,大冒险,大胆补充,是,v9-expansion,请一位自愿玩家与你完成“分开后偶遇”的十秒无接触对话。
t401,成人刺激,真心话,历史题库,否,v8,你最容易被一个人的哪种身体或气质特征吸引？
t402,成人刺激,真心话,历史题库,否,v8,你对一夜情的真实看法是什么？
t403,成人刺激,真心话,历史题库,是,v8,在亲密关系里，你更习惯主动还是等待对方主动？
t404,成人刺激,真心话,历史题库,否,v8,哪一种暧昧方式最容易让你心动？
t405,成人刺激,真心话,历史题库,否,v8,你经历过最让你脸红的一次调情是什么？
t406,成人刺激,真心话,历史题库,否,v8,身体吸引和情感契合，你更难放弃哪一个？
t407,成人刺激,真心话,历史题库,否,v8,你最想尝试、但一直没说出口的成人约会场景是什么？
t408,成人刺激,真心话,历史题库,是,v8,你有没有把普通友好误认为对方在调情？后来怎样了？
t409,成人刺激,真心话,历史题库,否,v8,你印象最深的一次接吻发生在什么情境？
t410,成人刺激,真心话,历史题库,否,v8,亲密关系中哪条界限一旦被越过，你会立刻结束关系？
t411,成人刺激,真心话,历史题库,否,v8,你能接受伴侣与潜在暧昧对象保持多近的距离？
t412,成人刺激,真心话,历史题库,否,v8,你能接受的最大年龄差是多少？为什么？
t413,成人刺激,真心话,历史题库,否,v8,你怎么看开放式关系或非传统亲密关系？
t414,成人刺激,真心话,历史题库,否,v8,伴侣做什么最容易触发你的占有欲或嫉妒？
t415,成人刺激,真心话,历史题库,否,v8,你在感情里说过最难圆回来的一次谎是什么？
t416,成人刺激,真心话,历史题库,否,v8,你有没有对朋友的前任、同事或其他不方便的人心动过？
t417,成人刺激,真心话,历史题库,否,v8,用三个词描述你理想中的亲密氛围。
t418,成人刺激,真心话,历史题库,是,v8,如果今晚可以收到一个完全坦诚的答案，你最想问现场谁什么问题？
t419,成人刺激,真心话,历史题库,否,v8,什么样的声音或说话方式最容易让你产生吸引力？
t420,成人刺激,真心话,历史题库,是,v8,第一次约会时，你通常最先观察对方什么？
t421,成人刺激,真心话,历史题库,否,v8,什么样的交友软件简介最容易让你点下喜欢？
t422,成人刺激,真心话,历史题库,否,v8,你更喜欢感情快速升温，还是慢慢建立暧昧？
t423,成人刺激,真心话,历史题库,否,v8,你对公开场合的亲密举动接受到什么程度？
t424,成人刺激,真心话,历史题库,是,v8,第一次接吻时，你更希望自己主动还是对方主动？
t425,成人刺激,真心话,历史题库,否,v8,争吵之后，你需要先解决情绪还是先恢复亲密感？
t426,成人刺激,真心话,历史题库,否,v8,情感出轨和身体出轨，哪一种更难原谅？
t427,成人刺激,真心话,历史题库,否,v8,你能接受伴侣与前任保持联系吗？边界在哪里？
t428,成人刺激,真心话,历史题库,否,v8,你有过不想让别人知道的秘密关系或暧昧吗？
t429,成人刺激,真心话,历史题库,否,v8,你能接受和同事发展恋爱关系吗？
t430,成人刺激,真心话,历史题库,否,v8,关系确定前，你愿意保持多久的暧昧期？
t431,成人刺激,真心话,历史题库,否,v8,亲密关系中，作息和睡眠习惯不合会影响你多少？
t432,成人刺激,真心话,历史题库,否,v8,描述一个你理想中的私密约会场景。
t433,成人刺激,真心话,历史题库,否,v8,你喜欢伴侣用昵称称呼你吗？最能接受哪一类？
t434,成人刺激,真心话,历史题库,否,v8,什么样的暧昧消息会让你忍不住反复看？
t435,成人刺激,真心话,历史题库,否,v8,认识多久后接吻，对你来说最舒服？
t436,成人刺激,真心话,历史题库,否,v8,你做过最大胆的一次告白是什么？
t437,成人刺激,真心话,历史题库,否,v8,你有没有被完全不符合自己理想型的人强烈吸引过？
t438,成人刺激,真心话,历史题库,否,v8,强烈化学反应和稳定安全感，你更偏向哪一个？
t439,成人刺激,真心话,历史题库,否,v8,你有没有故意测试过伴侣会不会吃醋？
t440,成人刺激,真心话,历史题库,否,v8,你会在意伴侣过去的感情或亲密经历数量吗？
t441,成人刺激,真心话,历史题库,否,v8,你认为伴侣之间应该坦白所有成人幻想吗？
t442,成人刺激,真心话,历史题库,是,v8,恋爱后，你能接受对方查看你的手机吗？
t443,成人刺激,真心话,历史题库,否,v8,你愿意和伴侣共享手机密码吗？为什么？
t444,成人刺激,真心话,历史题库,否,v8,你能接受情侣之间长期共享定位吗？
t445,成人刺激,真心话,历史题库,否,v8,什么行为最容易让你瞬间失去亲密兴趣？
t446,成人刺激,真心话,历史题库,是,v8,亲密之后，你最需要对方怎样的照顾或回应？
t447,成人刺激,真心话,历史题库,否,v8,拥抱、牵手、接吻和语言表达中，你最依赖哪一种亲密方式？
t448,成人刺激,真心话,历史题库,否,v8,你更喜欢温柔、热烈还是带一点试探感的接吻氛围？
t449,成人刺激,真心话,历史题库,否,v8,灯光、音乐、气味中，哪一种最影响你的亲密状态？
t450,成人刺激,真心话,历史题库,否,v8,哪种音乐最适合你理想中的成人约会氛围？
t451,成人刺激,真心话,历史题库,否,v8,什么样的气味会让你觉得一个人特别有吸引力？
t452,成人刺激,真心话,历史题库,否,v8,哪种穿衣风格最容易吸引你？
t453,成人刺激,真心话,历史题库,否,v8,你对情侣之间的角色扮演接受度有多高？
t454,成人刺激,真心话,历史题库,否,v8,异地关系中，你认为怎样维持亲密感最有效？
t455,成人刺激,真心话,历史题库,否,v8,你能接受“只保持身体关系、不谈恋爱”的相处方式吗？
t456,成人刺激,真心话,历史题库,否,v8,你相信朋友可以自然发展成稳定恋人吗？
t457,成人刺激,真心话,历史题库,否,v8,你认为分手后还能真正做回普通朋友吗？
t458,成人刺激,真心话,历史题库,否,v8,你有没有把新关系当作走出上一段感情的方法？
t459,成人刺激,真心话,历史题库,否,v8,你曾经喜欢过已有伴侣的人吗？你怎么处理的？
t460,成人刺激,真心话,历史题库,否,v8,你经历过最失败的一次暧昧或告白是什么？
t461,成人刺激,真心话,历史题库,否,v8,你更享受被追求，还是享受主动追求别人？
t462,成人刺激,真心话,历史题库,否,v8,你收到过最让你心动的外貌或气质称赞是什么？
t463,成人刺激,真心话,历史题库,否,v8,你发过最大胆的一条暧昧消息是什么类型？
t464,成人刺激,真心话,历史题库,是,v8,现场谁的气质最接近你愿意约会的类型？
t465,成人刺激,真心话,历史题库,是,v8,现场谁的声音最有吸引力？可以只说原因。
t466,成人刺激,真心话,历史题库,是,v8,现场谁看起来最擅长制造浪漫或暧昧气氛？
t467,成人刺激,真心话,历史题库,是,v8,如果要和现场一位玩家假扮情侣一天，你会选谁？
t468,成人刺激,真心话,历史题库,是,v8,现场谁最适合正式恋爱，谁最适合短暂心动？可以选择跳过。
t469,成人刺激,真心话,历史题库,否,v8,第一次约会中，什么细节会让你立刻想结束？
t470,成人刺激,真心话,历史题库,否,v8,第一次约会中，什么小细节会让你明显加分？
t471,成人刺激,真心话,历史题库,否,v8,亲密生活不合拍，对你来说是否足以结束一段关系？
t472,成人刺激,真心话,历史题库,否,v8,亲密频率不一致时，你更倾向沟通、妥协还是分开？
t473,成人刺激,真心话,历史题库,否,v8,你是否能坦然和伴侣讨论安全措施与健康边界？
t474,成人刺激,真心话,历史题库,否,v8,你认为避孕和安全措施应该怎样分担责任？
t475,成人刺激,真心话,历史题库,否,v8,你能否接受在确认关系前讨论健康检测和安全问题？
t476,成人刺激,真心话,历史题库,否,v8,分手后，双方共同的私密内容应该怎样处理？
t477,成人刺激,真心话,历史题库,否,v8,你对成人文字调情或暧昧聊天的接受度如何？
t478,成人刺激,真心话,历史题库,否,v8,你穿过最让自己有自信的一套约会服装是什么？
t479,成人刺激,真心话,历史题库,否,v8,什么时刻最容易让你觉得自己很有魅力？
t480,成人刺激,真心话,历史题库,否,v8,在亲密关系中，你最容易对自己的哪一点不自信？
t481,成人刺激,真心话,历史题库,否,v8,你最喜欢别人怎样称赞你的外貌或身体状态？
t482,成人刺激,真心话,历史题库,否,v8,你认为表达同意时，怎样才算足够明确？
t483,成人刺激,真心话,历史题库,是,v8,当你不想继续亲密互动时，你通常会怎样表达？
t484,成人刺激,真心话,历史题库,是,v8,如果对方拒绝亲密互动，你希望自己怎样回应才算成熟？
t485,成人刺激,真心话,历史题库,否,v8,有什么成人关系话题让你好奇，但又有点不好意思谈？
t486,成人刺激,真心话,历史题库,否,v8,你最想体验哪一部影视作品里的浪漫或成人约会氛围？
t487,成人刺激,真心话,历史题库,否,v8,你会接受旅行中短暂但真诚的浪漫关系吗？
t488,成人刺激,真心话,历史题库,否,v8,酒店、海边、城市夜景或家中，你更喜欢哪种私密约会环境？
t489,成人刺激,真心话,历史题库,否,v8,你觉得慢舞比直接告白更容易制造心动吗？
t490,成人刺激,真心话,历史题库,否,v8,雨中接吻这种桥段对你来说浪漫还是尴尬？
t491,成人刺激,真心话,历史题库,否,v8,你最长的一次暗恋或秘密心动持续了多久？
t492,成人刺激,真心话,历史题库,否,v8,你经历过最强烈的一次双向吸引是什么感觉？
t493,成人刺激,真心话,历史题库,否,v8,你有没有因为强烈吸引力而留在一段明知不合适的关系里？
t494,成人刺激,真心话,历史题库,否,v8,你有没有故意装作不在意一个其实非常心动的人？
t495,成人刺激,真心话,历史题库,否,v8,你有没有刻意让喜欢的人吃醋？结果怎样？
t496,成人刺激,真心话,历史题库,否,v8,成人关系中，哪个问题最容易让你害羞到想跳过？
t497,成人刺激,真心话,历史题库,否,v8,你最看重亲密生活里的哪一点：新鲜感、默契、安全感还是频率？
t498,成人刺激,真心话,历史题库,否,v8,你对情趣用品进入伴侣关系的真实接受度如何？
t499,成人刺激,真心话,历史题库,否,v8,你更在意亲密前的氛围，还是亲密后的沟通与照顾？
t500,成人刺激,真心话,历史题库,是,v8,如果伴侣提出一个你没兴趣的成人尝试，你会怎样拒绝又不伤害对方？
t501,成人刺激,真心话,历史题库,否,v8,一个人的声音达到什么程度会让你立刻产生吸引力？
t502,成人刺激,真心话,历史题库,是,v8,你更容易被怎样的眼神打动？
t503,成人刺激,真心话,历史题库,是,v8,你曾经因为对方的笑容而突然改变第一印象吗？
t504,成人刺激,真心话,历史题库,否,v8,在长期关系里，气味对维持吸引力有多重要？
t505,成人刺激,真心话,历史题库,否,v8,一个人的穿衣风格达到什么程度会让你立刻产生吸引力？
t506,成人刺激,真心话,历史题库,否,v8,你更容易被怎样的手部细节打动？
t507,成人刺激,真心话,历史题库,是,v8,你曾经因为对方的说话节奏而突然改变第一印象吗？
t508,成人刺激,真心话,历史题库,否,v8,在长期关系里，自信感对维持吸引力有多重要？
t509,成人刺激,真心话,历史题库,否,v8,一个人的幽默感达到什么程度会让你立刻产生吸引力？
t510,成人刺激,真心话,历史题库,否,v8,你更容易被怎样的克制感打动？
t511,成人刺激,真心话,历史题库,是,v8,你曾经因为对方的成熟感而突然改变第一印象吗？
t512,成人刺激,真心话,历史题库,否,v8,在长期关系里，神秘感对维持吸引力有多重要？
t513,成人刺激,真心话,历史题库,否,v8,一个人的温柔感达到什么程度会让你立刻产生吸引力？
t514,成人刺激,真心话,历史题库,否,v8,你更容易被怎样的反差感打动？
t515,成人刺激,真心话,历史题库,是,v8,你曾经因为对方的专注力而突然改变第一印象吗？
t516,成人刺激,真心话,历史题库,否,v8,在长期关系里，边界感对维持吸引力有多重要？
t517,成人刺激,真心话,历史题库,否,v8,一个人的行动力达到什么程度会让你立刻产生吸引力？
t518,成人刺激,真心话,历史题库,否,v8,你更容易被怎样的脆弱感打动？
t519,成人刺激,真心话,历史题库,是,v8,你曾经因为对方的身体语言而突然改变第一印象吗？
t520,成人刺激,真心话,历史题库,否,v8,在长期关系里，待人方式对维持吸引力有多重要？
t521,成人刺激,真心话,历史题库,否,v8,第一次约会时，你对餐厅座位安排最在意的标准是什么？
t522,成人刺激,真心话,历史题库,否,v8,第一次约会中，怎样的见面时间会让你明显加分？
t523,成人刺激,真心话,历史题库,是,v8,如果对方在穿着风格上与你完全不同，你会继续了解吗？
t524,成人刺激,真心话,历史题库,否,v8,你曾因一次约会里的聊天话题改变对一个人的判断吗？
t525,成人刺激,真心话,历史题库,否,v8,第一次约会时，你对是否接送最在意的标准是什么？
t526,成人刺激,真心话,历史题库,否,v8,第一次约会中，怎样的付款方式会让你明显加分？
t527,成人刺激,真心话,历史题库,是,v8,如果对方在手机使用上与你完全不同，你会继续了解吗？
t528,成人刺激,真心话,历史题库,否,v8,你曾因一次约会里的迟到处理改变对一个人的判断吗？
t529,成人刺激,真心话,历史题库,否,v8,第一次约会时，你对称赞方式最在意的标准是什么？
t530,成人刺激,真心话,历史题库,否,v8,第一次约会中，怎样的肢体距离会让你明显加分？
t531,成人刺激,真心话,历史题库,是,v8,如果对方在结束时间上与你完全不同，你会继续了解吗？
t532,成人刺激,真心话,历史题库,否,v8,你曾因一次约会里的回家报平安改变对一个人的判断吗？
t533,成人刺激,真心话,历史题库,否,v8,第一次约会时，你对是否续摊最在意的标准是什么？
t534,成人刺激,真心话,历史题库,否,v8,第一次约会中，怎样的饮食选择会让你明显加分？
t535,成人刺激,真心话,历史题库,是,v8,如果对方在拍照习惯上与你完全不同，你会继续了解吗？
t536,成人刺激,真心话,历史题库,否,v8,你曾因一次约会里的对服务人员态度改变对一个人的判断吗？
t537,成人刺激,真心话,历史题库,否,v8,第一次约会时，你对临时改计划最在意的标准是什么？
t538,成人刺激,真心话,历史题库,否,v8,第一次约会中，怎样的谈前任的尺度会让你明显加分？
t539,成人刺激,真心话,历史题库,是,v8,如果对方在酒精安排上与你完全不同，你会继续了解吗？
t540,成人刺激,真心话,历史题库,否,v8,你曾因一次约会里的第二次邀约改变对一个人的判断吗？
t541,成人刺激,真心话,历史题库,是,v8,当对方出现“回复速度突然变快”时，你会把它理解为暧昧信号吗？
t542,成人刺激,真心话,历史题库,否,v8,“深夜主动联系”对你来说是心动，还是普通友好？
t543,成人刺激,真心话,历史题库,否,v8,你曾经因为“反复制造偶遇”误判过一段关系吗？
t544,成人刺激,真心话,历史题库,否,v8,如果喜欢的人开始“记住微小细节”，你会主动推进关系吗？
t545,成人刺激,真心话,历史题库,是,v8,当对方出现“频繁使用专属昵称”时，你会把它理解为暧昧信号吗？
t546,成人刺激,真心话,历史题库,否,v8,“分享私人歌单”对你来说是心动，还是普通友好？
t547,成人刺激,真心话,历史题库,否,v8,你曾经因为“主动延长见面时间”误判过一段关系吗？
t548,成人刺激,真心话,历史题库,是,v8,如果喜欢的人开始“眼神停留更久”，你会主动推进关系吗？
t549,成人刺激,真心话,历史题库,是,v8,当对方出现“轻微吃醋”时，你会把它理解为暧昧信号吗？
t550,成人刺激,真心话,历史题库,否,v8,“总找理由帮忙”对你来说是心动，还是普通友好？
t551,成人刺激,真心话,历史题库,否,v8,你曾经因为“频繁发自拍”误判过一段关系吗？
t552,成人刺激,真心话,历史题库,否,v8,如果喜欢的人开始“向朋友提起你”，你会主动推进关系吗？
t553,成人刺激,真心话,历史题库,是,v8,当对方出现“主动讨论未来计划”时，你会把它理解为暧昧信号吗？
t554,成人刺激,真心话,历史题库,否,v8,“模仿你的口头禅”对你来说是心动，还是普通友好？
t555,成人刺激,真心话,历史题库,否,v8,你曾经因为“忽然变得很温柔”误判过一段关系吗？
t556,成人刺激,真心话,历史题库,否,v8,如果喜欢的人开始“刻意保持距离”，你会主动推进关系吗？
t557,成人刺激,真心话,历史题库,是,v8,当对方出现“经常点赞旧动态”时，你会把它理解为暧昧信号吗？
t558,成人刺激,真心话,历史题库,否,v8,“试探你的感情状态”对你来说是心动，还是普通友好？
t559,成人刺激,真心话,历史题库,否,v8,你曾经因为“在群体里特别关注你”误判过一段关系吗？
t560,成人刺激,真心话,历史题库,否,v8,如果喜欢的人开始“结束聊天后又找新话题”，你会主动推进关系吗？
t561,成人刺激,真心话,历史题库,是,v8,关于第一次牵手，你更喜欢自己主动还是对方主动？
t562,成人刺激,真心话,历史题库,否,v8,你理想中的第一次拥抱应该是什么节奏？
t563,成人刺激,真心话,历史题库,否,v8,什么情况会让你拒绝或暂停第一次接吻？
t564,成人刺激,真心话,历史题库,否,v8,公开场合牵手对你确认一段关系有多重要？
t565,成人刺激,真心话,历史题库,是,v8,关于睡前拥抱，你更喜欢自己主动还是对方主动？
t566,成人刺激,真心话,历史题库,否,v8,你理想中的久别重逢的拥抱应该是什么节奏？
t567,成人刺激,真心话,历史题库,否,v8,什么情况会让你拒绝或暂停告别时的停留？
t568,成人刺激,真心话,历史题库,否,v8,争吵后的靠近对你确认一段关系有多重要？
t569,成人刺激,真心话,历史题库,是,v8,关于看电影时的距离，你更喜欢自己主动还是对方主动？
t570,成人刺激,真心话,历史题库,否,v8,你理想中的走路时的身体距离应该是什么节奏？
t571,成人刺激,真心话,历史题库,否,v8,什么情况会让你拒绝或暂停见面时的问候方式？
t572,成人刺激,真心话,历史题库,否,v8,拍合照时的距离对你确认一段关系有多重要？
t573,成人刺激,真心话,历史题库,是,v8,关于情绪低落时的安慰，你更喜欢自己主动还是对方主动？
t574,成人刺激,真心话,历史题库,否,v8,你理想中的庆祝时的亲密表达应该是什么节奏？
t575,成人刺激,真心话,历史题库,否,v8,什么情况会让你拒绝或暂停旅行中的相处距离？
t576,成人刺激,真心话,历史题库,否,v8,朋友面前的亲密程度对你确认一段关系有多重要？
t577,成人刺激,真心话,历史题库,是,v8,关于独处时的陪伴方式，你更喜欢自己主动还是对方主动？
t578,成人刺激,真心话,历史题库,是,v8,你理想中的早晨醒来的互动应该是什么节奏？
t579,成人刺激,真心话,历史题库,否,v8,什么情况会让你拒绝或暂停道歉时的亲密表达？
t580,成人刺激,真心话,历史题库,否,v8,分别前的最后一个动作对你确认一段关系有多重要？
t581,成人刺激,真心话,历史题库,否,v8,“昏暗灯光”会不会明显影响你的亲密状态？
t582,成人刺激,真心话,历史题库,否,v8,以“城市夜景”为核心设计一次约会，你会怎样安排？
t583,成人刺激,真心话,历史题库,否,v8,你在“雨声”的氛围下更容易主动还是更克制？
t584,成人刺激,真心话,历史题库,否,v8,“海边晚风”对你来说更偏浪漫、刺激还是没有感觉？
t585,成人刺激,真心话,历史题库,否,v8,“轻音乐”会不会明显影响你的亲密状态？
t586,成人刺激,真心话,历史题库,否,v8,以“香氛”为核心设计一次约会，你会怎样安排？
t587,成人刺激,真心话,历史题库,否,v8,你在“整洁卧室”的氛围下更容易主动还是更克制？
t588,成人刺激,真心话,历史题库,否,v8,“酒店露台”对你来说更偏浪漫、刺激还是没有感觉？
t589,成人刺激,真心话,历史题库,否,v8,“深夜厨房”会不会明显影响你的亲密状态？
t590,成人刺激,真心话,历史题库,否,v8,以“车内夜聊”为核心设计一次约会，你会怎样安排？
t591,成人刺激,真心话,历史题库,否,v8,你在“烛光”的氛围下更容易主动还是更克制？
t592,成人刺激,真心话,历史题库,否,v8,“安静客厅”对你来说更偏浪漫、刺激还是没有感觉？
t593,成人刺激,真心话,历史题库,否,v8,“露营帐篷”会不会明显影响你的亲密状态？
t594,成人刺激,真心话,历史题库,否,v8,以“温泉旅馆”为核心设计一次约会，你会怎样安排？
t595,成人刺激,真心话,历史题库,否,v8,你在“高层窗边”的氛围下更容易主动还是更克制？
t596,成人刺激,真心话,历史题库,否,v8,“私人影院”对你来说更偏浪漫、刺激还是没有感觉？
t597,成人刺激,真心话,历史题库,否,v8,“老唱片”会不会明显影响你的亲密状态？
t598,成人刺激,真心话,历史题库,否,v8,以“壁炉”为核心设计一次约会，你会怎样安排？
t599,成人刺激,真心话,历史题库,否,v8,你在“屋顶夜空”的氛围下更容易主动还是更克制？
t600,成人刺激,真心话,历史题库,否,v8,“清晨微光”对你来说更偏浪漫、刺激还是没有感觉？
t601,成人刺激,真心话,历史题库,是,v8,在亲密互动中，“是否可以随时暂停”对你是不是不可妥协的规则？
t602,成人刺激,真心话,历史题库,否,v8,你会怎样向伴侣清楚说明“身体接触前先询问”这条边界？
t603,成人刺激,真心话,历史题库,是,v8,如果对方忽视“不解释也能拒绝”，你会给第二次机会吗？
t604,成人刺激,真心话,历史题库,否,v8,你觉得双方应该在关系哪个阶段讨论“酒后不做重要决定”？
t605,成人刺激,真心话,历史题库,是,v8,在亲密互动中，“不偷拍或录音”对你是不是不可妥协的规则？
t606,成人刺激,真心话,历史题库,否,v8,你会怎样向伴侣清楚说明“不转发私密聊天”这条边界？
t607,成人刺激,真心话,历史题库,是,v8,如果对方忽视“不公开关系细节”，你会给第二次机会吗？
t608,成人刺激,真心话,历史题库,否,v8,你觉得双方应该在关系哪个阶段讨论“不拿拒绝开玩笑”？
t609,成人刺激,真心话,历史题库,是,v8,在亲密互动中，“不因拒绝冷暴力”对你是不是不可妥协的规则？
t610,成人刺激,真心话,历史题库,否,v8,你会怎样向伴侣清楚说明“定期重新确认边界”这条边界？
t611,成人刺激,真心话,历史题库,是,v8,如果对方忽视“明确安全措施”，你会给第二次机会吗？
t612,成人刺激,真心话,历史题库,否,v8,你觉得双方应该在关系哪个阶段讨论“尊重独处需求”？
t613,成人刺激,真心话,历史题库,是,v8,在亲密互动中，“尊重睡眠和作息”对你是不是不可妥协的规则？
t614,成人刺激,真心话,历史题库,否,v8,你会怎样向伴侣清楚说明“尊重身体不适”这条边界？
t615,成人刺激,真心话,历史题库,是,v8,如果对方忽视“不以爱为名施压”，你会给第二次机会吗？
t616,成人刺激,真心话,历史题库,否,v8,你觉得双方应该在关系哪个阶段讨论“不比较前任”？
t617,成人刺激,真心话,历史题库,是,v8,在亲密互动中，“不强迫公开关系”对你是不是不可妥协的规则？
t618,成人刺激,真心话,历史题库,否,v8,你会怎样向伴侣清楚说明“不检查手机”这条边界？
t619,成人刺激,真心话,历史题库,是,v8,如果对方忽视“不跟踪定位”，你会给第二次机会吗？
t620,成人刺激,真心话,历史题库,否,v8,你觉得双方应该在关系哪个阶段讨论“事后确认感受”？
t621,成人刺激,真心话,历史题库,否,v8,你在“表达想要什么”时最容易卡住的地方是什么？
t622,成人刺激,真心话,历史题库,否,v8,你希望伴侣用什么方式和你“表达不想继续”？
t623,成人刺激,真心话,历史题库,否,v8,你曾因不敢“讨论亲密频率”而让关系变复杂吗？
t624,成人刺激,真心话,历史题库,是,v8,要让你安心“讨论安全措施”，对方需要先做到什么？
t625,成人刺激,真心话,历史题库,否,v8,你在“谈身体不自信”时最容易卡住的地方是什么？
t626,成人刺激,真心话,历史题库,否,v8,你希望伴侣用什么方式和你“谈过去经历”？
t627,成人刺激,真心话,历史题库,否,v8,你曾因不敢“提出新尝试”而让关系变复杂吗？
t628,成人刺激,真心话,历史题库,是,v8,要让你安心“拒绝对方请求”，对方需要先做到什么？
t629,成人刺激,真心话,历史题库,是,v8,你在“询问对方感受”时最容易卡住的地方是什么？
t630,成人刺激,真心话,历史题库,否,v8,你希望伴侣用什么方式和你“讨论事后照顾”？
t631,成人刺激,真心话,历史题库,否,v8,你曾因不敢“讨论长期关系目标”而让关系变复杂吗？
t632,成人刺激,真心话,历史题库,是,v8,要让你安心“谈忠诚定义”，对方需要先做到什么？
t633,成人刺激,真心话,历史题库,否,v8,你在“谈隐私边界”时最容易卡住的地方是什么？
t634,成人刺激,真心话,历史题库,否,v8,你希望伴侣用什么方式和你“谈金钱与约会”？
t635,成人刺激,真心话,历史题库,否,v8,你曾因不敢“谈双方家人”而让关系变复杂吗？
t636,成人刺激,真心话,历史题库,是,v8,要让你安心“谈同居习惯”，对方需要先做到什么？
t637,成人刺激,真心话,历史题库,否,v8,你在“谈社交媒体公开”时最容易卡住的地方是什么？
t638,成人刺激,真心话,历史题库,否,v8,你希望伴侣用什么方式和你“谈异性朋友边界”？
t639,成人刺激,真心话,历史题库,否,v8,你曾因不敢“谈前任联系”而让关系变复杂吗？
t640,成人刺激,真心话,历史题库,是,v8,要让你安心“谈冲突后的修复”，对方需要先做到什么？
t641,成人刺激,真心话,历史题库,否,v8,面对“伴侣和前任联系”，你的信任边界在哪里？
t642,成人刺激,真心话,历史题库,否,v8,“伴侣单独见异性朋友”会让你吃醋到什么程度？
t643,成人刺激,真心话,历史题库,否,v8,如果伴侣做了“社交软件上持续暧昧”，你会先沟通还是直接结束？
t644,成人刺激,真心话,历史题库,否,v8,你认为“保留前任礼物”属于正常社交、灰色地带还是背叛？
t645,成人刺激,真心话,历史题库,否,v8,面对“点赞性感照片”，你的信任边界在哪里？
t646,成人刺激,真心话,历史题库,否,v8,“不愿公开关系”会让你吃醋到什么程度？
t647,成人刺激,真心话,历史题库,否,v8,如果伴侣做了“频繁夜不归宿”，你会先沟通还是直接结束？
t648,成人刺激,真心话,历史题库,否,v8,你认为“隐藏聊天记录”属于正常社交、灰色地带还是背叛？
t649,成人刺激,真心话,历史题库,否,v8,面对“与同事过度亲密”，你的信任边界在哪里？
t650,成人刺激,真心话,历史题库,否,v8,“对外声称单身”会让你吃醋到什么程度？
t651,成人刺激,真心话,历史题库,否,v8,如果伴侣做了“长期共享定位”，你会先沟通还是直接结束？
t652,成人刺激,真心话,历史题库,否,v8,你认为“互看手机”属于正常社交、灰色地带还是背叛？
t653,成人刺激,真心话,历史题库,否,v8,面对“参加前任婚礼”，你的信任边界在哪里？
t654,成人刺激,真心话,历史题库,否,v8,“和旧暧昧对象旅行”会让你吃醋到什么程度？
t655,成人刺激,真心话,历史题库,否,v8,如果伴侣做了“保留交友软件”，你会先沟通还是直接结束？
t656,成人刺激,真心话,历史题库,否,v8,你认为“私下评价别人外貌”属于正常社交、灰色地带还是背叛？
t657,成人刺激,真心话,历史题库,否,v8,面对“与朋友讨论你们的亲密生活”，你的信任边界在哪里？
t658,成人刺激,真心话,历史题库,否,v8,“接受陌生人调情”会让你吃醋到什么程度？
t659,成人刺激,真心话,历史题库,否,v8,如果伴侣做了“隐瞒聚会对象”，你会先沟通还是直接结束？
t660,成人刺激,真心话,历史题库,否,v8,你认为“用吃醋测试感情”属于正常社交、灰色地带还是背叛？
t661,成人刺激,真心话,历史题库,否,v8,你对“保留前任联系方式”的真实态度是什么？
t662,成人刺激,真心话,历史题库,否,v8,如果现任希望你停止“收藏旧合照”，你会接受吗？
t663,成人刺激,真心话,历史题库,否,v8,你认为“保存旧情书”会妨碍开始新关系吗？
t664,成人刺激,真心话,历史题库,否,v8,你曾因“偶尔想起前任”和伴侣发生过冲突吗？
t665,成人刺激,真心话,历史题库,否,v8,你对“和前任做朋友”的真实态度是什么？
t666,成人刺激,真心话,历史题库,否,v8,如果现任希望你停止“向现任谈过去经历”，你会接受吗？
t667,成人刺激,真心话,历史题库,否,v8,你认为“比较现任和前任”会妨碍开始新关系吗？
t668,成人刺激,真心话,历史题库,否,v8,你曾因“参加前任的重要活动”和伴侣发生过冲突吗？
t669,成人刺激,真心话,历史题库,否,v8,你对“重新联系初恋”的真实态度是什么？
t670,成人刺激,真心话,历史题库,否,v8,如果现任希望你停止“收到前任深夜消息”，你会接受吗？
t671,成人刺激,真心话,历史题库,否,v8,你认为“共同养宠物后的联系”会妨碍开始新关系吗？
t672,成人刺激,真心话,历史题库,否,v8,你曾因“还有共同朋友圈”和伴侣发生过冲突吗？
t673,成人刺激,真心话,历史题库,否,v8,你对“分手后继续合作”的真实态度是什么？
t674,成人刺激,真心话,历史题库,否,v8,如果现任希望你停止“归还私人礼物”，你会接受吗？
t675,成人刺激,真心话,历史题库,否,v8,你认为“删除私密内容”会妨碍开始新关系吗？
t676,成人刺激,真心话,历史题库,否,v8,你曾因“处理共同旅行照片”和伴侣发生过冲突吗？
t677,成人刺激,真心话,历史题库,否,v8,你对“面对前任的新伴侣”的真实态度是什么？
t678,成人刺激,真心话,历史题库,否,v8,如果现任希望你停止“承认曾经放不下”，你会接受吗？
t679,成人刺激,真心话,历史题库,否,v8,你认为“向前任正式道歉”会妨碍开始新关系吗？
t680,成人刺激,真心话,历史题库,否,v8,你曾因“与前任彻底断联”和伴侣发生过冲突吗？
t681,成人刺激,真心话,历史题库,否,v8,你对“开放式关系”的接受程度有多高？
t682,成人刺激,真心话,历史题库,否,v8,什么条件具备时，你可能尝试“长期但不结婚”？
t683,成人刺激,真心话,历史题库,否,v8,“只约会不确定关系”最吸引你和最让你担心的地方分别是什么？
t684,成人刺激,真心话,历史题库,否,v8,如果喜欢的人只接受“异地恋”，你会继续吗？
t685,成人刺激,真心话,历史题库,否,v8,你对“朋友转恋人”的接受程度有多高？
t686,成人刺激,真心话,历史题库,否,v8,什么条件具备时，你可能尝试“年龄差恋爱”？
t687,成人刺激,真心话,历史题库,否,v8,“职场恋爱”最吸引你和最让你担心的地方分别是什么？
t688,成人刺激,真心话,历史题库,否,v8,如果喜欢的人只接受“跨文化恋爱”，你会继续吗？
t689,成人刺激,真心话,历史题库,否,v8,你对“不公开的恋爱”的接受程度有多高？
t690,成人刺激,真心话,历史题库,否,v8,什么条件具备时，你可能尝试“快速同居”？
t691,成人刺激,真心话,历史题库,否,v8,“分居式婚姻”最吸引你和最让你担心的地方分别是什么？
t692,成人刺激,真心话,历史题库,否,v8,如果喜欢的人只接受“共同养育但不恋爱”，你会继续吗？
t693,成人刺激,真心话,历史题库,否,v8,你对“身体关系优先于情感承诺”的接受程度有多高？
t694,成人刺激,真心话,历史题库,否,v8,什么条件具备时，你可能尝试“情感关系优先但不排他”？
t695,成人刺激,真心话,历史题库,否,v8,“长期旅行伴侣”最吸引你和最让你担心的地方分别是什么？
t696,成人刺激,真心话,历史题库,否,v8,如果喜欢的人只接受“周末情侣”，你会继续吗？
t697,成人刺激,真心话,历史题库,否,v8,你对“网络恋爱”的接受程度有多高？
t698,成人刺激,真心话,历史题库,否,v8,什么条件具备时，你可能尝试“复合关系”？
t699,成人刺激,真心话,历史题库,否,v8,“短期但坦诚的关系”最吸引你和最让你担心的地方分别是什么？
t700,成人刺激,真心话,历史题库,否,v8,如果喜欢的人只接受“无性亲密关系”，你会继续吗？
t701,成人刺激,真心话,历史题库,否,v8,你对情侣之间“共享手机密码”的边界是什么？
t702,成人刺激,真心话,历史题库,否,v8,“查看聊天记录”对你来说是亲密、压力还是控制？
t703,成人刺激,真心话,历史题库,否,v8,如果伴侣要求“发送暧昧文字”，你会怎样回应？
t704,成人刺激,真心话,历史题库,否,v8,你曾因“交换私密照片”感到被信任或被侵犯吗？
t705,成人刺激,真心话,历史题库,否,v8,你对情侣之间“公开情侣动态”的边界是什么？
t706,成人刺激,真心话,历史题库,否,v8,“使用情侣头像”对你来说是亲密、压力还是控制？
t707,成人刺激,真心话,历史题库,否,v8,如果伴侣要求“共享实时定位”，你会怎样回应？
t708,成人刺激,真心话,历史题库,否,v8,你曾因“保留聊天截图”感到被信任或被侵犯吗？
t709,成人刺激,真心话,历史题库,否,v8,你对情侣之间“视频通话入睡”的边界是什么？
t710,成人刺激,真心话,历史题库,否,v8,“社交账号互关所有朋友”对你来说是亲密、压力还是控制？
t711,成人刺激,真心话,历史题库,否,v8,如果伴侣要求“情侣共同账号”，你会怎样回应？
t712,成人刺激,真心话,历史题库,否,v8,你曾因“翻看旧动态”感到被信任或被侵犯吗？
t713,成人刺激,真心话,历史题库,否,v8,你对情侣之间“删除前任内容”的边界是什么？
t714,成人刺激,真心话,历史题库,否,v8,“在群聊里公开调情”对你来说是亲密、压力还是控制？
t715,成人刺激,真心话,历史题库,否,v8,如果伴侣要求“用表情包表达亲密”，你会怎样回应？
t716,成人刺激,真心话,历史题库,否,v8,你曾因“录制私人语音”感到被信任或被侵犯吗？
t717,成人刺激,真心话,历史题库,否,v8,你对情侣之间“同步日历”的边界是什么？
t718,成人刺激,真心话,历史题库,否,v8,“共享相册”对你来说是亲密、压力还是控制？
t719,成人刺激,真心话,历史题库,否,v8,如果伴侣要求“公开纪念日”，你会怎样回应？
t720,成人刺激,真心话,历史题库,否,v8,你曾因“在交友软件注销账号”感到被信任或被侵犯吗？
t721,成人刺激,真心话,历史题库,否,v8,异地关系中，“固定视频约会”对你有多重要？
t722,成人刺激,真心话,历史题库,否,v8,你能长期坚持“共享日常照片”吗？
t723,成人刺激,真心话,历史题库,是,v8,如果对方不喜欢“同步追剧”，你会用什么方式替代？
t724,成人刺激,真心话,历史题库,否,v8,“远程点餐”最可能让你感到亲密还是产生压力？
t725,成人刺激,真心话,历史题库,否,v8,异地关系中，“共同制定见面倒计时”对你有多重要？
t726,成人刺激,真心话,历史题库,否,v8,你能长期坚持“分享位置但不长期定位”吗？
t727,成人刺激,真心话,历史题库,是,v8,如果对方不喜欢“睡前语音”，你会用什么方式替代？
t728,成人刺激,真心话,历史题库,否,v8,“交换手写信”最可能让你感到亲密还是产生压力？
t729,成人刺激,真心话,历史题库,否,v8,异地关系中，“一起在线运动”对你有多重要？
t730,成人刺激,真心话,历史题库,否,v8,你能长期坚持“共同游戏”吗？
t731,成人刺激,真心话,历史题库,是,v8,如果对方不喜欢“计划下一次旅行”，你会用什么方式替代？
t732,成人刺激,真心话,历史题库,否,v8,“明确联系频率”最可能让你感到亲密还是产生压力？
t733,成人刺激,真心话,历史题库,否,v8,异地关系中，“保持各自社交生活”对你有多重要？
t734,成人刺激,真心话,历史题库,否,v8,你能长期坚持“处理时差”吗？
t735,成人刺激,真心话,历史题库,是,v8,如果对方不喜欢“遇到争吵不过夜”，你会用什么方式替代？
t736,成人刺激,真心话,历史题库,否,v8,“讨论忠诚边界”最可能让你感到亲密还是产生压力？
t737,成人刺激,真心话,历史题库,否,v8,异地关系中，“定期送小礼物”对你有多重要？
t738,成人刺激,真心话,历史题库,否,v8,你能长期坚持“分享私人歌单”吗？
t739,成人刺激,真心话,历史题库,是,v8,如果对方不喜欢“重要日子提前安排”，你会用什么方式替代？
t740,成人刺激,真心话,历史题库,否,v8,“讨论未来结束异地的时间”最可能让你感到亲密还是产生压力？
t741,成人刺激,真心话,历史题库,否,v8,发生冲突时，“冷静半小时再谈”适合你吗？
t742,成人刺激,真心话,历史题库,否,v8,你希望伴侣主动做到“当晚解决”吗？
t743,成人刺激,真心话,历史题库,否,v8,如果双方对“先拥抱再沟通”意见相反，你会怎样协调？
t744,成人刺激,真心话,历史题库,否,v8,你曾通过“先道歉再解释”真正修复过一段关系吗？
t745,成人刺激,真心话,历史题库,否,v8,发生冲突时，“写下来再讨论”适合你吗？
t746,成人刺激,真心话,历史题库,否,v8,你希望伴侣主动做到“各自独处一天”吗？
t747,成人刺激,真心话,历史题库,否,v8,如果双方对“请朋友调解”意见相反，你会怎样协调？
t748,成人刺激,真心话,历史题库,否,v8,你曾通过“不翻旧账”真正修复过一段关系吗？
t749,成人刺激,真心话,历史题库,否,v8,发生冲突时，“明确暂停词”适合你吗？
t750,成人刺激,真心话,历史题库,否,v8,你希望伴侣主动做到“事后安排约会”吗？
t751,成人刺激,真心话,历史题库,否,v8,如果双方对“复盘触发点”意见相反，你会怎样协调？
t752,成人刺激,真心话,历史题库,否,v8,你曾通过“说明真实需求”真正修复过一段关系吗？
t753,成人刺激,真心话,历史题库,否,v8,发生冲突时，“承认嫉妒”适合你吗？
t754,成人刺激,真心话,历史题库,否,v8,你希望伴侣主动做到“停止讽刺”吗？
t755,成人刺激,真心话,历史题库,否,v8,如果双方对“不在公共场合争吵”意见相反，你会怎样协调？
t756,成人刺激,真心话,历史题库,否,v8,你曾通过“不以分手威胁”真正修复过一段关系吗？
t757,成人刺激,真心话,历史题库,否,v8,发生冲突时，“先确认是否愿意谈”适合你吗？
t758,成人刺激,真心话,历史题库,否,v8,你希望伴侣主动做到“给出具体补偿行动”吗？
t759,成人刺激,真心话,历史题库,否,v8,如果双方对“讨论以后怎么避免”意见相反，你会怎样协调？
t760,成人刺激,真心话,历史题库,否,v8,你曾通过“确认关系仍然安全”真正修复过一段关系吗？
t761,成人刺激,真心话,历史题库,否,v8,你对“角色扮演”这种成人情趣或约会玩法的接受度如何？
t762,成人刺激,真心话,历史题库,否,v8,如果尝试“主题服装”，你最需要先确认什么边界？
t763,成人刺激,真心话,历史题库,否,v8,“陌生人式约会”对你来说更像有趣、尴尬还是刺激？
t764,成人刺激,真心话,历史题库,否,v8,你愿意主动提出“重新演第一次见面”吗？为什么？
t765,成人刺激,真心话,历史题库,否,v8,你对“秘密身份小游戏”这种成人情趣或约会玩法的接受度如何？
t766,成人刺激,真心话,历史题库,否,v8,如果尝试“电影角色约会”，你最需要先确认什么边界？
t767,成人刺激,真心话,历史题库,否,v8,“语言与口音扮演”对你来说更像有趣、尴尬还是刺激？
t768,成人刺激,真心话,历史题库,否,v8,你愿意主动提出“交换主导约会安排”吗？为什么？
t769,成人刺激,真心话,历史题库,否,v8,你对“写情境卡片”这种成人情趣或约会玩法的接受度如何？
t770,成人刺激,真心话,历史题库,否,v8,如果尝试“蒙眼猜气味但不接触他人”，你最需要先确认什么边界？
t771,成人刺激,真心话,历史题库,否,v8,“情侣问答卡”对你来说更像有趣、尴尬还是刺激？
t772,成人刺激,真心话,历史题库,否,v8,你愿意主动提出“成人情境桌游”吗？为什么？
t773,成人刺激,真心话,历史题库,否,v8,你对“酒店度假主题”这种成人情趣或约会玩法的接受度如何？
t774,成人刺激,真心话,历史题库,否,v8,如果尝试“复古舞会主题”，你最需要先确认什么边界？
t775,成人刺激,真心话,历史题库,否,v8,“未来世界约会”对你来说更像有趣、尴尬还是刺激？
t776,成人刺激,真心话,历史题库,否,v8,你愿意主动提出“侦探与嫌疑人剧情”吗？为什么？
t777,成人刺激,真心话,历史题库,否,v8,你对“深夜电台剧情”这种成人情趣或约会玩法的接受度如何？
t778,成人刺激,真心话,历史题库,否,v8,如果尝试“舞台后台重逢剧情”，你最需要先确认什么边界？
t779,成人刺激,真心话,历史题库,否,v8,“假装多年未见”对你来说更像有趣、尴尬还是刺激？
t780,成人刺激,真心话,历史题库,否,v8,你愿意主动提出“互写幻想约会脚本”吗？为什么？
t781,成人刺激,真心话,历史题库,否,v8,在“身材变化”这件事上，你最容易产生哪种不自信？
t782,成人刺激,真心话,历史题库,否,v8,伴侣怎样回应，能让你在“皮肤状态”时更安心？
t783,成人刺激,真心话,历史题库,否,v8,你是否因为担心“年龄增长”而回避过亲密关系？
t784,成人刺激,真心话,历史题库,否,v8,你想怎样改善自己面对“穿着暴露程度”时的自我感受？
t785,成人刺激,真心话,历史题库,否,v8,在“素颜状态”这件事上，你最容易产生哪种不自信？
t786,成人刺激,真心话,历史题库,否,v8,伴侣怎样回应，能让你在“声音表现”时更安心？
t787,成人刺激,真心话,历史题库,否,v8,你是否因为担心“表达需求”而回避过亲密关系？
t788,成人刺激,真心话,历史题库,否,v8,你想怎样改善自己面对“被注视”时的自我感受？
t789,成人刺激,真心话,历史题库,否,v8,在“拍照”这件事上，你最容易产生哪种不自信？
t790,成人刺激,真心话,历史题库,否,v8,伴侣怎样回应，能让你在“在灯光下相处”时更安心？
t791,成人刺激,真心话,历史题库,否,v8,你是否因为担心“接受称赞”而回避过亲密关系？
t792,成人刺激,真心话,历史题库,否,v8,你想怎样改善自己面对“主动发起约会”时的自我感受？
t793,成人刺激,真心话,历史题库,否,v8,在“讨论身体边界”这件事上，你最容易产生哪种不自信？
t794,成人刺激,真心话,历史题库,否,v8,伴侣怎样回应，能让你在“面对拒绝”时更安心？
t795,成人刺激,真心话,历史题库,否,v8,你是否因为担心“与更有魅力的人比较”而回避过亲密关系？
t796,成人刺激,真心话,历史题库,否,v8,你想怎样改善自己面对“谈过去经验”时的自我感受？
t797,成人刺激,真心话,历史题库,否,v8,在“表达欲望”这件事上，你最容易产生哪种不自信？
t798,成人刺激,真心话,历史题库,否,v8,伴侣怎样回应，能让你在“说出不舒服”时更安心？
t799,成人刺激,真心话,历史题库,否,v8,你是否因为担心“接受亲密后的脆弱”而回避过亲密关系？
t800,成人刺激,真心话,历史题库,是,v8,你想怎样改善自己面对“让对方看到不完美”时的自我感受？
t801,成人刺激,真心话,历史题库,否,v8,“亲密频率”不合拍会不会成为你结束关系的理由？
t802,成人刺激,真心话,历史题库,否,v8,在“作息”上，你愿意妥协到什么程度？
t803,成人刺激,真心话,历史题库,否,v8,你希望在确定关系前就讨论“卫生习惯”吗？
t804,成人刺激,真心话,历史题库,否,v8,你曾低估“表达爱意的方式”对关系的重要性吗？
t805,成人刺激,真心话,历史题库,否,v8,“金钱观”不合拍会不会成为你结束关系的理由？
t806,成人刺激,真心话,历史题库,否,v8,在“社交需求”上，你愿意妥协到什么程度？
t807,成人刺激,真心话,历史题库,否,v8,你希望在确定关系前就讨论“独处需求”吗？
t808,成人刺激,真心话,历史题库,否,v8,你曾低估“旅行偏好”对关系的重要性吗？
t809,成人刺激,真心话,历史题库,否,v8,“饮酒习惯”不合拍会不会成为你结束关系的理由？
t810,成人刺激,真心话,历史题库,否,v8,在“运动习惯”上，你愿意妥协到什么程度？
t811,成人刺激,真心话,历史题库,否,v8,你希望在确定关系前就讨论“是否要孩子”吗？
t812,成人刺激,真心话,历史题库,否,v8,你曾低估“居住城市”对关系的重要性吗？
t813,成人刺激,真心话,历史题库,否,v8,“公开关系程度”不合拍会不会成为你结束关系的理由？
t814,成人刺激,真心话,历史题库,否,v8,在“对前任的态度”上，你愿意妥协到什么程度？
t815,成人刺激,真心话,历史题库,否,v8,你希望在确定关系前就讨论“家庭边界”吗？
t816,成人刺激,真心话,历史题库,否,v8,你曾低估“事业优先级”对关系的重要性吗？
t817,成人刺激,真心话,历史题库,否,v8,“家务分配”不合拍会不会成为你结束关系的理由？
t818,成人刺激,真心话,历史题库,否,v8,在“节日仪式感”上，你愿意妥协到什么程度？
t819,成人刺激,真心话,历史题库,否,v8,你希望在确定关系前就讨论“性格节奏”吗？
t820,成人刺激,真心话,历史题库,否,v8,你曾低估“冲突处理方式”对关系的重要性吗？
t821,成人刺激,真心话,历史题库,是,v8,关于“发起第一次约会”，你更愿意主动还是等对方？
t822,成人刺激,真心话,历史题库,否,v8,什么条件会让你有勇气主动“第一次表白”？
t823,成人刺激,真心话,历史题库,否,v8,你曾因没有主动“第一次牵手”而后悔吗？
t824,成人刺激,真心话,历史题库,是,v8,如果对方始终不主动“第一次接吻”，你会怎样理解？
t825,成人刺激,真心话,历史题库,是,v8,关于“讨论关系定义”，你更愿意主动还是等对方？
t826,成人刺激,真心话,历史题库,否,v8,什么条件会让你有勇气主动“提出同居”？
t827,成人刺激,真心话,历史题库,否,v8,你曾因没有主动“安排浪漫惊喜”而后悔吗？
t828,成人刺激,真心话,历史题库,是,v8,如果对方始终不主动“表达成人需求”，你会怎样理解？
t829,成人刺激,真心话,历史题库,是,v8,关于“提出暂停”，你更愿意主动还是等对方？
t830,成人刺激,真心话,历史题库,否,v8,什么条件会让你有勇气主动“提出分手”？
t831,成人刺激,真心话,历史题库,否,v8,你曾因没有主动“主动复合”而后悔吗？
t832,成人刺激,真心话,历史题库,是,v8,如果对方始终不主动“主动道歉”，你会怎样理解？
t833,成人刺激,真心话,历史题库,是,v8,关于“主动讨论安全措施”，你更愿意主动还是等对方？
t834,成人刺激,真心话,历史题库,否,v8,什么条件会让你有勇气主动“主动提出新尝试”？
t835,成人刺激,真心话,历史题库,是,v8,你曾因没有主动“主动问对方感受”而后悔吗？
t836,成人刺激,真心话,历史题库,是,v8,如果对方始终不主动“主动说想念”，你会怎样理解？
t837,成人刺激,真心话,历史题库,是,v8,关于“主动拒绝暧昧对象”，你更愿意主动还是等对方？
t838,成人刺激,真心话,历史题库,否,v8,什么条件会让你有勇气主动“主动公开关系”？
t839,成人刺激,真心话,历史题库,否,v8,你曾因没有主动“主动介绍给朋友”而后悔吗？
t840,成人刺激,真心话,历史题库,是,v8,如果对方始终不主动“主动规划共同未来”，你会怎样理解？
t841,成人刺激,真心话,历史题库,是,v8,亲密互动后，你最需要“拥抱”吗？
t842,成人刺激,真心话,历史题库,是,v8,如果对方不习惯“安静陪伴”，你会觉得失落吗？
t843,成人刺激,真心话,历史题库,是,v8,你会主动提供“语言确认”，还是等对方提出？
t844,成人刺激,真心话,历史题库,否,v8,“准备水和食物”对你的安全感有多大影响？
t845,成人刺激,真心话,历史题库,是,v8,亲密互动后，你最需要“询问感受”吗？
t846,成人刺激,真心话,历史题库,是,v8,如果对方不习惯“给彼此空间”，你会觉得失落吗？
t847,成人刺激,真心话,历史题库,是,v8,你会主动提供“一起洗漱”，还是等对方提出？
t848,成人刺激,真心话,历史题库,否,v8,“播放轻音乐”对你的安全感有多大影响？
t849,成人刺激,真心话,历史题库,是,v8,亲密互动后，你最需要“说晚安”吗？
t850,成人刺激,真心话,历史题库,是,v8,如果对方不习惯“拥抱入睡”，你会觉得失落吗？
t851,成人刺激,真心话,历史题库,是,v8,你会主动提供“第二天主动联系”，还是等对方提出？
t852,成人刺激,真心话,历史题库,否,v8,“复盘边界”对你的安全感有多大影响？
t853,成人刺激,真心话,历史题库,是,v8,亲密互动后，你最需要“表达感谢”吗？
t854,成人刺激,真心话,历史题库,是,v8,如果对方不习惯“确认没有后悔”，你会觉得失落吗？
t855,成人刺激,真心话,历史题库,是,v8,你会主动提供“不立刻看手机”，还是等对方提出？
t856,成人刺激,真心话,历史题库,否,v8,“帮忙整理环境”对你的安全感有多大影响？
t857,成人刺激,真心话,历史题库,是,v8,亲密互动后，你最需要“轻松聊天”吗？
t858,成人刺激,真心话,历史题库,是,v8,如果对方不习惯“计划下一次见面”，你会觉得失落吗？
t859,成人刺激,真心话,历史题库,是,v8,你会主动提供“尊重对方先离开”，还是等对方提出？
t860,成人刺激,真心话,历史题库,否,v8,“明确关系不会因此改变”对你的安全感有多大影响？
t861,成人刺激,真心话,历史题库,否,v8,你愿意和信任的人尝试“临时夜游”吗？
t862,成人刺激,真心话,历史题库,否,v8,“周末短途旅行”对你来说更浪漫还是更有压力？
t863,成人刺激,真心话,历史题库,否,v8,尝试“陌生城市约会”前，你最想确认什么安全或边界问题？
t864,成人刺激,真心话,历史题库,否,v8,你曾经因为“突然订一家新餐厅”对一个人更心动吗？
t865,成人刺激,真心话,历史题库,否,v8,你愿意和信任的人尝试“深夜去海边”吗？
t866,成人刺激,真心话,历史题库,否,v8,“在雨天散步”对你来说更浪漫还是更有压力？
t867,成人刺激,真心话,历史题库,否,v8,尝试“凌晨看日出”前，你最想确认什么安全或边界问题？
t868,成人刺激,真心话,历史题库,否,v8,你曾经因为“交换一天的约会安排权”对一个人更心动吗？
t869,成人刺激,真心话,历史题库,否,v8,你愿意和信任的人尝试“去主题酒店度假”吗？
t870,成人刺激,真心话,历史题库,否,v8,“参加化装舞会”对你来说更浪漫还是更有压力？
t871,成人刺激,真心话,历史题库,否,v8,尝试“去看午夜场电影”前，你最想确认什么安全或边界问题？
t872,成人刺激,真心话,历史题库,否,v8,你曾经因为“在家布置主题晚餐”对一个人更心动吗？
t873,成人刺激,真心话,历史题库,是,v8,你愿意和信任的人尝试“临时去听现场音乐”吗？
t874,成人刺激,真心话,历史题库,是,v8,“一起学双人舞但尊重距离”对你来说更浪漫还是更有压力？
t875,成人刺激,真心话,历史题库,否,v8,尝试“城市随机路线”前，你最想确认什么安全或边界问题？
t876,成人刺激,真心话,历史题库,否,v8,你曾经因为“只带一个小包去短途旅行”对一个人更心动吗？
t877,成人刺激,真心话,历史题库,否,v8,你愿意和信任的人尝试“住进景观民宿”吗？
t878,成人刺激,真心话,历史题库,否,v8,“参加成人主题但安全的桌游夜”对你来说更浪漫还是更有压力？
t879,成人刺激,真心话,历史题库,否,v8,尝试“互换穿搭建议”前，你最想确认什么安全或边界问题？
t880,成人刺激,真心话,历史题库,否,v8,你曾经因为“一起完成约会愿望清单”对一个人更心动吗？
t881,成人刺激,真心话,历史题库,是,v8,仅凭今晚表现，现场谁看起来“最有魅力”？可以跳过或只描述特质。
t882,成人刺激,真心话,历史题库,是,v8,如果必须选一位玩家，你觉得谁“最会制造浪漫”？回答前可先说明不代表真实邀约。
t883,成人刺激,真心话,历史题库,是,v8,现场哪位玩家最符合你对“最适合深夜聊天”的想象？可以不点名。
t884,成人刺激,真心话,历史题库,是,v8,你认为“最可能主动告白”最需要什么特质？现场有人具备吗？
t885,成人刺激,真心话,历史题库,是,v8,仅凭今晚表现，现场谁看起来“最会尊重边界”？可以跳过或只描述特质。
t886,成人刺激,真心话,历史题库,是,v8,如果必须选一位玩家，你觉得谁“最适合稳定恋爱”？回答前可先说明不代表真实邀约。
t887,成人刺激,真心话,历史题库,是,v8,现场哪位玩家最符合你对“最有神秘感”的想象？可以不点名。
t888,成人刺激,真心话,历史题库,是,v8,你认为“最有安全感”最需要什么特质？现场有人具备吗？
t889,成人刺激,真心话,历史题库,是,v8,仅凭今晚表现，现场谁看起来“最会调情”？可以跳过或只描述特质。
t890,成人刺激,真心话,历史题库,是,v8,如果必须选一位玩家，你觉得谁“最适合一起旅行”？回答前可先说明不代表真实邀约。
t891,成人刺激,真心话,历史题库,是,v8,现场哪位玩家最符合你对“最会处理吃醋”的想象？可以不点名。
t892,成人刺激,真心话,历史题库,是,v8,你认为“最能保守秘密”最需要什么特质？现场有人具备吗？
t893,成人刺激,真心话,历史题库,是,v8,仅凭今晚表现，现场谁看起来“最会照顾情绪”？可以跳过或只描述特质。
t894,成人刺激,真心话,历史题库,是,v8,如果必须选一位玩家，你觉得谁“最适合假装情侣”？回答前可先说明不代表真实邀约。
t895,成人刺激,真心话,历史题库,是,v8,现场哪位玩家最符合你对“最容易让人心动”的想象？可以不点名。
t896,成人刺激,真心话,历史题库,是,v8,你认为“最有电影主角感”最需要什么特质？现场有人具备吗？
t897,成人刺激,真心话,历史题库,是,v8,仅凭今晚表现，现场谁看起来“最懂得说“不””？可以跳过或只描述特质。
t898,成人刺激,真心话,历史题库,是,v8,如果必须选一位玩家，你觉得谁“最会认真倾听”？回答前可先说明不代表真实邀约。
t899,成人刺激,真心话,历史题库,是,v8,现场哪位玩家最符合你对“最适合共同生活”的想象？可以不点名。
t900,成人刺激,真心话,历史题库,是,v8,你认为“最会安排约会”最需要什么特质？现场有人具备吗？
v9-t4-1393,成人刺激,真心话,约会与暧昧,否,v9-expansion,如果对方在迟到处理上与你完全不同，你会继续了解吗？
v9-t4-1394,成人刺激,真心话,数字隐私,否,v9-expansion,如果伴侣要求匿名账号，你会答应吗？
v9-t4-1395,成人刺激,真心话,亲密偏好,否,v9-expansion,第一次接吻对你确认一段关系有多重要？
v9-t4-1396,成人刺激,真心话,吸引力细节,否,v9-expansion,在成年人约会中，眼神达到什么程度会让你明显心动？
v9-t4-1397,成人刺激,真心话,暧昧信号,否,v9-expansion,“频繁发自拍”对你来说是心动，还是普通友好？
v9-t4-1398,成人刺激,真心话,前任与过去,否,v9-expansion,分手后保留未完成的承诺，对你来说意味着什么？
v9-t4-1399,成人刺激,真心话,亲密沟通,否,v9-expansion,你觉得讨论角色偏好最合适的时机是什么？
v9-t4-1400,成人刺激,真心话,同意与边界,否,v9-expansion,关于饮酒后的互动，你认为双方必须提前确认哪些边界？
v9-t4-1401,成人刺激,真心话,幻想与氛围,否,v9-expansion,“正式礼服约会”对你来说更浪漫、刺激还是有压力？
v9-t4-1402,成人刺激,真心话,关系模式,否,v9-expansion,你认为“开放式关系”最容易在哪个环节伤害关系？
v9-t4-1403,成人刺激,真心话,成人坦诚,否,v9-expansion,你最看重亲密互动前、过程中还是之后的沟通？
v9-t4-1404,成人刺激,真心话,约会与暧昧,否,v9-expansion,你曾因一次约会里的拍照习惯改变对一个人的判断吗？
v9-t4-1405,成人刺激,真心话,数字隐私,否,v9-expansion,你认为前任联系方式是否属于关系中的私人空间？
v9-t4-1406,成人刺激,真心话,吸引力细节,否,v9-expansion,你更容易被一个人的声音还是谈吐吸引？为什么？
v9-t4-1407,成人刺激,真心话,前任与过去,否,v9-expansion,你是否曾因前任的社交平台关注影响下一段关系？
v9-t4-1408,成人刺激,真心话,亲密沟通,否,v9-expansion,你觉得讨论亲密后的沟通最合适的时机是什么？
v9-t4-1409,成人刺激,真心话,同意与边界,否,v9-expansion,伴侣提出在公共场合亲密互动时，怎样的沟通方式最尊重你？
v9-t4-1410,成人刺激,真心话,幻想与氛围,否,v9-expansion,如果可以安全、自愿地体验一次“互相准备惊喜服装”，你最在意什么？
v9-t4-1411,成人刺激,真心话,关系模式,否,v9-expansion,如果伴侣提出“跨城市周末关系”，你最先想确认什么？
v9-t4-1412,成人刺激,真心话,成人坦诚,否,v9-expansion,你能接受伴侣拥有不愿与你分享的幻想吗？
v9-t4-1413,成人刺激,真心话,约会与暧昧,否,v9-expansion,如果对方在饮食选择上与你完全不同，你会继续了解吗？
v9-t4-1414,成人刺激,真心话,数字隐私,否,v9-expansion,如果伴侣要求收藏内容，你会答应吗？
v9-t4-1415,成人刺激,真心话,亲密偏好,否,v9-expansion,睡前拥抱对你确认一段关系有多重要？
v9-t4-1416,成人刺激,真心话,吸引力细节,否,v9-expansion,你更容易被一个人的温柔感还是松弛感吸引？为什么？
v9-t4-1417,成人刺激,真心话,暧昧信号,否,v9-expansion,当对方出现“分享私人歌单”时，你会把它理解为暧昧信号吗？
v9-t4-1418,成人刺激,真心话,前任与过去,否,v9-expansion,分手后保留共同朋友，对你来说意味着什么？
v9-t4-1419,成人刺激,真心话,亲密沟通,否,v9-expansion,当双方在灯光氛围上不一致时，你更希望怎么沟通？
v9-t4-1420,成人刺激,真心话,同意与边界,否,v9-expansion,如果你对讨论前任感到不舒服，会用什么方式暂停？
v9-t4-1421,成人刺激,真心话,幻想与氛围,否,v9-expansion,你对“深夜城市散步”这种成人约会情境的接受度如何？
v9-t4-1422,成人刺激,真心话,关系模式,否,v9-expansion,如果伴侣提出“开放式关系”，你最先想确认什么？
v9-t4-1423,成人刺激,真心话,成人坦诚,否,v9-expansion,在亲密关系中，你更害怕被拒绝还是被敷衍？
v9-t4-1424,成人刺激,真心话,数字隐私,否,v9-expansion,关于匿名账号，你希望伴侣知道到什么程度？
v9-t4-1425,成人刺激,真心话,亲密偏好,否,v9-expansion,什么情况会让你拒绝或暂停独处时的陪伴方式？
v9-t4-1426,成人刺激,真心话,吸引力细节,否,v9-expansion,你更容易被一个人的行动力还是气质吸引？为什么？
v9-t4-1427,成人刺激,真心话,前任与过去,否,v9-expansion,关于前任的共同照片，你会主动向现任坦白吗？
v9-t4-1428,成人刺激,真心话,亲密沟通,否,v9-expansion,你觉得讨论约会预算最合适的时机是什么？
v9-t4-1429,成人刺激,真心话,同意与边界,否,v9-expansion,关于拍摄私密照片，你认为双方必须提前确认哪些边界？
v9-t4-1430,成人刺激,真心话,幻想与氛围,否,v9-expansion,如果可以安全、自愿地体验一次“成年人关系桌游夜”，你最在意什么？
v9-t4-1431,成人刺激,真心话,关系模式,否,v9-expansion,在“与前任复合”里，你最看重哪条规则？
v9-t4-1432,成人刺激,真心话,成人坦诚,否,v9-expansion,你最希望伴侣如何回应你的身体不自信？
v9-t4-1433,成人刺激,真心话,约会与暧昧,否,v9-expansion,如果对方在回家报平安上与你完全不同，你会继续了解吗？
v9-t4-1434,成人刺激,真心话,数字隐私,否,v9-expansion,发生分手时，关于前任联系方式最成熟的处理方式是什么？
v9-t4-1435,成人刺激,真心话,吸引力细节,否,v9-expansion,长期关系里，穿衣风格对维持吸引力有多重要？
v9-t4-1436,成人刺激,真心话,暧昧信号,否,v9-expansion,“反复制造偶遇”对你来说是心动，还是普通友好？
v9-t4-1437,成人刺激,真心话,前任与过去,否,v9-expansion,你是否曾因前任的共同账号影响下一段关系？
v9-t4-1438,成人刺激,真心话,亲密沟通,否,v9-expansion,你觉得讨论前戏氛围最合适的时机是什么？
v9-t4-1439,成人刺激,真心话,同意与边界,否,v9-expansion,在进行角色扮演之前，你希望对方怎样确认你的同意？
v9-t4-1440,成人刺激,真心话,幻想与氛围,否,v9-expansion,“纪念日酒店入住”对你来说更浪漫、刺激还是有压力？
v9-t4-1441,成人刺激,真心话,关系模式,否,v9-expansion,如果伴侣提出“年龄差较大的关系”，你最先想确认什么？
v9-t4-1442,成人刺激,真心话,成人坦诚,否,v9-expansion,你认为成年人之间“只暧昧不负责”公平吗？
v9-t4-1443,成人刺激,真心话,约会与暧昧,否,v9-expansion,第一次约会时，你对拍照习惯最在意的标准是什么？
v9-t4-1444,成人刺激,真心话,数字隐私,否,v9-expansion,你认为共同相册是否属于关系中的私人空间？
v9-t4-1445,成人刺激,真心话,亲密偏好,否,v9-expansion,久别重逢的拥抱对你确认一段关系有多重要？
v9-t4-1446,成人刺激,真心话,吸引力细节,否,v9-expansion,哪一种反差感会让你觉得对方在主动释放暧昧信号？
v9-t4-1447,成人刺激,真心话,暧昧信号,否,v9-expansion,如果喜欢的人开始“试探你的感情状态”，你会主动推进关系吗？
v9-t4-1448,成人刺激,真心话,前任与过去,否,v9-expansion,如果现任介意你与前任的社交平台关注，你会如何处理？
v9-t4-1449,成人刺激,真心话,亲密沟通,否,v9-expansion,当双方在事后陪伴上不一致时，你更希望怎么沟通？
v9-t4-1450,成人刺激,真心话,同意与边界,否,v9-expansion,伴侣提出一起旅行过夜时，怎样的沟通方式最尊重你？
v9-t4-1451,成人刺激,真心话,幻想与氛围,否,v9-expansion,“海边夜谈”对你来说更浪漫、刺激还是有压力？
v9-t4-1452,成人刺激,真心话,关系模式,否,v9-expansion,在“暂时不考虑婚姻”里，你最看重哪条规则？
v9-t4-1453,成人刺激,真心话,成人坦诚,否,v9-expansion,你有没有因为身体吸引力而忽略过明显的关系风险？
v9-t4-1454,成人刺激,真心话,数字隐私,否,v9-expansion,你认为聊天记录是否属于关系中的私人空间？
v9-t4-1455,成人刺激,真心话,亲密偏好,否,v9-expansion,你理想中的第一次牵手应该是什么节奏？
v9-t4-1456,成人刺激,真心话,吸引力细节,否,v9-expansion,长期关系里，反差感对维持吸引力有多重要？
v9-t4-1457,成人刺激,真心话,暧昧信号,否,v9-expansion,如果喜欢的人开始“轻微吃醋”，你会主动推进关系吗？
v9-t4-1458,成人刺激,真心话,前任与过去,否,v9-expansion,如果现任介意你与前任的家人联系，你会如何处理？
v9-t4-1459,成人刺激,真心话,亲密沟通,否,v9-expansion,关于公开亲密程度，你最希望伴侣主动问你的问题是什么？
v9-t4-1460,成人刺激,真心话,同意与边界,否,v9-expansion,在介绍给朋友之前，你希望对方怎样确认你的同意？
v9-t4-1461,成人刺激,真心话,幻想与氛围,否,v9-expansion,你对“角色扮演晚餐”这种成人约会情境的接受度如何？
v9-t4-1462,成人刺激,真心话,关系模式,否,v9-expansion,在“分手后保持联系”里，你最看重哪条规则？
v9-t4-1463,成人刺激,真心话,成人坦诚,否,v9-expansion,你有没有为了维持吸引力，假装喜欢过某种约会方式？
v9-t4-1464,成人刺激,真心话,约会与暧昧,否,v9-expansion,第一次约会时，你对第二次邀约最在意的标准是什么？
v9-t4-1465,成人刺激,真心话,数字隐私,否,v9-expansion,发生分手时，关于手机密码最成熟的处理方式是什么？
v9-t4-1466,成人刺激,真心话,吸引力细节,否,v9-expansion,在成年人约会中，穿衣风格达到什么程度会让你明显心动？
v9-t4-1467,成人刺激,真心话,暧昧信号,否,v9-expansion,你曾经因为“分享私人歌单”误判过一段关系吗？
v9-t4-1468,成人刺激,真心话,前任与过去,否,v9-expansion,分手后保留共同账号，对你来说意味着什么？
v9-t4-1469,成人刺激,真心话,亲密沟通,否,v9-expansion,你觉得讨论主动程度最合适的时机是什么？
v9-t4-1470,成人刺激,真心话,同意与边界,否,v9-expansion,如果你对谈论亲密频率感到不舒服，会用什么方式暂停？
v9-t4-1471,成人刺激,真心话,幻想与氛围,否,v9-expansion,你对“秘密身份小游戏”这种成人约会情境的接受度如何？
v9-t4-1472,成人刺激,真心话,关系模式,否,v9-expansion,如果伴侣提出“朋友发展成恋人”，你最先想确认什么？
v9-t4-1473,成人刺激,真心话,成人坦诚,否,v9-expansion,你最不愿在新关系初期谈论的成人话题是什么？
v9-t4-1474,成人刺激,真心话,约会与暧昧,否,v9-expansion,第一次约会时，你对对服务人员态度最在意的标准是什么？
v9-t4-1475,成人刺激,真心话,数字隐私,否,v9-expansion,关于共同相册，你希望伴侣知道到什么程度？
v9-t4-1476,成人刺激,真心话,亲密偏好,否,v9-expansion,什么情况会让你拒绝或暂停第一次牵手？
v9-t4-1477,成人刺激,真心话,吸引力细节,否,v9-expansion,哪一种身体语言会让你觉得对方在主动释放暧昧信号？
v9-t4-1478,成人刺激,真心话,暧昧信号,否,v9-expansion,你曾经因为“向朋友提起你”误判过一段关系吗？
v9-t4-1479,成人刺激,真心话,前任与过去,否,v9-expansion,关于前任的联系方式，你会主动向现任坦白吗？
v9-t4-1480,成人刺激,真心话,亲密沟通,否,v9-expansion,当双方在情绪安抚上不一致时，你更希望怎么沟通？
v9-t4-1481,成人刺激,真心话,同意与边界,否,v9-expansion,关于使用情侣昵称，你认为双方必须提前确认哪些边界？
v9-t4-1482,成人刺激,真心话,幻想与氛围,否,v9-expansion,你对“海边夜谈”这种成人约会情境的接受度如何？
v9-t4-1483,成人刺激,真心话,关系模式,否,v9-expansion,如果伴侣提出“先同居再决定婚姻”，你最先想确认什么？
v9-t4-1484,成人刺激,真心话,成人坦诚,否,v9-expansion,你认为成年人在确认关系前应该谈清楚哪些底线？
v9-t4-1485,成人刺激,真心话,约会与暧昧,否,v9-expansion,你曾因一次约会里的穿着风格改变对一个人的判断吗？
v9-t4-1486,成人刺激,真心话,数字隐私,否,v9-expansion,如果伴侣要求前任联系方式，你会答应吗？
v9-t4-1487,成人刺激,真心话,亲密偏好,否,v9-expansion,关于见面时的问候方式，你更喜欢自己主动还是对方主动？
v9-t4-1488,成人刺激,真心话,吸引力细节,否,v9-expansion,长期关系里，身体语言对维持吸引力有多重要？
v9-t4-1489,成人刺激,真心话,暧昧信号,否,v9-expansion,当对方出现“刻意保持距离”时，你会把它理解为暧昧信号吗？
v9-t4-1490,成人刺激,真心话,前任与过去,否,v9-expansion,如果现任介意你与前任的固定纪念日，你会如何处理？
v9-t4-1491,成人刺激,真心话,亲密沟通,否,v9-expansion,当双方在主动程度上不一致时，你更希望怎么沟通？
v9-t4-1492,成人刺激,真心话,同意与边界,否,v9-expansion,如果你对一起旅行过夜感到不舒服，会用什么方式暂停？
v9-t4-1493,成人刺激,真心话,幻想与氛围,否,v9-expansion,你愿意主动提出“海边夜谈”吗？为什么？
v9-t4-1494,成人刺激,真心话,关系模式,否,v9-expansion,你认为“长期异地”最容易在哪个环节伤害关系？
v9-t4-1495,成人刺激,真心话,成人坦诚,否,v9-expansion,你有没有在一段关系里把亲密感当作和好的捷径？
v9-t4-1496,成人刺激,真心话,约会与暧昧,否,v9-expansion,你曾因一次约会里的见面时间改变对一个人的判断吗？
v9-t4-1497,成人刺激,真心话,数字隐私,否,v9-expansion,你认为工作联系人是否属于关系中的私人空间？
v9-t4-1498,成人刺激,真心话,亲密偏好,否,v9-expansion,关于分别前的最后一个动作，你更喜欢自己主动还是对方主动？
v9-t4-1499,成人刺激,真心话,吸引力细节,否,v9-expansion,你更容易被一个人的眼神还是神秘感吸引？为什么？
v9-t4-1500,成人刺激,真心话,暧昧信号,否,v9-expansion,如果喜欢的人开始“频繁使用专属昵称”，你会主动推进关系吗？
v9-t4-1501,成人刺激,真心话,前任与过去,否,v9-expansion,如果现任介意你与前任的私密内容，你会如何处理？
v9-t4-1502,成人刺激,真心话,亲密沟通,否,v9-expansion,当双方在身体自信上不一致时，你更希望怎么沟通？
v9-t4-1503,成人刺激,真心话,同意与边界,否,v9-expansion,在在公共场合亲密互动之前，你希望对方怎样确认你的同意？
v9-t4-1504,成人刺激,真心话,幻想与氛围,否,v9-expansion,你对“交换约会计划”这种成人约会情境的接受度如何？
v9-t4-1505,成人刺激,真心话,关系模式,否,v9-expansion,在“只约会不确认关系”里，你最看重哪条规则？
v9-t4-1506,成人刺激,真心话,约会与暧昧,否,v9-expansion,你曾因一次约会里的聊天深度改变对一个人的判断吗？
v9-t4-1507,成人刺激,真心话,数字隐私,否,v9-expansion,如果伴侣要求工作联系人，你会答应吗？
v9-t4-1508,成人刺激,真心话,吸引力细节,否,v9-expansion,长期关系里，行动力对维持吸引力有多重要？
v9-t4-1509,成人刺激,真心话,暧昧信号,否,v9-expansion,“向朋友提起你”对你来说是心动，还是普通友好？
v9-t4-1510,成人刺激,真心话,前任与过去,否,v9-expansion,关于前任的旧聊天记录，你会主动向现任坦白吗？
v9-t4-1511,成人刺激,真心话,亲密沟通,否,v9-expansion,你觉得讨论拥抱需求最合适的时机是什么？
v9-t4-1512,成人刺激,真心话,同意与边界,否,v9-expansion,在拍摄私密照片之前，你希望对方怎样确认你的同意？
v9-t4-1513,成人刺激,真心话,幻想与氛围,否,v9-expansion,你对“成年人舞会”这种成人约会情境的接受度如何？
v9-t4-1514,成人刺激,真心话,关系模式,否,v9-expansion,你对“短期旅行恋情”这种成年人关系安排的接受度如何？
v9-t4-1515,成人刺激,真心话,约会与暧昧,否,v9-expansion,第一次约会中，怎样的第二次邀约会让你明显加分？
v9-t4-1516,成人刺激,真心话,数字隐私,否,v9-expansion,你认为交友软件账号是否属于关系中的私人空间？
v9-t4-1517,成人刺激,真心话,亲密偏好,否,v9-expansion,关于道歉时的亲密表达，你更喜欢自己主动还是对方主动？
v9-t4-1518,成人刺激,真心话,吸引力细节,否,v9-expansion,你更容易被一个人的温柔感还是神秘感吸引？为什么？
v9-t4-1519,成人刺激,真心话,暧昧信号,否,v9-expansion,你曾经因为“模仿你的口头禅”误判过一段关系吗？
v9-t4-1520,成人刺激,真心话,前任与过去,否,v9-expansion,关于前任的债务或共同支出，你会主动向现任坦白吗？
v9-t4-1521,成人刺激,真心话,亲密沟通,否,v9-expansion,关于拥抱需求，你最希望伴侣主动问你的问题是什么？
v9-t4-1522,成人刺激,真心话,同意与边界,否,v9-expansion,伴侣提出查看手机时，怎样的沟通方式最尊重你？
v9-t4-1523,成人刺激,真心话,幻想与氛围,否,v9-expansion,你愿意主动提出“私人影院约会”吗？为什么？
v9-t4-1524,成人刺激,真心话,关系模式,否,v9-expansion,如果伴侣提出“工作伙伴发展感情”，你最先想确认什么？
v9-t4-1525,成人刺激,真心话,约会与暧昧,否,v9-expansion,如果对方在第二次邀约上与你完全不同，你会继续了解吗？
v9-t4-1526,成人刺激,真心话,数字隐私,否,v9-expansion,发生分手时，关于定位最成熟的处理方式是什么？
v9-t4-1527,成人刺激,真心话,亲密偏好,否,v9-expansion,什么情况会让你拒绝或暂停朋友面前的亲密程度？
v9-t4-1528,成人刺激,真心话,吸引力细节,否,v9-expansion,哪一种眼神会让你觉得对方在主动释放暧昧信号？
v9-t4-1529,成人刺激,真心话,暧昧信号,否,v9-expansion,“记住微小细节”对你来说是心动，还是普通友好？
v9-t4-1530,成人刺激,真心话,前任与过去,否,v9-expansion,你是否曾因前任的旧聊天记录影响下一段关系？
v9-t4-1531,成人刺激,真心话,亲密沟通,否,v9-expansion,如果对方误解了你对亲密后的沟通的需求，你会怎样解释？
v9-t4-1532,成人刺激,真心话,同意与边界,否,v9-expansion,在讨论前任之前，你希望对方怎样确认你的同意？
v9-t4-1533,成人刺激,真心话,幻想与氛围,否,v9-expansion,“交换约会计划”对你来说更浪漫、刺激还是有压力？
v9-t4-1534,成人刺激,真心话,关系模式,否,v9-expansion,你认为“只约会不确认关系”最容易在哪个环节伤害关系？
v9-t4-1535,成人刺激,真心话,约会与暧昧,否,v9-expansion,第一次约会时，你对手机使用最在意的标准是什么？
v9-t4-1536,成人刺激,真心话,数字隐私,否,v9-expansion,发生分手时，关于共同相册最成熟的处理方式是什么？
v9-t4-1537,成人刺激,真心话,亲密偏好,否,v9-expansion,道歉时的亲密表达对你确认一段关系有多重要？
v9-t4-1538,成人刺激,真心话,吸引力细节,否,v9-expansion,长期关系里，声音对维持吸引力有多重要？
v9-t4-1539,成人刺激,真心话,前任与过去,否,v9-expansion,如果现任介意你与前任的旅行记忆，你会如何处理？
v9-t4-1540,成人刺激,真心话,亲密沟通,否,v9-expansion,如果对方误解了你对身体自信的需求，你会怎样解释？
v9-t4-1541,成人刺激,真心话,同意与边界,否,v9-expansion,如果你对拍摄私密照片感到不舒服，会用什么方式暂停？
v9-t4-1542,成人刺激,真心话,幻想与氛围,否,v9-expansion,“私人影院约会”对你来说更浪漫、刺激还是有压力？
v9-t4-1543,成人刺激,真心话,关系模式,否,v9-expansion,如果伴侣提出“各自保留独立社交圈”，你最先想确认什么？
v9-t4-1544,成人刺激,真心话,约会与暧昧,否,v9-expansion,如果对方在付款方式上与你完全不同，你会继续了解吗？
v9-t4-1545,成人刺激,真心话,数字隐私,否,v9-expansion,如果伴侣要求云端备份，你会答应吗？
v9-t4-1546,成人刺激,真心话,吸引力细节,否,v9-expansion,在成年人约会中，行动力达到什么程度会让你明显心动？
v9-t4-1547,成人刺激,真心话,暧昧信号,否,v9-expansion,如果喜欢的人开始“深夜主动联系”，你会主动推进关系吗？
v9-t4-1548,成人刺激,真心话,前任与过去,否,v9-expansion,关于前任的礼物，你会主动向现任坦白吗？
v9-t4-1549,成人刺激,真心话,亲密沟通,否,v9-expansion,当双方在公开亲密程度上不一致时，你更希望怎么沟通？
v9-t4-1550,成人刺激,真心话,同意与边界,否,v9-expansion,如果你对在公共场合亲密互动感到不舒服，会用什么方式暂停？
v9-t4-1551,成人刺激,真心话,幻想与氛围,否,v9-expansion,如果可以安全、自愿地体验一次“异地惊喜见面”，你最在意什么？
v9-t4-1552,成人刺激,真心话,关系模式,否,v9-expansion,你对“先同居再决定婚姻”这种成年人关系安排的接受度如何？
v9-t4-1553,成人刺激,真心话,约会与暧昧,否,v9-expansion,如果对方在临时改计划上与你完全不同，你会继续了解吗？
v9-t4-1554,成人刺激,真心话,数字隐私,否,v9-expansion,如果伴侣要求浏览记录，你会答应吗？
v9-t4-1555,成人刺激,真心话,亲密偏好,否,v9-expansion,你理想中的见面时的问候方式应该是什么节奏？
v9-t4-1556,成人刺激,真心话,吸引力细节,否,v9-expansion,在成年人约会中，声音达到什么程度会让你明显心动？
v9-t4-1557,成人刺激,真心话,暧昧信号,否,v9-expansion,“眼神停留更久”对你来说是心动，还是普通友好？
v9-t4-1558,成人刺激,真心话,前任与过去,否,v9-expansion,如果现任介意你与前任的共同照片，你会如何处理？
v9-t4-1559,成人刺激,真心话,亲密沟通,否,v9-expansion,关于主动程度，你最希望伴侣主动问你的问题是什么？
v9-t4-1560,成人刺激,真心话,同意与边界,否,v9-expansion,在尝试新的约会玩法之前，你希望对方怎样确认你的同意？
v9-t4-1561,成人刺激,真心话,幻想与氛围,否,v9-expansion,你对“酒店度假主题”这种成人约会情境的接受度如何？
v9-t4-1562,成人刺激,真心话,关系模式,否,v9-expansion,你认为“年龄差较大的关系”最容易在哪个环节伤害关系？
v9-t4-1563,成人刺激,真心话,数字隐私,否,v9-expansion,发生分手时，关于游戏社交关系最成熟的处理方式是什么？
v9-t4-1564,成人刺激,真心话,吸引力细节,否,v9-expansion,哪一种克制感会让你觉得对方在主动释放暧昧信号？
v9-t4-1565,成人刺激,真心话,暧昧信号,否,v9-expansion,你曾经因为“经常点赞旧动态”误判过一段关系吗？
v9-t4-1566,成人刺激,真心话,前任与过去,否,v9-expansion,分手后保留固定纪念日，对你来说意味着什么？
v9-t4-1567,成人刺激,真心话,亲密沟通,否,v9-expansion,如果对方误解了你对约会预算的需求，你会怎样解释？
v9-t4-1568,成人刺激,真心话,同意与边界,否,v9-expansion,在分享位置之前，你希望对方怎样确认你的同意？
v9-t4-1569,成人刺激,真心话,幻想与氛围,否,v9-expansion,如果可以安全、自愿地体验一次“酒店度假主题”，你最在意什么？
v9-t4-1570,成人刺激,真心话,关系模式,否,v9-expansion,你对“分手后保持联系”这种成年人关系安排的接受度如何？
v9-t4-1571,成人刺激,真心话,约会与暧昧,否,v9-expansion,第一次约会中，怎样的地点选择会让你明显加分？
v9-t4-1572,成人刺激,真心话,数字隐私,否,v9-expansion,你认为浏览记录是否属于关系中的私人空间？
v9-t4-1573,成人刺激,真心话,吸引力细节,否,v9-expansion,哪一种幽默感会让你觉得对方在主动释放暧昧信号？
v9-t4-1574,成人刺激,真心话,暧昧信号,否,v9-expansion,你曾经因为“深夜主动联系”误判过一段关系吗？
v9-t4-1575,成人刺激,真心话,前任与过去,否,v9-expansion,你是否曾因前任的私密内容影响下一段关系？
v9-t4-1576,成人刺激,真心话,亲密沟通,否,v9-expansion,当双方在约会预算上不一致时，你更希望怎么沟通？
v9-t4-1577,成人刺激,真心话,同意与边界,否,v9-expansion,关于尝试新的约会玩法，你认为双方必须提前确认哪些边界？
v9-t4-1578,成人刺激,真心话,幻想与氛围,否,v9-expansion,你对“正式礼服约会”这种成人约会情境的接受度如何？
v9-t4-1579,成人刺激,真心话,关系模式,否,v9-expansion,你认为“各自保留独立社交圈”最容易在哪个环节伤害关系？
v9-t4-1580,成人刺激,真心话,约会与暧昧,否,v9-expansion,第一次约会时，你对饮食选择最在意的标准是什么？
v9-t4-1581,成人刺激,真心话,数字隐私,否,v9-expansion,如果伴侣要求社交平台私信，你会答应吗？
v9-t4-1582,成人刺激,真心话,亲密偏好,否,v9-expansion,什么情况会让你拒绝或暂停睡前拥抱？
v9-t4-1583,成人刺激,真心话,吸引力细节,否,v9-expansion,你更容易被一个人的温柔感还是气质吸引？为什么？
v9-t4-1584,成人刺激,真心话,暧昧信号,否,v9-expansion,你曾经因为“眼神停留更久”误判过一段关系吗？
v9-t4-1585,成人刺激,真心话,前任与过去,否,v9-expansion,如果现任介意你与前任的债务或共同支出，你会如何处理？
v9-t4-1586,成人刺激,真心话,亲密沟通,否,v9-expansion,关于约会预算，你最希望伴侣主动问你的问题是什么？
v9-t4-1587,成人刺激,真心话,同意与边界,否,v9-expansion,关于一起旅行过夜，你认为双方必须提前确认哪些边界？
v9-t4-1588,成人刺激,真心话,幻想与氛围,否,v9-expansion,你愿意主动提出“交换约会计划”吗？为什么？
v9-t4-1589,成人刺激,真心话,关系模式,否,v9-expansion,如果伴侣提出“分手后保持联系”，你最先想确认什么？
v9-t4-1590,成人刺激,真心话,约会与暧昧,否,v9-expansion,第一次约会中，怎样的聊天深度会让你明显加分？
v9-t4-1591,成人刺激,真心话,数字隐私,否,v9-expansion,关于游戏社交关系，你希望伴侣知道到什么程度？
v9-t4-1592,成人刺激,真心话,暧昧信号,否,v9-expansion,你曾经因为“结束聊天后又找新话题”误判过一段关系吗？
v9-t4-1593,成人刺激,真心话,前任与过去,否,v9-expansion,分手后保留共同照片，对你来说意味着什么？
v9-t4-1594,成人刺激,真心话,亲密沟通,否,v9-expansion,当双方在个人空间上不一致时，你更希望怎么沟通？
v9-t4-1595,成人刺激,真心话,同意与边界,否,v9-expansion,如果你对饮酒后的互动感到不舒服，会用什么方式暂停？
v9-t4-1596,成人刺激,真心话,幻想与氛围,否,v9-expansion,如果可以安全、自愿地体验一次“深夜城市散步”，你最在意什么？
v9-t4-1597,成人刺激,真心话,关系模式,否,v9-expansion,如果伴侣提出“只保持亲密但不承诺”，你最先想确认什么？
v9-t4-1598,成人刺激,真心话,约会与暧昧,否,v9-expansion,第一次约会时，你对聊天深度最在意的标准是什么？
v9-t4-1599,成人刺激,真心话,数字隐私,否,v9-expansion,关于前任联系方式，你希望伴侣知道到什么程度？
v9-t4-1600,成人刺激,真心话,亲密偏好,否,v9-expansion,独处时的陪伴方式对你确认一段关系有多重要？
v9-t4-1601,成人刺激,真心话,暧昧信号,否,v9-expansion,你曾经因为“轻微吃醋”误判过一段关系吗？
v9-t4-1602,成人刺激,真心话,前任与过去,否,v9-expansion,分手后保留旅行记忆，对你来说意味着什么？
v9-t4-1603,成人刺激,真心话,亲密沟通,否,v9-expansion,关于角色偏好，你最希望伴侣主动问你的问题是什么？
v9-t4-1604,成人刺激,真心话,同意与边界,否,v9-expansion,伴侣提出讨论前任时，怎样的沟通方式最尊重你？
v9-t4-1605,成人刺激,真心话,幻想与氛围,否,v9-expansion,如果可以安全、自愿地体验一次“电影式雨夜约会”，你最在意什么？
v9-t4-1606,成人刺激,真心话,关系模式,否,v9-expansion,你认为“与前任复合”最容易在哪个环节伤害关系？
v9-t4-1607,成人刺激,真心话,约会与暧昧,否,v9-expansion,如果对方在聊天深度上与你完全不同，你会继续了解吗？
v9-t4-1608,成人刺激,真心话,数字隐私,否,v9-expansion,如果伴侣要求游戏社交关系，你会答应吗？
v9-t4-1609,成人刺激,真心话,吸引力细节,否,v9-expansion,哪一种专注力会让你觉得对方在主动释放暧昧信号？
v9-t4-1610,成人刺激,真心话,暧昧信号,否,v9-expansion,如果喜欢的人开始“在群体里特别关注你”，你会主动推进关系吗？
v9-t4-1611,成人刺激,真心话,前任与过去,否,v9-expansion,关于前任的社交平台关注，你会主动向现任坦白吗？
v9-t4-1612,成人刺激,真心话,亲密沟通,否,v9-expansion,关于情绪安抚，你最希望伴侣主动问你的问题是什么？
v9-t4-1613,成人刺激,真心话,同意与边界,否,v9-expansion,伴侣提出尝试新的约会玩法时，怎样的沟通方式最尊重你？
v9-t4-1614,成人刺激,真心话,幻想与氛围,否,v9-expansion,你愿意主动提出“互相准备惊喜服装”吗？为什么？
v9-t4-1615,成人刺激,真心话,关系模式,否,v9-expansion,如果伴侣提出“财务完全独立”，你最先想确认什么？
v9-t4-1616,成人刺激,真心话,约会与暧昧,否,v9-expansion,第一次约会中，怎样的称赞方式会让你明显加分？
v9-t4-1617,成人刺激,真心话,数字隐私,否,v9-expansion,如果伴侣要求手机密码，你会答应吗？
v9-t4-1618,成人刺激,真心话,亲密偏好,否,v9-expansion,关于朋友面前的亲密程度，你更喜欢自己主动还是对方主动？
v9-t4-1619,成人刺激,真心话,暧昧信号,否,v9-expansion,你曾经因为“试探你的感情状态”误判过一段关系吗？
v9-t4-1620,成人刺激,真心话,前任与过去,否,v9-expansion,如果现任介意你与前任的联系方式，你会如何处理？
v9-t4-1621,成人刺激,真心话,亲密沟通,否,v9-expansion,当双方在拥抱需求上不一致时，你更希望怎么沟通？
v9-t4-1622,成人刺激,真心话,同意与边界,否,v9-expansion,关于进行角色扮演，你认为双方必须提前确认哪些边界？
v9-t4-1623,成人刺激,真心话,幻想与氛围,否,v9-expansion,如果可以安全、自愿地体验一次“海边夜谈”，你最在意什么？
v9-t4-1624,成人刺激,真心话,关系模式,否,v9-expansion,你对“年龄差较大的关系”这种成年人关系安排的接受度如何？
v9-t4-1625,成人刺激,真心话,数字隐私,否,v9-expansion,如果伴侣要求交友软件账号，你会答应吗？
v9-t4-1626,成人刺激,真心话,吸引力细节,否,v9-expansion,长期关系里，自信感对维持吸引力有多重要？
v9-t4-1627,成人刺激,真心话,暧昧信号,否,v9-expansion,你曾经因为“记住微小细节”误判过一段关系吗？
v9-t4-1628,成人刺激,真心话,前任与过去,否,v9-expansion,如果现任介意你与前任的共同账号，你会如何处理？
v9-t4-1629,成人刺激,真心话,亲密沟通,否,v9-expansion,当双方在亲密频率上不一致时，你更希望怎么沟通？
v9-t4-1630,成人刺激,真心话,同意与边界,否,v9-expansion,关于谈论亲密频率，你认为双方必须提前确认哪些边界？
v9-t4-1631,成人刺激,真心话,幻想与氛围,否,v9-expansion,你愿意主动提出“角色扮演晚餐”吗？为什么？
v9-t4-1632,成人刺激,真心话,关系模式,否,v9-expansion,如果伴侣提出“与前任复合”，你最先想确认什么？
v9-t4-1633,成人刺激,真心话,约会与暧昧,否,v9-expansion,第一次约会时，你对付款方式最在意的标准是什么？
v9-t4-1634,成人刺激,真心话,数字隐私,否,v9-expansion,发生分手时，关于收藏内容最成熟的处理方式是什么？
v9-t4-1635,成人刺激,真心话,亲密偏好,否,v9-expansion,关于第一次拥抱，你更喜欢自己主动还是对方主动？
v9-t4-1636,成人刺激,真心话,吸引力细节,否,v9-expansion,哪一种说话节奏会让你觉得对方在主动释放暧昧信号？
v9-t4-1637,成人刺激,真心话,暧昧信号,否,v9-expansion,当对方出现“主动延长见面时间”时，你会把它理解为暧昧信号吗？
v9-t4-1638,成人刺激,真心话,前任与过去,否,v9-expansion,你是否曾因前任的未完成的承诺影响下一段关系？
v9-t4-1639,成人刺激,真心话,亲密沟通,否,v9-expansion,你觉得讨论个人空间最合适的时机是什么？
v9-t4-1640,成人刺激,真心话,同意与边界,否,v9-expansion,在查看手机之前，你希望对方怎样确认你的同意？
v9-t4-1641,成人刺激,真心话,幻想与氛围,否,v9-expansion,“电影式雨夜约会”对你来说更浪漫、刺激还是有压力？
v9-t4-1642,成人刺激,真心话,关系模式,否,v9-expansion,你对“只约会不确认关系”这种成年人关系安排的接受度如何？
v9-t4-1643,成人刺激,真心话,数字隐私,否,v9-expansion,你认为匿名账号是否属于关系中的私人空间？
v9-t4-1644,成人刺激,真心话,亲密偏好,否,v9-expansion,告别时的停留对你确认一段关系有多重要？
v9-t4-1645,成人刺激,真心话,吸引力细节,否,v9-expansion,在成年人约会中，幽默感达到什么程度会让你明显心动？
v9-t4-1646,成人刺激,真心话,暧昧信号,否,v9-expansion,“经常点赞旧动态”对你来说是心动，还是普通友好？
v9-t4-1647,成人刺激,真心话,前任与过去,否,v9-expansion,分手后保留礼物，对你来说意味着什么？
v9-t4-1648,成人刺激,真心话,亲密沟通,否,v9-expansion,你觉得讨论亲密频率最合适的时机是什么？
v9-t4-1649,成人刺激,真心话,同意与边界,否,v9-expansion,如果你对公开关系感到不舒服，会用什么方式暂停？
v9-t4-1650,成人刺激,真心话,幻想与氛围,否,v9-expansion,你愿意主动提出“异地惊喜见面”吗？为什么？
v9-t4-1651,成人刺激,真心话,关系模式,否,v9-expansion,在“工作伙伴发展感情”里，你最看重哪条规则？
v9-t4-1652,成人刺激,真心话,约会与暧昧,否,v9-expansion,第一次约会中，怎样的手机使用会让你明显加分？
v9-t4-1653,成人刺激,真心话,数字隐私,否,v9-expansion,发生分手时，关于朋友圈分组最成熟的处理方式是什么？
v9-t4-1654,成人刺激,真心话,亲密偏好,否,v9-expansion,关于早晨醒来的互动，你更喜欢自己主动还是对方主动？
v9-t4-1655,成人刺激,真心话,吸引力细节,否,v9-expansion,你更容易被一个人的自信感还是外表吸引？为什么？
v9-t4-1656,成人刺激,真心话,暧昧信号,否,v9-expansion,如果喜欢的人开始“主动延长见面时间”，你会主动推进关系吗？
v9-t4-1657,成人刺激,真心话,前任与过去,否,v9-expansion,你是否曾因前任的礼物影响下一段关系？
v9-t4-1658,成人刺激,真心话,亲密沟通,否,v9-expansion,如果对方误解了你对灯光氛围的需求，你会怎样解释？
v9-t4-1659,成人刺激,真心话,同意与边界,否,v9-expansion,在交换私密信息之前，你希望对方怎样确认你的同意？
v9-t4-1660,成人刺激,真心话,幻想与氛围,否,v9-expansion,如果可以安全、自愿地体验一次“交换约会计划”，你最在意什么？
v9-t4-1661,成人刺激,真心话,关系模式,否,v9-expansion,你认为“不公开的关系”最容易在哪个环节伤害关系？
v9-t4-1662,成人刺激,真心话,约会与暧昧,否,v9-expansion,你曾因一次约会里的酒精安排改变对一个人的判断吗？
v9-t4-1663,成人刺激,真心话,数字隐私,否,v9-expansion,如果伴侣要求私密照片，你会答应吗？
v9-t4-1664,成人刺激,真心话,亲密偏好,否,v9-expansion,走路时的身体距离对你确认一段关系有多重要？
v9-t4-1665,成人刺激,真心话,吸引力细节,否,v9-expansion,你更容易被一个人的气味还是气质吸引？为什么？
v9-t4-1666,成人刺激,真心话,暧昧信号,否,v9-expansion,当对方出现“总找理由帮忙”时，你会把它理解为暧昧信号吗？
v9-t4-1667,成人刺激,真心话,前任与过去,否,v9-expansion,分手后保留联系方式，对你来说意味着什么？
v9-t4-1668,成人刺激,真心话,亲密沟通,否,v9-expansion,你觉得讨论事后陪伴最合适的时机是什么？
v9-t4-1669,成人刺激,真心话,同意与边界,否,v9-expansion,在升级亲密程度之前，你希望对方怎样确认你的同意？
v9-t4-1670,成人刺激,真心话,幻想与氛围,否,v9-expansion,“深夜电台剧情”对你来说更浪漫、刺激还是有压力？
v9-t4-1671,成人刺激,真心话,关系模式,否,v9-expansion,你认为“先同居再决定婚姻”最容易在哪个环节伤害关系？
v9-t4-1672,成人刺激,真心话,约会与暧昧,否,v9-expansion,第一次约会中，怎样的结束时间会让你明显加分？
v9-t4-1673,成人刺激,真心话,数字隐私,否,v9-expansion,关于浏览记录，你希望伴侣知道到什么程度？
v9-t4-1674,成人刺激,真心话,亲密偏好,否,v9-expansion,什么情况会让你拒绝或暂停走路时的身体距离？
v9-t4-1675,成人刺激,真心话,吸引力细节,否,v9-expansion,你更容易被一个人的行动力还是行动吸引？为什么？
v9-t4-1676,成人刺激,真心话,暧昧信号,否,v9-expansion,如果喜欢的人开始“模仿你的口头禅”，你会主动推进关系吗？
v9-t4-1677,成人刺激,真心话,前任与过去,否,v9-expansion,你是否曾因前任的旅行记忆影响下一段关系？
v9-t4-1678,成人刺激,真心话,亲密沟通,否,v9-expansion,当双方在独处时间上不一致时，你更希望怎么沟通？
v9-t4-1679,成人刺激,真心话,同意与边界,否,v9-expansion,伴侣提出公开关系时，怎样的沟通方式最尊重你？
v9-t4-1680,成人刺激,真心话,幻想与氛围,否,v9-expansion,你愿意主动提出“深夜电台剧情”吗？为什么？
v9-t4-1681,成人刺激,真心话,关系模式,否,v9-expansion,在“开放式关系”里，你最看重哪条规则？
v9-t4-1682,成人刺激,真心话,约会与暧昧,否,v9-expansion,第一次约会时，你对酒精安排最在意的标准是什么？
v9-t4-1683,成人刺激,真心话,数字隐私,否,v9-expansion,如果伴侣要求共同相册，你会答应吗？
v9-t4-1684,成人刺激,真心话,亲密偏好,否,v9-expansion,见面时的问候方式对你确认一段关系有多重要？
v9-t4-1685,成人刺激,真心话,吸引力细节,否,v9-expansion,在成年人约会中，说话节奏达到什么程度会让你明显心动？
v9-t4-1686,成人刺激,真心话,暧昧信号,否,v9-expansion,当对方出现“反复制造偶遇”时，你会把它理解为暧昧信号吗？
v9-t4-1687,成人刺激,真心话,前任与过去,否,v9-expansion,关于前任的未完成的承诺，你会主动向现任坦白吗？
v9-t4-1688,成人刺激,真心话,亲密沟通,否,v9-expansion,当双方在睡眠习惯上不一致时，你更希望怎么沟通？
v9-t4-1689,成人刺激,真心话,同意与边界,否,v9-expansion,在共享社交账号之前，你希望对方怎样确认你的同意？
v9-t4-1690,成人刺激,真心话,幻想与氛围,否,v9-expansion,如果可以安全、自愿地体验一次“成年人舞会”，你最在意什么？
v9-t4-1691,成人刺激,真心话,关系模式,否,v9-expansion,在“年龄差较大的关系”里，你最看重哪条规则？
v9-t4-1692,成人刺激,真心话,约会与暧昧,否,v9-expansion,第一次约会时，你对穿着风格最在意的标准是什么？
v9-t4-1693,成人刺激,真心话,数字隐私,否,v9-expansion,发生分手时，关于社交平台私信最成熟的处理方式是什么？
v9-t4-1694,成人刺激,真心话,暧昧信号,否,v9-expansion,当对方出现“频繁发自拍”时，你会把它理解为暧昧信号吗？
v9-t4-1695,成人刺激,真心话,前任与过去,否,v9-expansion,你是否曾因前任的债务或共同支出影响下一段关系？
v9-t4-1696,成人刺激,真心话,亲密沟通,否,v9-expansion,你觉得讨论情绪安抚最合适的时机是什么？
v9-t4-1697,成人刺激,真心话,同意与边界,否,v9-expansion,如果你对共享社交账号感到不舒服，会用什么方式暂停？
v9-t4-1698,成人刺激,真心话,幻想与氛围,否,v9-expansion,你对“只用眼神表达十秒”这种成人约会情境的接受度如何？
v9-t4-1699,成人刺激,真心话,关系模式,否,v9-expansion,如果伴侣提出“短期旅行恋情”，你最先想确认什么？
v9-t4-1700,成人刺激,真心话,数字隐私,否,v9-expansion,你认为定位是否属于关系中的私人空间？
v9-t4-1701,成人刺激,真心话,亲密偏好,否,v9-expansion,你理想中的睡前拥抱应该是什么节奏？
v9-t4-1702,成人刺激,真心话,吸引力细节,否,v9-expansion,长期关系里，克制感对维持吸引力有多重要？
v9-t4-1703,成人刺激,真心话,暧昧信号,否,v9-expansion,你曾经因为“频繁使用专属昵称”误判过一段关系吗？
v9-t4-1704,成人刺激,真心话,前任与过去,否,v9-expansion,关于前任的共同账号，你会主动向现任坦白吗？
v9-t4-1705,成人刺激,真心话,亲密沟通,否,v9-expansion,如果对方误解了你对前戏氛围的需求，你会怎样解释？
v9-t4-1706,成人刺激,真心话,同意与边界,否,v9-expansion,关于查看手机，你认为双方必须提前确认哪些边界？
v9-t4-1707,成人刺激,真心话,幻想与氛围,否,v9-expansion,如果可以安全、自愿地体验一次“互写情境卡片”，你最在意什么？
v9-t4-1708,成人刺激,真心话,关系模式,否,v9-expansion,在“先同居再决定婚姻”里，你最看重哪条规则？
v9-t4-1709,成人刺激,真心话,约会与暧昧,否,v9-expansion,第一次约会中，怎样的拍照习惯会让你明显加分？
v9-t4-1710,成人刺激,真心话,数字隐私,否,v9-expansion,关于手机密码，你希望伴侣知道到什么程度？
v9-t4-1711,成人刺激,真心话,亲密偏好,否,v9-expansion,关于告别时的停留，你更喜欢自己主动还是对方主动？
v9-t4-1712,成人刺激,真心话,前任与过去,否,v9-expansion,如果现任介意你与前任的未完成的承诺，你会如何处理？
v9-t4-1713,成人刺激,真心话,亲密沟通,否,v9-expansion,如果对方误解了你对拥抱需求的需求，你会怎样解释？
v9-t4-1714,成人刺激,真心话,同意与边界,否,v9-expansion,如果你对介绍给朋友感到不舒服，会用什么方式暂停？
v9-t4-1715,成人刺激,真心话,幻想与氛围,否,v9-expansion,如果可以安全、自愿地体验一次“只用眼神表达十秒”，你最在意什么？
v9-t4-1716,成人刺激,真心话,关系模式,否,v9-expansion,你认为“跨城市周末关系”最容易在哪个环节伤害关系？
v9-t4-1717,成人刺激,真心话,约会与暧昧,否,v9-expansion,第一次约会中，怎样的对服务人员态度会让你明显加分？
v9-t4-1718,成人刺激,真心话,数字隐私,否,v9-expansion,关于社交平台私信，你希望伴侣知道到什么程度？
v9-t4-1719,成人刺激,真心话,吸引力细节,否,v9-expansion,你更容易被一个人的穿衣风格还是大胆程度吸引？为什么？
v9-t4-1720,成人刺激,真心话,暧昧信号,否,v9-expansion,当对方出现“眼神停留更久”时，你会把它理解为暧昧信号吗？
v9-t4-1721,成人刺激,真心话,前任与过去,否,v9-expansion,分手后保留家人联系，对你来说意味着什么？
v9-t4-1722,成人刺激,真心话,亲密沟通,否,v9-expansion,关于个人空间，你最希望伴侣主动问你的问题是什么？
v9-t4-1723,成人刺激,真心话,同意与边界,否,v9-expansion,如果你对尝试新的约会玩法感到不舒服，会用什么方式暂停？
v9-t4-1724,成人刺激,真心话,幻想与氛围,否,v9-expansion,你愿意主动提出“正式礼服约会”吗？为什么？
v9-t4-1725,成人刺激,真心话,关系模式,否,v9-expansion,你认为“分手后保持联系”最容易在哪个环节伤害关系？
v9-t4-1726,成人刺激,真心话,约会与暧昧,否,v9-expansion,如果对方在肢体距离上与你完全不同，你会继续了解吗？
v9-t4-1727,成人刺激,真心话,数字隐私,否,v9-expansion,发生分手时，关于工作联系人最成熟的处理方式是什么？
v9-t4-1728,成人刺激,真心话,亲密偏好,否,v9-expansion,关于拍合照时的距离，你更喜欢自己主动还是对方主动？
v9-t4-1729,成人刺激,真心话,吸引力细节,否,v9-expansion,哪一种行动力会让你觉得对方在主动释放暧昧信号？
v9-t4-1730,成人刺激,真心话,暧昧信号,否,v9-expansion,当对方出现“深夜主动联系”时，你会把它理解为暧昧信号吗？
v9-t4-1731,成人刺激,真心话,前任与过去,否,v9-expansion,关于前任的熟悉的亲密习惯，你会主动向现任坦白吗？
v9-t4-1732,成人刺激,真心话,亲密沟通,否,v9-expansion,你觉得讨论睡眠习惯最合适的时机是什么？
v9-t4-1733,成人刺激,真心话,同意与边界,否,v9-expansion,伴侣提出介绍给朋友时，怎样的沟通方式最尊重你？
v9-t4-1734,成人刺激,真心话,幻想与氛围,否,v9-expansion,如果可以安全、自愿地体验一次“正式礼服约会”，你最在意什么？
v9-t4-1735,成人刺激,真心话,关系模式,否,v9-expansion,你认为“短期旅行恋情”最容易在哪个环节伤害关系？
v9-t4-1736,成人刺激,真心话,数字隐私,否,v9-expansion,你认为过去的暧昧聊天是否属于关系中的私人空间？
v9-t4-1737,成人刺激,真心话,亲密偏好,否,v9-expansion,关于庆祝时的亲密表达，你更喜欢自己主动还是对方主动？
v9-t4-1738,成人刺激,真心话,吸引力细节,否,v9-expansion,你更容易被一个人的说话节奏还是行动吸引？为什么？
v9-t4-1739,成人刺激,真心话,暧昧信号,否,v9-expansion,如果喜欢的人开始“回复速度突然变快”，你会主动推进关系吗？
v9-t4-1740,成人刺激,真心话,前任与过去,否,v9-expansion,关于前任的工作往来，你会主动向现任坦白吗？
v9-t4-1741,成人刺激,真心话,亲密沟通,否,v9-expansion,如果对方误解了你对事后陪伴的需求，你会怎样解释？
v9-t4-1742,成人刺激,真心话,同意与边界,否,v9-expansion,在使用情侣昵称之前，你希望对方怎样确认你的同意？
v9-t4-1743,成人刺激,真心话,幻想与氛围,否,v9-expansion,“异地惊喜见面”对你来说更浪漫、刺激还是有压力？
v9-t4-1744,成人刺激,真心话,关系模式,否,v9-expansion,你对“各自保留独立社交圈”这种成年人关系安排的接受度如何？
v9-t4-1745,成人刺激,真心话,约会与暧昧,否,v9-expansion,第一次约会中，怎样的是否续摊会让你明显加分？
v9-t4-1746,成人刺激,真心话,数字隐私,否,v9-expansion,发生分手时，关于匿名账号最成熟的处理方式是什么？
v9-t4-1747,成人刺激,真心话,吸引力细节,否,v9-expansion,在成年人约会中，手部细节达到什么程度会让你明显心动？
v9-t4-1748,成人刺激,真心话,暧昧信号,否,v9-expansion,“轻微吃醋”对你来说是心动，还是普通友好？
v9-t4-1749,成人刺激,真心话,前任与过去,否,v9-expansion,关于前任的宠物关系，你会主动向现任坦白吗？
v9-t4-1750,成人刺激,真心话,亲密沟通,否,v9-expansion,如果对方误解了你对公开亲密程度的需求，你会怎样解释？
v9-t4-1751,成人刺激,真心话,同意与边界,否,v9-expansion,伴侣提出升级亲密程度时，怎样的沟通方式最尊重你？
v9-t4-1752,成人刺激,真心话,幻想与氛围,否,v9-expansion,“只用眼神表达十秒”对你来说更浪漫、刺激还是有压力？
v9-t4-1753,成人刺激,真心话,关系模式,否,v9-expansion,你对“长期异地”这种成年人关系安排的接受度如何？
v9-t4-1754,成人刺激,真心话,数字隐私,否,v9-expansion,如果伴侣要求定位，你会答应吗？
v9-t4-1755,成人刺激,真心话,亲密偏好,否,v9-expansion,你理想中的情绪低落时的安慰应该是什么节奏？
v9-t4-1756,成人刺激,真心话,吸引力细节,否,v9-expansion,长期关系里，温柔感对维持吸引力有多重要？
v9-t4-1757,成人刺激,真心话,前任与过去,否,v9-expansion,关于前任的共同朋友，你会主动向现任坦白吗？
v9-t4-1758,成人刺激,真心话,亲密沟通,否,v9-expansion,关于独处时间，你最希望伴侣主动问你的问题是什么？
v9-t4-1759,成人刺激,真心话,同意与边界,否,v9-expansion,关于公开关系，你认为双方必须提前确认哪些边界？
v9-t4-1760,成人刺激,真心话,幻想与氛围,否,v9-expansion,“成年人关系桌游夜”对你来说更浪漫、刺激还是有压力？
v9-t4-1761,成人刺激,真心话,关系模式,否,v9-expansion,在“财务完全独立”里，你最看重哪条规则？
v9-t4-1762,成人刺激,真心话,约会与暧昧,否,v9-expansion,如果对方在谈前任的尺度上与你完全不同，你会继续了解吗？
v9-t4-1763,成人刺激,真心话,数字隐私,否,v9-expansion,你认为游戏社交关系是否属于关系中的私人空间？
v9-t4-1764,成人刺激,真心话,亲密偏好,否,v9-expansion,什么情况会让你拒绝或暂停拍合照时的距离？
v9-t4-1765,成人刺激,真心话,暧昧信号,否,v9-expansion,“主动延长见面时间”对你来说是心动，还是普通友好？
v9-t4-1766,成人刺激,真心话,前任与过去,否,v9-expansion,你是否曾因前任的家人联系影响下一段关系？
v9-t4-1767,成人刺激,真心话,亲密沟通,否,v9-expansion,关于亲密频率，你最希望伴侣主动问你的问题是什么？
v9-t4-1768,成人刺激,真心话,同意与边界,否,v9-expansion,如果你对进行角色扮演感到不舒服，会用什么方式暂停？
v9-t4-1769,成人刺激,真心话,幻想与氛围,否,v9-expansion,你愿意主动提出“纪念日酒店入住”吗？为什么？
v9-t4-1770,成人刺激,真心话,关系模式,否,v9-expansion,你对“不公开的关系”这种成年人关系安排的接受度如何？
v9-t4-1771,成人刺激,真心话,约会与暧昧,否,v9-expansion,你曾因一次约会里的结束时间改变对一个人的判断吗？
v9-t4-1772,成人刺激,真心话,数字隐私,否,v9-expansion,如果伴侣要求朋友圈分组，你会答应吗？
v9-t4-1773,成人刺激,真心话,吸引力细节,否,v9-expansion,在成年人约会中，反差感达到什么程度会让你明显心动？
v9-t4-1774,成人刺激,真心话,暧昧信号,否,v9-expansion,当对方出现“记住微小细节”时，你会把它理解为暧昧信号吗？
v9-t4-1775,成人刺激,真心话,前任与过去,否,v9-expansion,分手后保留债务或共同支出，对你来说意味着什么？
v9-t4-1776,成人刺激,真心话,亲密沟通,否,v9-expansion,如果对方误解了你对个人空间的需求，你会怎样解释？
v9-t4-1777,成人刺激,真心话,同意与边界,否,v9-expansion,关于分享位置，你认为双方必须提前确认哪些边界？
v9-t4-1778,成人刺激,真心话,幻想与氛围,否,v9-expansion,“角色扮演晚餐”对你来说更浪漫、刺激还是有压力？
v9-t4-1779,成人刺激,真心话,关系模式,否,v9-expansion,你对“只保持亲密但不承诺”这种成年人关系安排的接受度如何？
v9-t4-1780,成人刺激,真心话,约会与暧昧,否,v9-expansion,第一次约会时，你对迟到处理最在意的标准是什么？
v9-t4-1781,成人刺激,真心话,数字隐私,否,v9-expansion,你认为朋友圈分组是否属于关系中的私人空间？
v9-t4-1782,成人刺激,真心话,亲密偏好,否,v9-expansion,早晨醒来的互动对你确认一段关系有多重要？
v9-t4-1783,成人刺激,真心话,吸引力细节,否,v9-expansion,你更容易被一个人的身体语言还是外表吸引？为什么？
v9-t4-1784,成人刺激,真心话,暧昧信号,否,v9-expansion,“忽然变得很温柔”对你来说是心动，还是普通友好？
v9-t4-1785,成人刺激,真心话,前任与过去,否,v9-expansion,分手后保留私密内容，对你来说意味着什么？
v9-t4-1786,成人刺激,真心话,亲密沟通,否,v9-expansion,关于前戏氛围，你最希望伴侣主动问你的问题是什么？
v9-t4-1787,成人刺激,真心话,同意与边界,否,v9-expansion,伴侣提出分享位置时，怎样的沟通方式最尊重你？
v9-t4-1788,成人刺激,真心话,幻想与氛围,否,v9-expansion,如果可以安全、自愿地体验一次“秘密身份小游戏”，你最在意什么？
v9-t4-1789,成人刺激,真心话,关系模式,否,v9-expansion,在“各自保留独立社交圈”里，你最看重哪条规则？
v9-t4-1790,成人刺激,真心话,约会与暧昧,否,v9-expansion,第一次约会中，怎样的回家报平安会让你明显加分？
v9-t4-1791,成人刺激,真心话,数字隐私,否,v9-expansion,发生分手时，关于云端备份最成熟的处理方式是什么？
v9-t4-1792,成人刺激,真心话,亲密偏好,否,v9-expansion,什么情况会让你拒绝或暂停久别重逢的拥抱？
v9-t4-1793,成人刺激,真心话,吸引力细节,否,v9-expansion,长期关系里，手部细节对维持吸引力有多重要？
v9-t4-1794,成人刺激,真心话,暧昧信号,否,v9-expansion,如果喜欢的人开始“分享私人歌单”，你会主动推进关系吗？
v9-t4-1795,成人刺激,真心话,前任与过去,否,v9-expansion,分手后保留熟悉的亲密习惯，对你来说意味着什么？
v9-t4-1796,成人刺激,真心话,亲密沟通,否,v9-expansion,关于亲密后的沟通，你最希望伴侣主动问你的问题是什么？
v9-t4-1797,成人刺激,真心话,同意与边界,否,v9-expansion,伴侣提出使用情侣昵称时，怎样的沟通方式最尊重你？
v9-t4-1798,成人刺激,真心话,幻想与氛围,否,v9-expansion,“互写情境卡片”对你来说更浪漫、刺激还是有压力？
v9-t4-1799,成人刺激,真心话,关系模式,否,v9-expansion,在“朋友发展成恋人”里，你最看重哪条规则？
v9-t4-1800,成人刺激,真心话,约会与暧昧,否,v9-expansion,第一次约会中，怎样的迟到处理会让你明显加分？
v9-t4-1801,成人刺激,真心话,数字隐私,否,v9-expansion,关于收藏内容，你希望伴侣知道到什么程度？
v9-t4-1802,成人刺激,真心话,亲密偏好,否,v9-expansion,什么情况会让你拒绝或暂停看电影时的距离？
v9-t4-1803,成人刺激,真心话,暧昧信号,否,v9-expansion,“刻意保持距离”对你来说是心动，还是普通友好？
v9-t4-1804,成人刺激,真心话,前任与过去,否,v9-expansion,你是否曾因前任的共同朋友影响下一段关系？
v9-t4-1805,成人刺激,真心话,亲密沟通,否,v9-expansion,当双方在亲密后的沟通上不一致时，你更希望怎么沟通？
v9-t4-1806,成人刺激,真心话,同意与边界,否,v9-expansion,伴侣提出谈论亲密频率时，怎样的沟通方式最尊重你？
v9-t4-1807,成人刺激,真心话,幻想与氛围,否,v9-expansion,如果可以安全、自愿地体验一次“角色扮演晚餐”，你最在意什么？
v9-t4-1808,成人刺激,真心话,关系模式,否,v9-expansion,你认为“财务完全独立”最容易在哪个环节伤害关系？
v9-t4-1809,成人刺激,真心话,约会与暧昧,否,v9-expansion,你曾因一次约会里的手机使用改变对一个人的判断吗？
v9-t4-1810,成人刺激,真心话,数字隐私,否,v9-expansion,关于过去的暧昧聊天，你希望伴侣知道到什么程度？
v9-t4-1811,成人刺激,真心话,亲密偏好,否,v9-expansion,你理想中的道歉时的亲密表达应该是什么节奏？
v9-t4-1812,成人刺激,真心话,吸引力细节,否,v9-expansion,在成年人约会中，成熟感达到什么程度会让你明显心动？
v9-t4-1813,成人刺激,真心话,前任与过去,否,v9-expansion,如果现任介意你与前任的熟悉的亲密习惯，你会如何处理？
v9-t4-1814,成人刺激,真心话,亲密沟通,否,v9-expansion,关于身体自信，你最希望伴侣主动问你的问题是什么？
v9-t4-1815,成人刺激,真心话,同意与边界,否,v9-expansion,关于升级亲密程度，你认为双方必须提前确认哪些边界？
v9-t4-1816,成人刺激,真心话,幻想与氛围,否,v9-expansion,如果可以安全、自愿地体验一次“纪念日酒店入住”，你最在意什么？
v9-t4-1817,成人刺激,真心话,关系模式,否,v9-expansion,你对“朋友发展成恋人”这种成年人关系安排的接受度如何？
v9-t4-1818,成人刺激,真心话,数字隐私,否,v9-expansion,你认为手机密码是否属于关系中的私人空间？
v9-t4-1819,成人刺激,真心话,亲密偏好,否,v9-expansion,你理想中的朋友面前的亲密程度应该是什么节奏？
v9-t4-1820,成人刺激,真心话,吸引力细节,否,v9-expansion,哪一种气味会让你觉得对方在主动释放暧昧信号？
v9-t4-1821,成人刺激,真心话,暧昧信号,否,v9-expansion,你曾经因为“主动讨论未来计划”误判过一段关系吗？
v9-t4-1822,成人刺激,真心话,前任与过去,否,v9-expansion,分手后保留宠物关系，对你来说意味着什么？
v9-t4-1823,成人刺激,真心话,亲密沟通,否,v9-expansion,你觉得讨论公开亲密程度最合适的时机是什么？
v9-t4-1824,成人刺激,真心话,同意与边界,否,v9-expansion,在饮酒后的互动之前，你希望对方怎样确认你的同意？
v9-t4-1825,成人刺激,真心话,幻想与氛围,否,v9-expansion,“互相准备惊喜服装”对你来说更浪漫、刺激还是有压力？
v9-t4-1826,成人刺激,真心话,关系模式,否,v9-expansion,在“跨城市周末关系”里，你最看重哪条规则？
v9-t4-1827,成人刺激,真心话,约会与暧昧,否,v9-expansion,如果对方在地点选择上与你完全不同，你会继续了解吗？
v9-t4-1828,成人刺激,真心话,数字隐私,否,v9-expansion,关于聊天记录，你希望伴侣知道到什么程度？
v9-t4-1829,成人刺激,真心话,亲密偏好,否,v9-expansion,什么情况会让你拒绝或暂停第一次拥抱？
v9-t4-1830,成人刺激,真心话,吸引力细节,否,v9-expansion,长期关系里，说话节奏对维持吸引力有多重要？
v9-t4-1831,成人刺激,真心话,暧昧信号,否,v9-expansion,你曾经因为“总找理由帮忙”误判过一段关系吗？
v9-t4-1832,成人刺激,真心话,前任与过去,否,v9-expansion,你是否曾因前任的宠物关系影响下一段关系？
v9-t4-1833,成人刺激,真心话,亲密沟通,否,v9-expansion,如果对方误解了你对角色偏好的需求，你会怎样解释？
v9-t4-1834,成人刺激,真心话,同意与边界,否,v9-expansion,伴侣提出饮酒后的互动时，怎样的沟通方式最尊重你？
v9-t4-1835,成人刺激,真心话,幻想与氛围,否,v9-expansion,你愿意主动提出“关掉手机的一整晚”吗？为什么？
v9-t4-1836,成人刺激,真心话,关系模式,否,v9-expansion,你对“跨城市周末关系”这种成年人关系安排的接受度如何？
v9-t4-1837,成人刺激,真心话,约会与暧昧,否,v9-expansion,你曾因一次约会里的临时改计划改变对一个人的判断吗？
v9-t4-1838,成人刺激,真心话,数字隐私,否,v9-expansion,关于私密照片，你希望伴侣知道到什么程度？
v9-t4-1839,成人刺激,真心话,亲密偏好,否,v9-expansion,你理想中的看电影时的距离应该是什么节奏？
v9-t4-1840,成人刺激,真心话,吸引力细节,否,v9-expansion,在成年人约会中，身体语言达到什么程度会让你明显心动？
v9-t4-1841,成人刺激,真心话,前任与过去,否,v9-expansion,如果现任介意你与前任的旧聊天记录，你会如何处理？
v9-t4-1842,成人刺激,真心话,亲密沟通,否,v9-expansion,关于安全措施，你最希望伴侣主动问你的问题是什么？
v9-t4-1843,成人刺激,真心话,同意与边界,否,v9-expansion,伴侣提出交换私密信息时，怎样的沟通方式最尊重你？
v9-t4-1844,成人刺激,真心话,幻想与氛围,否,v9-expansion,如果可以安全、自愿地体验一次“私人影院约会”，你最在意什么？
v9-t4-1845,成人刺激,真心话,关系模式,否,v9-expansion,在“不公开的关系”里，你最看重哪条规则？
v9-t4-1846,成人刺激,真心话,数字隐私,否,v9-expansion,如果伴侣要求过去的暧昧聊天，你会答应吗？
v9-t4-1847,成人刺激,真心话,亲密偏好,否,v9-expansion,关于第一次接吻，你更喜欢自己主动还是对方主动？
v9-t4-1848,成人刺激,真心话,吸引力细节,否,v9-expansion,在成年人约会中，自信感达到什么程度会让你明显心动？
v9-t4-1849,成人刺激,真心话,前任与过去,否,v9-expansion,你是否曾因前任的联系方式影响下一段关系？
v9-t4-1850,成人刺激,真心话,亲密沟通,否,v9-expansion,你觉得讨论灯光氛围最合适的时机是什么？
v9-t4-1851,成人刺激,真心话,同意与边界,否,v9-expansion,关于讨论前任，你认为双方必须提前确认哪些边界？
v9-t4-1852,成人刺激,真心话,幻想与氛围,否,v9-expansion,“成年人舞会”对你来说更浪漫、刺激还是有压力？
v9-t4-1853,成人刺激,真心话,关系模式,否,v9-expansion,你对“暂时不考虑婚姻”这种成年人关系安排的接受度如何？
v9-t4-1854,成人刺激,真心话,约会与暧昧,否,v9-expansion,如果对方在对服务人员态度上与你完全不同，你会继续了解吗？
v9-t4-1855,成人刺激,真心话,数字隐私,否,v9-expansion,你认为收藏内容是否属于关系中的私人空间？
v9-t4-1856,成人刺激,真心话,亲密偏好,否,v9-expansion,情绪低落时的安慰对你确认一段关系有多重要？
v9-t4-1857,成人刺激,真心话,暧昧信号,否,v9-expansion,当对方出现“向朋友提起你”时，你会把它理解为暧昧信号吗？
v9-t4-1858,成人刺激,真心话,前任与过去,否,v9-expansion,关于前任的私密内容，你会主动向现任坦白吗？
v9-t4-1859,成人刺激,真心话,亲密沟通,否,v9-expansion,如果对方误解了你对独处时间的需求，你会怎样解释？
v9-t4-1860,成人刺激,真心话,同意与边界,否,v9-expansion,在谈论亲密频率之前，你希望对方怎样确认你的同意？
v9-t4-1861,成人刺激,真心话,幻想与氛围,否,v9-expansion,你对“电影式雨夜约会”这种成人约会情境的接受度如何？
v9-t4-1862,成人刺激,真心话,关系模式,否,v9-expansion,如果伴侣提出“只约会不确认关系”，你最先想确认什么？
v9-t4-1863,成人刺激,真心话,约会与暧昧,否,v9-expansion,你曾因一次约会里的是否续摊改变对一个人的判断吗？
v9-t4-1864,成人刺激,真心话,数字隐私,否,v9-expansion,关于交友软件账号，你希望伴侣知道到什么程度？
v9-t4-1865,成人刺激,真心话,亲密偏好,否,v9-expansion,你理想中的拍合照时的距离应该是什么节奏？
v9-t4-1866,成人刺激,真心话,吸引力细节,否,v9-expansion,长期关系里，眼神对维持吸引力有多重要？
v9-t4-1867,成人刺激,真心话,暧昧信号,否,v9-expansion,当对方出现“结束聊天后又找新话题”时，你会把它理解为暧昧信号吗？
v9-t4-1868,成人刺激,真心话,前任与过去,否,v9-expansion,如果现任介意你与前任的礼物，你会如何处理？
v9-t4-1869,成人刺激,真心话,亲密沟通,否,v9-expansion,如果对方误解了你对安全措施的需求，你会怎样解释？
v9-t4-1870,成人刺激,真心话,同意与边界,否,v9-expansion,关于介绍给朋友，你认为双方必须提前确认哪些边界？
v9-t4-1871,成人刺激,真心话,幻想与氛围,否,v9-expansion,你对“互写情境卡片”这种成人约会情境的接受度如何？
v9-t4-1872,成人刺激,真心话,关系模式,否,v9-expansion,你对“工作伙伴发展感情”这种成年人关系安排的接受度如何？
v9-t4-1873,成人刺激,真心话,约会与暧昧,否,v9-expansion,你曾因一次约会里的是否接送改变对一个人的判断吗？
v9-t4-1874,成人刺激,真心话,数字隐私,否,v9-expansion,你认为社交平台私信是否属于关系中的私人空间？
v9-t4-1875,成人刺激,真心话,亲密偏好,否,v9-expansion,什么情况会让你拒绝或暂停早晨醒来的互动？
v9-t4-1876,成人刺激,真心话,吸引力细节,否,v9-expansion,在成年人约会中，边界感达到什么程度会让你明显心动？
v9-t4-1877,成人刺激,真心话,暧昧信号,否,v9-expansion,当对方出现“试探你的感情状态”时，你会把它理解为暧昧信号吗？
v9-t4-1878,成人刺激,真心话,前任与过去,否,v9-expansion,关于前任的固定纪念日，你会主动向现任坦白吗？
v9-t4-1879,成人刺激,真心话,亲密沟通,否,v9-expansion,如果对方误解了你对情绪安抚的需求，你会怎样解释？
v9-t4-1880,成人刺激,真心话,同意与边界,否,v9-expansion,如果你对交换私密信息感到不舒服，会用什么方式暂停？
v9-t4-1881,成人刺激,真心话,幻想与氛围,否,v9-expansion,你对“异地惊喜见面”这种成人约会情境的接受度如何？
v9-t4-1882,成人刺激,真心话,关系模式,否,v9-expansion,你认为“朋友发展成恋人”最容易在哪个环节伤害关系？
v9-t4-1883,成人刺激,真心话,约会与暧昧,否,v9-expansion,第一次约会时，你对谈前任的尺度最在意的标准是什么？
v9-t4-1884,成人刺激,真心话,数字隐私,否,v9-expansion,关于朋友圈分组，你希望伴侣知道到什么程度？
v9-t4-1885,成人刺激,真心话,亲密偏好,否,v9-expansion,你理想中的告别时的停留应该是什么节奏？
v9-t4-1886,成人刺激,真心话,吸引力细节,否,v9-expansion,哪一种边界感会让你觉得对方在主动释放暧昧信号？
v9-t4-1887,成人刺激,真心话,前任与过去,否,v9-expansion,你是否曾因前任的固定纪念日影响下一段关系？
v9-t4-1888,成人刺激,真心话,亲密沟通,否,v9-expansion,如果对方误解了你对亲密频率的需求，你会怎样解释？
v9-t4-1889,成人刺激,真心话,同意与边界,否,v9-expansion,伴侣提出进行角色扮演时，怎样的沟通方式最尊重你？
v9-t4-1890,成人刺激,真心话,幻想与氛围,否,v9-expansion,“深夜城市散步”对你来说更浪漫、刺激还是有压力？
v9-t4-1891,成人刺激,真心话,关系模式,否,v9-expansion,如果伴侣提出“长期异地”，你最先想确认什么？
v9-t4-1892,成人刺激,真心话,数字隐私,否,v9-expansion,发生分手时，关于浏览记录最成熟的处理方式是什么？
d401,成人刺激,大冒险,历史题库,是,v8,选择一位明确自愿的玩家，保持十五秒近距离对视，不需要身体接触。
d402,成人刺激,大冒险,历史题库,是,v8,对一位明确自愿的玩家，用耳语语气说一句暧昧但尊重的称赞。
d403,成人刺激,大冒险,历史题库,否,v8,即兴表演二十秒“第一次见面却明显来电”的场景。
d404,成人刺激,大冒险,历史题库,是,v8,选择一位玩家，用一句你认为成功率最高的搭讪开场白与对方打招呼。
d405,成人刺激,大冒险,历史题库,否,v8,分别用强势、温柔和神秘三种语气说：“今晚你有点危险。”
d406,成人刺激,大冒险,历史题库,是,v8,面对镜头或大家，展示一个你认为最有吸引力的眼神，坚持五秒。
d407,成人刺激,大冒险,历史题库,是,v8,与一位明确自愿的玩家轮流说一句“我觉得你有吸引力，是因为……”。
d408,成人刺激,大冒险,历史题库,否,v8,不使用“回家”和“喝一杯”两个词，演示你会怎样发出深夜续摊邀请。
d409,成人刺激,大冒险,历史题库,是,v8,完成十五秒慢动作走秀，并在结尾对现场一位玩家做一个暧昧表情。
d410,成人刺激,大冒险,历史题库,否,v8,用一句话描述你心中完美深夜约会的最后一分钟。
d411,成人刺激,大冒险,历史题库,是,v8,在双方明确同意的前提下，与一位玩家牵手二十秒；任何一方都可随时结束。
d412,成人刺激,大冒险,历史题库,是,v8,选择一位明确自愿的玩家，坐到双方都舒适的距离，说：“我有个秘密想告诉你。”然后分享一件无伤大雅的小秘密。
d413,成人刺激,大冒险,历史题库,否,v8,即兴录制一段二十秒“发给心动对象的深夜语音”，只表演，不需要真的发送。
d414,成人刺激,大冒险,历史题库,否,v8,让大家指定一个成人爱情电影场景类型，完成十五秒不接触的即兴表演。
d415,成人刺激,大冒险,历史题库,否,v8,说出一种最能让你产生吸引力的特质，并用十秒表演这种特质。
d416,成人刺激,大冒险,历史题库,是,v8,选择一位明确自愿的玩家，对对方说一句：“如果我们在都单身的时候认识……”并补完后半句。
d417,成人刺激,大冒险,历史题库,否,v8,让大家从“强势、温柔、神秘”中选一种风格，用该风格完成十五秒自我介绍。
d418,成人刺激,大冒险,历史题库,是,v8,选择一位明确自愿的玩家，互相说出对方最有魅力的一点；避免评价敏感身体部位。
d419,成人刺激,大冒险,历史题库,否,v8,用二十秒完成一段“只给成年人看的约会节目”自我介绍，但不要涉及露骨内容。
d420,成人刺激,大冒险,历史题库,否,v8,用深夜电台主播的语气播报今晚的天气和心动指数。
d421,成人刺激,大冒险,历史题库,是,v8,选择一位明确自愿的玩家，对视十秒后说一句尊重的暧昧开场白。
d422,成人刺激,大冒险,历史题库,否,v8,独自完成十五秒慢舞，假装有人正在邀请你靠近。
d423,成人刺激,大冒险,历史题库,否,v8,即兴表演二十秒“多年后与旧情人意外重逢”的场景。
d424,成人刺激,大冒险,历史题库,否,v8,录制一段不发送的十五秒交友软件自拍视频，突出你的魅力。
d425,成人刺激,大冒险,历史题库,否,v8,分别用直接、含蓄和幽默三种方式称赞同一个人的气质。
d426,成人刺激,大冒险,历史题库,否,v8,对一把空椅子说一句“再靠近一点，我有话告诉你”，并演完后续五秒。
d427,成人刺激,大冒险,历史题库,否,v8,借助杯子或抱枕，演示你理想中的暧昧靠近方式，不与真人接触。
d428,成人刺激,大冒险,历史题库,否,v8,为一部虚构的成人爱情电影配一段十五秒预告旁白。
d429,成人刺激,大冒险,历史题库,是,v8,选择一位明确自愿的玩家，双方各说一句大胆但尊重的称赞。
d430,成人刺激,大冒险,历史题库,是,v8,和一位明确自愿的玩家表演二十秒“第一次约会却明显来电”，全程不接触。
d431,成人刺激,大冒险,历史题库,否,v8,用手或道具完成一个“接吻前一秒”的电影借位画面，不与真人接触。
d432,成人刺激,大冒险,历史题库,是,v8,选择一位明确自愿的玩家，问一个可以只回答“愿意或不愿意”的暧昧问题，并完全接受对方的答案。
d433,成人刺激,大冒险,历史题库,否,v8,选择一首带有暧昧氛围的歌，对口型表演二十秒。
d434,成人刺激,大冒险,历史题库,否,v8,完成一段十五秒夜场风走秀，不需要脱衣或触碰任何人。
d435,成人刺激,大冒险,历史题库,否,v8,分别用温柔、疲惫和舍不得三种语气说“晚安”。
d436,成人刺激,大冒险,历史题库,否,v8,用三个表情符号设计一条深夜邀约，并解释含义；不要实际发送。
d437,成人刺激,大冒险,历史题库,否,v8,录制一段不发送的二十秒暧昧语音，内容必须尊重且可被拒绝。
d438,成人刺激,大冒险,历史题库,否,v8,发明一款成人约会主题的无酒精鸡尾酒名称，并用广告语介绍它。
d439,成人刺激,大冒险,历史题库,是,v8,给三位玩家各颁发一个友善的暧昧称号，例如“眼神杀手”或“氛围担当”。
d440,成人刺激,大冒险,历史题库,否,v8,表演十秒吃醋情绪，再用十秒演示成熟沟通的正确版本。
d441,成人刺激,大冒险,历史题库,否,v8,演示一次情侣之间讨论边界的健康对话。
d442,成人刺激,大冒险,历史题库,否,v8,表演一次既坚定又不失礼貌地拒绝深夜邀约。
d443,成人刺激,大冒险,历史题库,是,v8,大声说出三条你认为成人互动中必须遵守的边界。
d444,成人刺激,大冒险,历史题库,是,v8,选择一位明确自愿的玩家，在不接触的情况下完成十秒同步转身和回眸。
d445,成人刺激,大冒险,历史题库,是,v8,选择一位明确自愿的玩家，互相模仿对方认为自己最有魅力的姿态。
d446,成人刺激,大冒险,历史题库,是,v8,与一位明确自愿的玩家表演二十秒“电梯里气氛突然暧昧”的场景，全程不接触。
d447,成人刺激,大冒险,历史题库,否,v8,对身边一个物品完成一段十五秒认真又夸张的告白。
d448,成人刺激,大冒险,历史题库,否,v8,说出你理想约会的背景音乐，并哼唱十秒。
d449,成人刺激,大冒险,历史题库,否,v8,为一个虚构香水拍摄十五秒“危险吸引力”广告。
d450,成人刺激,大冒险,历史题库,否,v8,把当前房间介绍成一间浪漫精品酒店，持续二十秒。
d451,成人刺激,大冒险,历史题库,否,v8,摆出三个适合成人交友资料的自信姿势，每个保持三秒。
d452,成人刺激,大冒险,历史题库,是,v8,让一位玩家提供一句普通台词，你用暧昧但不露骨的语气读出来。
d453,成人刺激,大冒险,历史题库,否,v8,用最有魅力的语气完整说一遍绕口令。
d454,成人刺激,大冒险,历史题库,否,v8,分别用警告、期待和害羞三种语气说：“别靠太近，我会误会。”
d455,成人刺激,大冒险,历史题库,是,v8,选择一位明确自愿的玩家，互相补完一句“最想约你去……”。
d456,成人刺激,大冒险,历史题库,否,v8,表演一次邀请心动对象去吃深夜甜品的电话，只表演，不拨打。
d457,成人刺激,大冒险,历史题库,是,v8,面对镜头完成五秒有吸引力的眼神练习。
d458,成人刺激,大冒险,历史题库,是,v8,表演十秒“被人发现自己正在偷看对方”的反应。
d459,成人刺激,大冒险,历史题库,否,v8,表演收到一条大胆暧昧消息后的三种不同反应。
d460,成人刺激,大冒险,历史题库,否,v8,用十秒表演一次自信、成熟、不留误会的拒绝。
d461,成人刺激,大冒险,历史题库,否,v8,即兴表演二十秒“酒吧里遇见神秘陌生人”的开场，不需要饮酒。
d462,成人刺激,大冒险,历史题库,否,v8,为自己设计一句只有三个词的成人约会口号。
d463,成人刺激,大冒险,历史题库,是,v8,选择一位明确自愿的玩家，共同表演二十秒“酒店大堂偶遇”的电影场景，全程不接触。
d464,成人刺激,大冒险,历史题库,是,v8,选择一位明确自愿的玩家，表演二十秒“错过末班车后讨论接下来去哪”，结尾必须尊重双方选择。
d465,成人刺激,大冒险,历史题库,否,v8,表演一次“询问是否可以接吻”的明确同意对话，不需要实际接吻。
d466,成人刺激,大冒险,历史题库,是,v8,演示三种尊重地询问对方是否愿意继续互动的说法。
d467,成人刺激,大冒险,历史题库,否,v8,演示三种清晰表达“不想继续”的方式。
d468,成人刺激,大冒险,历史题库,是,v8,选择一位明确自愿的玩家，称赞对方一个非敏感身体特征或气质特点。
d469,成人刺激,大冒险,历史题库,否,v8,让大家从强势、温柔、神秘中选择一种风格，用该风格演二十秒约会对白。
d470,成人刺激,大冒险,历史题库,否,v8,把一段普通菜单用情书般的语气朗读十五秒。
d471,成人刺激,大冒险,历史题库,否,v8,坐在椅子上完成十五秒节奏感表演，保持衣着完整并不接触他人。
d472,成人刺激,大冒险,历史题库,否,v8,借助抱枕完成二十秒一人浪漫电影片段。
d473,成人刺激,大冒险,历史题库,否,v8,用双手和表情演出十秒“接吻前的犹豫”，不与真人接触。
d474,成人刺激,大冒险,历史题库,是,v8,选择一位明确自愿的玩家，在舒适距离内同步缓慢呼吸十秒；任何一方都可立即结束。
d475,成人刺激,大冒险,历史题库,是,v8,选择一位明确自愿的玩家，轮流说吸引力称赞，任意一方说停即结束。
d476,成人刺激,大冒险,历史题库,否,v8,发明一句用于结束不舒服约会的秘密暗号，并解释它的使用方式。
d477,成人刺激,大冒险,历史题库,否,v8,面对镜子或镜头说一句你认为最有成功率的大胆搭讪词。
d478,成人刺激,大冒险,历史题库,否,v8,完成一次“走开三步再回头”的电影式回眸。
d479,成人刺激,大冒险,历史题库,否,v8,拍摄一段十五秒虚构香水广告，主题是“午夜之后”。
d480,成人刺激,大冒险,历史题库,否,v8,选一首歌，无声表演其中最暧昧的十秒。
d481,成人刺激,大冒险,历史题库,否,v8,为一部虚构成人爱情电影取名，并摆出电影海报姿势。
d482,成人刺激,大冒险,历史题库,否,v8,用深夜电台语气完成二十秒匿名心动告白。
d483,成人刺激,大冒险,历史题库,否,v8,表演二十秒“我们明知道不该心动”的电影对白，不接触任何人。
d484,成人刺激,大冒险,历史题库,是,v8,选择一位明确自愿的玩家，表演二十秒“多年后双方都单身时再次相遇”。
d485,成人刺激,大冒险,历史题库,否,v8,在备忘录里写三句暧昧但尊重的话，不发送，只选择一句读出来。
d486,成人刺激,大冒险,历史题库,否,v8,让大家指定一个普通物品，你把它介绍成一件极具吸引力的约会道具。
d487,成人刺激,大冒险,历史题库,是,v8,只用眼神演出“注意、心动、克制、确认”四个阶段。
d488,成人刺激,大冒险,历史题库,是,v8,选择一位明确自愿的玩家，向对方询问一个关于约会偏好的安全问题。
d489,成人刺激,大冒险,历史题库,否,v8,用自己的手背或杯沿模拟电影中的借位吻镜头，不与真人接触。
d490,成人刺激,大冒险,历史题库,否,v8,用两个杯子或玩偶摆出一个“差一点接吻”的电影画面。
d491,成人刺激,大冒险,历史题库,否,v8,完成一次十五秒自信进场，像全场都在等你出现。
d492,成人刺激,大冒险,历史题库,否,v8,分别用挑衅、温柔、玩笑和认真四种语气说：“我知道你在想什么。”
d493,成人刺激,大冒险,历史题库,否,v8,用最有魅力的播音腔朗读一段“成人模式安全提示”。
d494,成人刺激,大冒险,历史题库,否,v8,表演二十秒成人恋爱真人秀的出场采访。
d495,成人刺激,大冒险,历史题库,是,v8,选择一位明确自愿的玩家，摆一个五秒假情侣海报姿势；可选择完全不接触。
d496,成人刺激,大冒险,历史题库,否,v8,为一场私密约会设计三道“菜单”：开场、主菜和结束安排。
d497,成人刺激,大冒险,历史题库,是,v8,用另一种语言或自创口音，对一位玩家说一句尊重的魅力称赞。
d498,成人刺激,大冒险,历史题库,是,v8,选择一位明确自愿的玩家，让对方选择你的语气，然后说一句安全的暧昧台词。
d499,成人刺激,大冒险,历史题库,否,v8,面对大家自信地说：“任何人都可以说不、暂停或换题。”然后完成一个五秒回眸。
d500,成人刺激,大冒险,历史题库,是,v8,选择一位明确自愿的玩家，双方轮流用一句话描述理想深夜约会的开场，全程不接触。
d501,成人刺激,大冒险,历史题库,否,v8,分别用温柔、克制、挑衅和认真四种语气说：“今晚别太早结束。”
d502,成人刺激,大冒险,历史题库,否,v8,用深夜电台主播的声音说：“你比我想象中更危险。”
d503,成人刺激,大冒险,历史题库,否,v8,面向镜头做一次十秒电影独白，并说：“我正在努力保持冷静。”
d504,成人刺激,大冒险,历史题库,是,v8,先停顿三秒，再用最有自信的语气说：“别再用那种眼神看我。”
d505,成人刺激,大冒险,历史题库,否,v8,分别用温柔、克制、挑衅和认真四种语气说：“这只是一次普通约会，对吧？”
d506,成人刺激,大冒险,历史题库,否,v8,用深夜电台主播的声音说：“我不确定该不该再靠近一步。”
d507,成人刺激,大冒险,历史题库,否,v8,面向镜头做一次十秒电影独白，并说：“你知道自己有多吸引人吗？”
d508,成人刺激,大冒险,历史题库,否,v8,先停顿三秒，再用最有自信的语气说：“我们可能需要重新定义今晚。”
d509,成人刺激,大冒险,历史题库,否,v8,分别用温柔、克制、挑衅和认真四种语气说：“我以为我不会心动。”
d510,成人刺激,大冒险,历史题库,否,v8,用深夜电台主播的声音说：“请先问我是否愿意。”
d511,成人刺激,大冒险,历史题库,否,v8,面向镜头做一次十秒电影独白，并说：“停一下，我想确认你的感受。”
d512,成人刺激,大冒险,历史题库,否,v8,先停顿三秒，再用最有自信的语气说：“我喜欢你尊重边界的样子。”
d513,成人刺激,大冒险,历史题库,否,v8,分别用温柔、克制、挑衅和认真四种语气说：“如果我说不，你会怎么做？”
d514,成人刺激,大冒险,历史题库,否,v8,用深夜电台主播的声音说：“你可以慢一点。”
d515,成人刺激,大冒险,历史题库,否,v8,面向镜头做一次十秒电影独白，并说：“我想听你说真实想法。”
d516,成人刺激,大冒险,历史题库,否,v8,先停顿三秒，再用最有自信的语气说：“我们先从一杯饮料开始。”
d517,成人刺激,大冒险,历史题库,否,v8,分别用温柔、克制、挑衅和认真四种语气说：“今晚的气氛有点不对劲。”
d518,成人刺激,大冒险,历史题库,否,v8,用深夜电台主播的声音说：“你刚才是不是在调情？”
d519,成人刺激,大冒险,历史题库,否,v8,面向镜头做一次十秒电影独白，并说：“我愿意，但要按我的节奏。”
d520,成人刺激,大冒险,历史题库,否,v8,先停顿三秒，再用最有自信的语气说：“你可以邀请我，但决定权在我。”
d521,成人刺激,大冒险,历史题库,是,v8,只用眼神和表情演出“初次注意”，持续十秒。
d522,成人刺激,大冒险,历史题库,是,v8,面对镜子完成“确认对方也在看”的三段式表情变化。
d523,成人刺激,大冒险,历史题库,否,v8,先闭眼两秒，再睁眼演出“试探性微笑”的瞬间。
d524,成人刺激,大冒险,历史题库,否,v8,用慢动作表演“突然心动”，不能说话也不接触任何人。
d525,成人刺激,大冒险,历史题库,是,v8,只用眼神和表情演出“努力克制”，持续十秒。
d526,成人刺激,大冒险,历史题库,否,v8,面对镜子完成“轻微吃醋”的三段式表情变化。
d527,成人刺激,大冒险,历史题库,否,v8,先闭眼两秒，再睁眼演出“被拒绝后的尊重”的瞬间。
d528,成人刺激,大冒险,历史题库,否,v8,用慢动作表演“得到同意后的安心”，不能说话也不接触任何人。
d529,成人刺激,大冒险,历史题库,是,v8,只用眼神和表情演出“秘密被发现”，持续十秒。
d530,成人刺激,大冒险,历史题库,否,v8,面对镜子完成“多年后重逢”的三段式表情变化。
d531,成人刺激,大冒险,历史题库,否,v8,先闭眼两秒，再睁眼演出“假装不在意”的瞬间。
d532,成人刺激,大冒险,历史题库,是,v8,用慢动作表演“发现对方撒谎”，不能说话也不接触任何人。
d533,成人刺激,大冒险,历史题库,是,v8,只用眼神和表情演出“准备告白”，持续十秒。
d534,成人刺激,大冒险,历史题库,否,v8,面对镜子完成“等待回答”的三段式表情变化。
d535,成人刺激,大冒险,历史题库,否,v8,先闭眼两秒，再睁眼演出“接受分手”的瞬间。
d536,成人刺激,大冒险,历史题库,否,v8,用慢动作表演“提出边界”，不能说话也不接触任何人。
d537,成人刺激,大冒险,历史题库,是,v8,只用眼神和表情演出“听到暧昧称赞”，持续十秒。
d538,成人刺激,大冒险,历史题库,否,v8,面对镜子完成“看到喜欢的人靠近”的三段式表情变化。
d539,成人刺激,大冒险,历史题库,否,v8,先闭眼两秒，再睁眼演出“发现双方默契”的瞬间。
d540,成人刺激,大冒险,历史题库,否,v8,用慢动作表演“结束约会但舍不得走”，不能说话也不接触任何人。
d541,成人刺激,大冒险,历史题库,否,v8,用二十秒演出“深夜便利店偶遇”中的暧昧开场，不接触他人。
d542,成人刺激,大冒险,历史题库,否,v8,为“酒店大堂重逢”即兴说三句电影对白。
d543,成人刺激,大冒险,历史题库,是,v8,选择一位明确自愿的玩家，隔着至少一步距离演出“朋友婚礼上的初见”；也可用椅子代替。
d544,成人刺激,大冒险,历史题库,否,v8,把“雨夜车站告别”演成恋爱真人秀片段，持续十五秒。
d545,成人刺激,大冒险,历史题库,否,v8,用二十秒演出“多年后同学聚会”中的暧昧开场，不接触他人。
d546,成人刺激,大冒险,历史题库,否,v8,为“午夜航班邻座”即兴说三句电影对白。
d547,成人刺激,大冒险,历史题库,是,v8,选择一位明确自愿的玩家，隔着至少一步距离演出“办公室加班后的独处”；也可用椅子代替。
d548,成人刺激,大冒险,历史题库,否,v8,把“海边民宿停电”演成恋爱真人秀片段，持续十五秒。
d549,成人刺激,大冒险,历史题库,否,v8,用二十秒演出“化装舞会认出彼此”中的暧昧开场，不接触他人。
d550,成人刺激,大冒险,历史题库,否,v8,为“酒吧里认错人”即兴说三句电影对白。
d551,成人刺激,大冒险,历史题库,是,v8,选择一位明确自愿的玩家，隔着至少一步距离演出“私人影院散场”；也可用椅子代替。
d552,成人刺激,大冒险,历史题库,否,v8,把“屋顶看夜景”演成恋爱真人秀片段，持续十五秒。
d553,成人刺激,大冒险,历史题库,否,v8,用二十秒演出“凌晨厨房找水”中的暧昧开场，不接触他人。
d554,成人刺激,大冒险,历史题库,否,v8,为“旅行途中临时组队”即兴说三句电影对白。
d555,成人刺激,大冒险,历史题库,是,v8,选择一位明确自愿的玩家，隔着至少一步距离演出“前任婚礼外的偶遇”；也可用椅子代替。
d556,成人刺激,大冒险,历史题库,否,v8,把“新邻居第一次见面”演成恋爱真人秀片段，持续十五秒。
d557,成人刺激,大冒险,历史题库,否,v8,用二十秒演出“电梯故障时的对话”中的暧昧开场，不接触他人。
d558,成人刺激,大冒险,历史题库,否,v8,为“演唱会结束后的散步”即兴说三句电影对白。
d559,成人刺激,大冒险,历史题库,是,v8,选择一位明确自愿的玩家，隔着至少一步距离演出“雨伞下短暂同行”；也可用椅子代替。
d560,成人刺激,大冒险,历史题库,否,v8,把“清晨咖啡店的最后一桌”演成恋爱真人秀片段，持续十五秒。
d561,成人刺激,大冒险,历史题库,否,v8,用十五秒广告介绍自己为什么适合成为“深夜聊天搭档”。
d562,成人刺激,大冒险,历史题库,否,v8,为“理想约会对象”设计一句不超过十二个字的个人口号并朗读。
d563,成人刺激,大冒险,历史题库,否,v8,以选秀面试方式回答：为什么你能胜任“最会尊重边界的人”？
d564,成人刺激,大冒险,历史题库,否,v8,摆出一个自信姿势，并用一句话宣传自己是“旅行恋人”。
d565,成人刺激,大冒险,历史题库,否,v8,用十五秒广告介绍自己为什么适合成为“稳定伴侣”。
d566,成人刺激,大冒险,历史题库,否,v8,为“秘密心动对象”设计一句不超过十二个字的个人口号并朗读。
d567,成人刺激,大冒险,历史题库,否,v8,以选秀面试方式回答：为什么你能胜任“浪漫策划师”？
d568,成人刺激,大冒险,历史题库,否,v8,摆出一个自信姿势，并用一句话宣传自己是“成人关系沟通教练”。
d569,成人刺激,大冒险,历史题库,否,v8,用十五秒广告介绍自己为什么适合成为“暧昧电影主角”。
d570,成人刺激,大冒险,历史题库,否,v8,为“慢热型恋人”设计一句不超过十二个字的个人口号并朗读。
d571,成人刺激,大冒险,历史题库,否,v8,以选秀面试方式回答：为什么你能胜任“高质量前任”？
d572,成人刺激,大冒险,历史题库,否,v8,摆出一个自信姿势，并用一句话宣传自己是“最可靠的约会对象”。
d573,成人刺激,大冒险,历史题库,否,v8,用十五秒广告介绍自己为什么适合成为“最会制造安全感的人”。
d574,成人刺激,大冒险,历史题库,否,v8,为“最有神秘感的人”设计一句不超过十二个字的个人口号并朗读。
d575,成人刺激,大冒险,历史题库,否,v8,以选秀面试方式回答：为什么你能胜任“最懂事后照顾的人”？
d576,成人刺激,大冒险,历史题库,否,v8,摆出一个自信姿势，并用一句话宣传自己是“最会接受拒绝的人”。
d577,成人刺激,大冒险,历史题库,否,v8,用十五秒广告介绍自己为什么适合成为“最会表达欲望的人”。
d578,成人刺激,大冒险,历史题库,否,v8,为“最会处理吃醋的人”设计一句不超过十二个字的个人口号并朗读。
d579,成人刺激,大冒险,历史题库,否,v8,以选秀面试方式回答：为什么你能胜任“最适合异地恋的人”？
d580,成人刺激,大冒险,历史题库,否,v8,摆出一个自信姿势，并用一句话宣传自己是“最懂成人同意原则的人”。
d581,成人刺激,大冒险,历史题库,否,v8,完成一个“红毯回眸”主题的五秒自信姿势。
d582,成人刺激,大冒险,历史题库,否,v8,以慢动作完成“电影海报侧脸”的进场和转身。
d583,成人刺激,大冒险,历史题库,否,v8,让大家倒数三秒，然后演出“刚收到暧昧消息”的定格画面。
d584,成人刺激,大冒险,历史题库,否,v8,用两个连续姿势表现“准备赴约”前后情绪变化。
d585,成人刺激,大冒险,历史题库,否,v8,完成一个“约会迟到后出现”主题的五秒自信姿势。
d586,成人刺激,大冒险,历史题库,否,v8,以慢动作完成“听到称赞后保持镇定”的进场和转身。
d587,成人刺激,大冒险,历史题库,否,v8,让大家倒数三秒，然后演出“拒绝不合适邀约”的定格画面。
d588,成人刺激,大冒险,历史题库,否,v8,用两个连续姿势表现“主动提出边界”前后情绪变化。
d589,成人刺激,大冒险,历史题库,否,v8,完成一个“发现喜欢的人在场”主题的五秒自信姿势。
d590,成人刺激,大冒险,历史题库,是,v8,以慢动作完成“等待对方先开口”的进场和转身。
d591,成人刺激,大冒险,历史题库,否,v8,让大家倒数三秒，然后演出“准备说出秘密”的定格画面。
d592,成人刺激,大冒险,历史题库,否,v8,用两个连续姿势表现“结束约会仍意犹未尽”前后情绪变化。
d593,成人刺激,大冒险,历史题库,否,v8,完成一个“穿着最自信的衣服”主题的五秒自信姿势。
d594,成人刺激,大冒险,历史题库,否,v8,以慢动作完成“在镜头前介绍理想型”的进场和转身。
d595,成人刺激,大冒险,历史题库,否,v8,让大家倒数三秒，然后演出“看到前任但毫不慌张”的定格画面。
d596,成人刺激,大冒险,历史题库,否,v8,用两个连续姿势表现“主动邀约后等待回复”前后情绪变化。
d597,成人刺激,大冒险,历史题库,否,v8,完成一个“被拒绝但体面离开”主题的五秒自信姿势。
d598,成人刺激,大冒险,历史题库,是,v8,以慢动作完成“确定对方也心动”的进场和转身。
d599,成人刺激,大冒险,历史题库,否,v8,让大家倒数三秒，然后演出“在舞会中寻找目标”的定格画面。
d600,成人刺激,大冒险,历史题库,否,v8,用两个连续姿势表现“深夜离开酒店大堂”前后情绪变化。
d601,成人刺激,大冒险,历史题库,否,v8,把“今晚见到你，我有点意外。”输入备忘录但不要发送，然后用电影对白语气读出来。
d602,成人刺激,大冒险,历史题库,是,v8,假装正在录一条不会发送的语音，说出：“你刚才的眼神让我分心。”
d603,成人刺激,大冒险,历史题库,否,v8,用三种不同风格改写“我想知道你真正喜欢什么。”，任选一种读出。
d604,成人刺激,大冒险,历史题库,否,v8,把“下次见面可以由你安排。”说得既暧昧又尊重，不能增加施压意味。
d605,成人刺激,大冒险,历史题库,否,v8,把“我尊重你的节奏。”输入备忘录但不要发送，然后用电影对白语气读出来。
d606,成人刺激,大冒险,历史题库,否,v8,假装正在录一条不会发送的语音，说出：“你可以直接告诉我不舒服。”
d607,成人刺激,大冒险,历史题库,否,v8,用三种不同风格改写“我喜欢和你聊天时的感觉。”，任选一种读出。
d608,成人刺激,大冒险,历史题库,否,v8,把“如果你愿意，我们可以再待一会儿。”说得既暧昧又尊重，不能增加施压意味。
d609,成人刺激,大冒险,历史题库,否,v8,把“我还不想这么快说晚安。”输入备忘录但不要发送，然后用电影对白语气读出来。
d610,成人刺激,大冒险,历史题库,否,v8,假装正在录一条不会发送的语音，说出：“你今天特别有吸引力。”
d611,成人刺激,大冒险,历史题库,否,v8,用三种不同风格改写“我不会把你的拒绝当成挑战。”，任选一种读出。
d612,成人刺激,大冒险,历史题库,否,v8,把“我想先确认你是不是也愿意。”说得既暧昧又尊重，不能增加施压意味。
d613,成人刺激,大冒险,历史题库,否,v8,把“今晚的细节我会记很久。”输入备忘录但不要发送，然后用电影对白语气读出来。
d614,成人刺激,大冒险,历史题库,否,v8,假装正在录一条不会发送的语音，说出：“你让我觉得安全又紧张。”
d615,成人刺激,大冒险,历史题库,否,v8,用三种不同风格改写“我想听听你的边界。”，任选一种读出。
d616,成人刺激,大冒险,历史题库,否,v8,把“我不会擅自替你做决定。”说得既暧昧又尊重，不能增加施压意味。
d617,成人刺激,大冒险,历史题库,否,v8,把“我愿意认真了解你。”输入备忘录但不要发送，然后用电影对白语气读出来。
d618,成人刺激,大冒险,历史题库,否,v8,假装正在录一条不会发送的语音，说出：“我们可以慢慢来。”
d619,成人刺激,大冒险,历史题库,否,v8,用三种不同风格改写“我想邀请你，但你完全可以拒绝。”，任选一种读出。
d620,成人刺激,大冒险,历史题库,否,v8,把“谢谢你清楚表达自己的感受。”说得既暧昧又尊重，不能增加施压意味。
d621,成人刺激,大冒险,历史题库,否,v8,清楚、平静地说出边界：“我今晚不想有身体接触。”
d622,成人刺激,大冒险,历史题库,否,v8,用不道歉的语气表达：“我愿意继续，但请慢一点。”
d623,成人刺激,大冒险,历史题库,否,v8,先深呼吸一次，再坚定地说：“这个问题我选择跳过。”
d624,成人刺激,大冒险,历史题库,否,v8,把“请不要公开我们之间的内容。”改写成一句既明确又尊重的话并读出。
d625,成人刺激,大冒险,历史题库,否,v8,清楚、平静地说出边界：“我不接受在酒后做这个决定。”
d626,成人刺激,大冒险,历史题库,否,v8,用不道歉的语气表达：“我想先讨论安全措施。”
d627,成人刺激,大冒险,历史题库,否,v8,先深呼吸一次，再坚定地说：“我不愿意发送私密照片。”
d628,成人刺激,大冒险,历史题库,否,v8,把“我需要一点独处时间。”改写成一句既明确又尊重的话并读出。
d629,成人刺激,大冒险,历史题库,否,v8,清楚、平静地说出边界：“我不喜欢被查看手机。”
d630,成人刺激,大冒险,历史题库,否,v8,用不道歉的语气表达：“我希望先确认关系定义。”
d631,成人刺激,大冒险,历史题库,否,v8,先深呼吸一次，再坚定地说：“这个昵称让我不舒服。”
d632,成人刺激,大冒险,历史题库,否,v8,把“我不愿意谈过去经历。”改写成一句既明确又尊重的话并读出。
d633,成人刺激,大冒险,历史题库,否,v8,清楚、平静地说出边界：“请先征得我的明确同意。”
d634,成人刺激,大冒险,历史题库,否,v8,用不道歉的语气表达：“我现在改变主意了。”
d635,成人刺激,大冒险,历史题库,否,v8,先深呼吸一次，再坚定地说：“我希望今天到这里为止。”
d636,成人刺激,大冒险,历史题库,否,v8,把“我不接受拿拒绝开玩笑。”改写成一句既明确又尊重的话并读出。
d637,成人刺激,大冒险,历史题库,否,v8,清楚、平静地说出边界：“我不愿意被拍摄。”
d638,成人刺激,大冒险,历史题库,否,v8,用不道歉的语气表达：“我希望我们的聊天保密。”
d639,成人刺激,大冒险,历史题库,否,v8,先深呼吸一次，再坚定地说：“我需要先了解健康与安全信息。”
d640,成人刺激,大冒险,历史题库,否,v8,把“我愿意，但不代表下次也默认愿意。”改写成一句既明确又尊重的话并读出。
d641,成人刺激,大冒险,历史题库,否,v8,示范怎样在“牵手”之前提出清晰、无压力的同意询问。
d642,成人刺激,大冒险,历史题库,是,v8,用一句话说明：对方拒绝“拥抱”时你会怎样成熟回应。
d643,成人刺激,大冒险,历史题库,是,v8,选择一位明确自愿的玩家，隔着安全距离练习询问“拍双人照片”；只练习对话，不实际执行。
d644,成人刺激,大冒险,历史题库,否,v8,说出“靠近坐”过程中至少三个可以随时暂停的信号。
d645,成人刺激,大冒险,历史题库,否,v8,示范怎样在“共用一条毯子”之前提出清晰、无压力的同意询问。
d646,成人刺激,大冒险,历史题库,是,v8,用一句话说明：对方拒绝“慢舞”时你会怎样成熟回应。
d647,成人刺激,大冒险,历史题库,是,v8,选择一位明确自愿的玩家，隔着安全距离练习询问“交换昵称”；只练习对话，不实际执行。
d648,成人刺激,大冒险,历史题库,否,v8,说出“讨论成人话题”过程中至少三个可以随时暂停的信号。
d649,成人刺激,大冒险,历史题库,否,v8,示范怎样在“读暧昧台词”之前提出清晰、无压力的同意询问。
d650,成人刺激,大冒险,历史题库,是,v8,用一句话说明：对方拒绝“假扮情侣”时你会怎样成熟回应。
d651,成人刺激,大冒险,历史题库,是,v8,选择一位明确自愿的玩家，隔着安全距离练习询问“看对方手机”；只练习对话，不实际执行。
d652,成人刺激,大冒险,历史题库,否,v8,说出“分享定位”过程中至少三个可以随时暂停的信号。
d653,成人刺激,大冒险,历史题库,是,v8,示范怎样在“录一段双人视频”之前提出清晰、无压力的同意询问。
d654,成人刺激,大冒险,历史题库,是,v8,用一句话说明：对方拒绝“公开关系”时你会怎样成熟回应。
d655,成人刺激,大冒险,历史题库,是,v8,选择一位明确自愿的玩家，隔着安全距离练习询问“分享私人经历”；只练习对话，不实际执行。
d656,成人刺激,大冒险,历史题库,否,v8,说出“聊前任”过程中至少三个可以随时暂停的信号。
d657,成人刺激,大冒险,历史题库,否,v8,示范怎样在“设计约会”之前提出清晰、无压力的同意询问。
d658,成人刺激,大冒险,历史题库,是,v8,用一句话说明：对方拒绝“延长聚会时间”时你会怎样成熟回应。
d659,成人刺激,大冒险,历史题库,是,v8,选择一位明确自愿的玩家，隔着安全距离练习询问“交换联系方式”；只练习对话，不实际执行。
d660,成人刺激,大冒险,历史题库,是,v8,说出“邀请对方单独见面”过程中至少三个可以随时暂停的信号。
d661,成人刺激,大冒险,历史题库,是,v8,选择一位明确自愿的玩家，用两句对白演出“第一次见面就有好感”；全程不接触。
d662,成人刺激,大冒险,历史题库,否,v8,和一把椅子演出“朋友关系开始变质”的二十秒对话。
d663,成人刺激,大冒险,历史题库,是,v8,请另一位玩家只念旁白，你独自演出“双方都在假装不在意”。
d664,成人刺激,大冒险,历史题库,否,v8,把“一个人准备离开城市”演成结局反转的短剧，持续二十秒。
d665,成人刺激,大冒险,历史题库,是,v8,选择一位明确自愿的玩家，用两句对白演出“多年后重新单身”；全程不接触。
d666,成人刺激,大冒险,历史题库,否,v8,和一把椅子演出“工作搭档产生吸引力”的二十秒对话。
d667,成人刺激,大冒险,历史题库,是,v8,请另一位玩家只念旁白，你独自演出“旅行最后一晚”。
d668,成人刺激,大冒险,历史题库,否,v8,把“前任突然道歉”演成结局反转的短剧，持续二十秒。
d669,成人刺激,大冒险,历史题库,是,v8,选择一位明确自愿的玩家，用两句对白演出“秘密关系即将曝光”；全程不接触。
d670,成人刺激,大冒险,历史题库,否,v8,和一把椅子演出“异地恋久别重逢”的二十秒对话。
d671,成人刺激,大冒险,历史题库,是,v8,请另一位玩家只念旁白，你独自演出“有人提出非传统关系”。
d672,成人刺激,大冒险,历史题库,否,v8,把“一方想公开一方不想”演成结局反转的短剧，持续二十秒。
d673,成人刺激,大冒险,历史题库,是,v8,选择一位明确自愿的玩家，用两句对白演出“双方对亲密节奏不同”；全程不接触。
d674,成人刺激,大冒险,历史题库,否,v8,和一把椅子演出“一个人吃醋但不承认”的二十秒对话。
d675,成人刺激,大冒险,历史题库,是,v8,请另一位玩家只念旁白，你独自演出“双方都不确定关系定义”。
d676,成人刺激,大冒险,历史题库,否,v8,把“一方提出新边界”演成结局反转的短剧，持续二十秒。
d677,成人刺激,大冒险,历史题库,是,v8,选择一位明确自愿的玩家，用两句对白演出“第一次讨论安全措施”；全程不接触。
d678,成人刺激,大冒险,历史题库,否,v8,和一把椅子演出“一方临时改变主意”的二十秒对话。
d679,成人刺激,大冒险,历史题库,是,v8,请另一位玩家只念旁白，你独自演出“约会结束后不想告别”。
d680,成人刺激,大冒险,历史题库,否,v8,把“双方决定先暂停关系”演成结局反转的短剧，持续二十秒。
d681,成人刺激,大冒险,历史题库,否,v8,用十五秒无音乐慢动作演出“慢舞开场”。
d682,成人刺激,大冒险,历史题库,否,v8,原地完成一段“听到熟悉情歌”主题的十秒节奏动作，不触碰任何人。
d683,成人刺激,大冒险,历史题库,是,v8,只用肩膀、手势和眼神表现“看到喜欢的人进门”。
d684,成人刺激,大冒险,历史题库,否,v8,演出“被邀请共舞”从克制到自信的变化，持续十五秒。
d685,成人刺激,大冒险,历史题库,否,v8,用十五秒无音乐慢动作演出“舞会中寻找目标”。
d686,成人刺激,大冒险,历史题库,否,v8,原地完成一段“刚结束争吵”主题的十秒节奏动作，不触碰任何人。
d687,成人刺激,大冒险,历史题库,是,v8,只用肩膀、手势和眼神表现“多年后重逢”。
d688,成人刺激,大冒险,历史题库,否,v8,演出“收到意外告白”从克制到自信的变化，持续十五秒。
d689,成人刺激,大冒险,历史题库,否,v8,用十五秒无音乐慢动作演出“准备离开派对”。
d690,成人刺激,大冒险,历史题库,否,v8,原地完成一段“看到前任出现”主题的十秒节奏动作，不触碰任何人。
d691,成人刺激,大冒险,历史题库,是,v8,只用肩膀、手势和眼神表现“被拍电影海报”。
d692,成人刺激,大冒险,历史题库,否,v8,演出“在红毯上停步”从克制到自信的变化，持续十五秒。
d693,成人刺激,大冒险,历史题库,否,v8,用十五秒无音乐慢动作演出“城市夜景前独处”。
d694,成人刺激,大冒险,历史题库,否,v8,原地完成一段“雨中等待”主题的十秒节奏动作，不触碰任何人。
d695,成人刺激,大冒险,历史题库,是,v8,只用肩膀、手势和眼神表现“深夜电台响起”。
d696,成人刺激,大冒险,历史题库,否,v8,演出“酒店走廊偶遇”从克制到自信的变化，持续十五秒。
d697,成人刺激,大冒险,历史题库,否,v8,用十五秒无音乐慢动作演出“私人影院散场”。
d698,成人刺激,大冒险,历史题库,否,v8,原地完成一段“海边听到脚步”主题的十秒节奏动作，不触碰任何人。
d699,成人刺激,大冒险,历史题库,是,v8,只用肩膀、手势和眼神表现“凌晨厨房遇见对方”。
d700,成人刺激,大冒险,历史题库,否,v8,演出“清晨准备告别”从克制到自信的变化，持续十五秒。
d701,成人刺激,大冒险,历史题库,否,v8,为一场成人但尊重边界的约会设计“灯光”，用一句话介绍。
d702,成人刺激,大冒险,历史题库,否,v8,说出你理想约会中关于“音乐”的三个细节。
d703,成人刺激,大冒险,历史题库,否,v8,把“香气”介绍成一款浪漫体验产品，持续十五秒。
d704,成人刺激,大冒险,历史题库,否,v8,围绕“饮料”提出一个能让双方更安心的约会规则。
d705,成人刺激,大冒险,历史题库,否,v8,为一场成人但尊重边界的约会设计“座位距离”，用一句话介绍。
d706,成人刺激,大冒险,历史题库,否,v8,说出你理想约会中关于“温度”的三个细节。
d707,成人刺激,大冒险,历史题库,否,v8,把“窗外景色”介绍成一款浪漫体验产品，持续十五秒。
d708,成人刺激,大冒险,历史题库,否,v8,围绕“服装主题”提出一个能让双方更安心的约会规则。
d709,成人刺激,大冒险,历史题库,否,v8,为一场成人但尊重边界的约会设计“开场对白”，用一句话介绍。
d710,成人刺激,大冒险,历史题库,否,v8,说出你理想约会中关于“结束方式”的三个细节。
d711,成人刺激,大冒险,历史题库,否,v8,把“手机处理方式”介绍成一款浪漫体验产品，持续十五秒。
d712,成人刺激,大冒险,历史题库,否,v8,围绕“是否拍照”提出一个能让双方更安心的约会规则。
d713,成人刺激,大冒险,历史题库,否,v8,为一场成人但尊重边界的约会设计“背景电影”，用一句话介绍。
d714,成人刺激,大冒险,历史题库,否,v8,说出你理想约会中关于“甜点”的三个细节。
d715,成人刺激,大冒险,历史题库,否,v8,把“时间安排”介绍成一款浪漫体验产品，持续十五秒。
d716,成人刺激,大冒险,历史题库,否,v8,围绕“交通方式”提出一个能让双方更安心的约会规则。
d717,成人刺激,大冒险,历史题库,否,v8,为一场成人但尊重边界的约会设计“隐私保障”，用一句话介绍。
d718,成人刺激,大冒险,历史题库,否,v8,说出你理想约会中关于“安全确认”的三个细节。
d719,成人刺激,大冒险,历史题库,否,v8,把“暂停信号”介绍成一款浪漫体验产品，持续十五秒。
d720,成人刺激,大冒险,历史题库,否,v8,围绕“第二天联系”提出一个能让双方更安心的约会规则。
d721,成人刺激,大冒险,历史题库,否,v8,为“禁忌心动”主题电影取名，并念一句预告旁白。
d722,成人刺激,大冒险,历史题库,否,v8,用二十秒介绍一部关于“久别重逢”的成人爱情电影。
d723,成人刺激,大冒险,历史题库,否,v8,摆出“秘密约会”电影海报姿势，并说出宣传语。
d724,成人刺激,大冒险,历史题库,否,v8,为“成年人第一次坦白需求”设计一个开放式结局，用一句话讲完。
d725,成人刺激,大冒险,历史题库,否,v8,为“开放关系谈判”主题电影取名，并念一句预告旁白。
d726,成人刺激,大冒险,历史题库,否,v8,用二十秒介绍一部关于“旅行中的短暂浪漫”的成人爱情电影。
d727,成人刺激,大冒险,历史题库,否,v8,摆出“职场暧昧”电影海报姿势，并说出宣传语。
d728,成人刺激,大冒险,历史题库,否,v8,为“前任再次出现”设计一个开放式结局，用一句话讲完。
d729,成人刺激,大冒险,历史题库,否,v8,为“异地恋见面”主题电影取名，并念一句预告旁白。
d730,成人刺激,大冒险,历史题库,否,v8,用二十秒介绍一部关于“结婚前最后一次犹豫”的成人爱情电影。
d731,成人刺激,大冒险,历史题库,否,v8,摆出“两个慢热的人”电影海报姿势，并说出宣传语。
d732,成人刺激,大冒险,历史题库,否,v8,为“一场不确定是否继续的约会”设计一个开放式结局，用一句话讲完。
d733,成人刺激,大冒险,历史题库,否,v8,为“同居后的吸引力危机”主题电影取名，并念一句预告旁白。
d734,成人刺激,大冒险,历史题库,否,v8,用二十秒介绍一部关于“成年人重新学习约会”的成人爱情电影。
d735,成人刺激,大冒险,历史题库,否,v8,摆出“双方第一次谈安全边界”电影海报姿势，并说出宣传语。
d736,成人刺激,大冒险,历史题库,否,v8,为“秘密被公开”设计一个开放式结局，用一句话讲完。
d737,成人刺激,大冒险,历史题库,否,v8,为“成年人决定不再将就”主题电影取名，并念一句预告旁白。
d738,成人刺激,大冒险,历史题库,否,v8,用二十秒介绍一部关于“两个有年龄差的人”的成人爱情电影。
d739,成人刺激,大冒险,历史题库,否,v8,摆出“朋友变恋人”电影海报姿势，并说出宣传语。
d740,成人刺激,大冒险,历史题库,否,v8,为“一段关系体面结束”设计一个开放式结局，用一句话讲完。
d741,成人刺激,大冒险,历史题库,否,v8,表演二十秒恋爱真人秀采访，回答：“今晚最期待什么？”
d742,成人刺激,大冒险,历史题库,否,v8,以深夜访谈嘉宾身份回答：“最容易被什么吸引？”
d743,成人刺激,大冒险,历史题库,是,v8,假装你是成人关系节目主持人，用十秒回答：“怎样判断对方在调情？”
d744,成人刺激,大冒险,历史题库,否,v8,用最坦诚但不透露隐私的方式回答：“最重要的关系边界？”
d745,成人刺激,大冒险,历史题库,否,v8,表演二十秒恋爱真人秀采访，回答：“如何面对拒绝？”
d746,成人刺激,大冒险,历史题库,否,v8,以深夜访谈嘉宾身份回答：“如何表达成人需求？”
d747,成人刺激,大冒险,历史题库,否,v8,假装你是成人关系节目主持人，用十秒回答：“怎么看一夜情？”
d748,成人刺激,大冒险,历史题库,否,v8,用最坦诚但不透露隐私的方式回答：“怎么看开放式关系？”
d749,成人刺激,大冒险,历史题库,否,v8,表演二十秒恋爱真人秀采访，回答：“如何处理吃醋？”
d750,成人刺激,大冒险,历史题库,否,v8,以深夜访谈嘉宾身份回答：“理想约会是什么？”
d751,成人刺激,大冒险,历史题库,否,v8,假装你是成人关系节目主持人，用十秒回答：“最不接受哪种控制？”
d752,成人刺激,大冒险,历史题库,否,v8,用最坦诚但不透露隐私的方式回答：“如何维持异地亲密？”
d753,成人刺激,大冒险,历史题库,否,v8,表演二十秒恋爱真人秀采访，回答：“亲密后需要什么？”
d754,成人刺激,大冒险,历史题库,否,v8,以深夜访谈嘉宾身份回答：“怎么看查看手机？”
d755,成人刺激,大冒险,历史题库,否,v8,假装你是成人关系节目主持人，用十秒回答：“怎样讨论安全措施？”
d756,成人刺激,大冒险,历史题库,否,v8,用最坦诚但不透露隐私的方式回答：“如何评价自己的魅力？”
d757,成人刺激,大冒险,历史题库,否,v8,表演二十秒恋爱真人秀采访，回答：“最想改善什么沟通习惯？”
d758,成人刺激,大冒险,历史题库,否,v8,以深夜访谈嘉宾身份回答：“怎么看前任联系？”
d759,成人刺激,大冒险,历史题库,否,v8,假装你是成人关系节目主持人，用十秒回答：“如何定义忠诚？”
d760,成人刺激,大冒险,历史题库,否,v8,用最坦诚但不透露隐私的方式回答：“什么时候会结束关系？”
d761,成人刺激,大冒险,历史题库,是,v8,选择一位明确自愿的玩家，只针对“声音”给出一句尊重的称赞。
d762,成人刺激,大冒险,历史题库,是,v8,不点名，描述现场某个人在“眼神”方面最吸引人的特质。
d763,成人刺激,大冒险,历史题库,否,v8,面向镜子，用一句话称赞自己的“笑容”。
d764,成人刺激,大冒险,历史题库,否,v8,用颁奖词的方式称赞一种理想伴侣应有的“穿搭”。
d765,成人刺激,大冒险,历史题库,是,v8,选择一位明确自愿的玩家，只针对“自信”给出一句尊重的称赞。
d766,成人刺激,大冒险,历史题库,是,v8,不点名，描述现场某个人在“幽默感”方面最吸引人的特质。
d767,成人刺激,大冒险,历史题库,否,v8,面向镜子，用一句话称赞自己的“边界感”。
d768,成人刺激,大冒险,历史题库,否,v8,用颁奖词的方式称赞一种理想伴侣应有的“表达能力”。
d769,成人刺激,大冒险,历史题库,是,v8,选择一位明确自愿的玩家，只针对“倾听能力”给出一句尊重的称赞。
d770,成人刺激,大冒险,历史题库,是,v8,不点名，描述现场某个人在“成熟度”方面最吸引人的特质。
d771,成人刺激,大冒险,历史题库,否,v8,面向镜子，用一句话称赞自己的“神秘感”。
d772,成人刺激,大冒险,历史题库,否,v8,用颁奖词的方式称赞一种理想伴侣应有的“温柔”。
d773,成人刺激,大冒险,历史题库,是,v8,选择一位明确自愿的玩家，只针对“行动力”给出一句尊重的称赞。
d774,成人刺激,大冒险,历史题库,是,v8,不点名，描述现场某个人在“克制感”方面最吸引人的特质。
d775,成人刺激,大冒险,历史题库,否,v8,面向镜子，用一句话称赞自己的“仪式感”。
d776,成人刺激,大冒险,历史题库,否,v8,用颁奖词的方式称赞一种理想伴侣应有的“诚实”。
d777,成人刺激,大冒险,历史题库,是,v8,选择一位明确自愿的玩家，只针对“稳定感”给出一句尊重的称赞。
d778,成人刺激,大冒险,历史题库,是,v8,不点名，描述现场某个人在“身体语言”方面最吸引人的特质。
d779,成人刺激,大冒险,历史题库,否,v8,面向镜子，用一句话称赞自己的“浪漫能力”。
d780,成人刺激,大冒险,历史题库,否,v8,用颁奖词的方式称赞一种理想伴侣应有的“拒绝时的礼貌”。
d781,成人刺激,大冒险,历史题库,否,v8,快速回答“温柔还是热烈”，并用一句话解释原因。
d782,成人刺激,大冒险,历史题库,否,v8,围绕“慢热还是迅速升温”做一次十秒成人约会立场陈述。
d783,成人刺激,大冒险,历史题库,否,v8,从“主动还是被追求”中选择一边，并为另一边说一个优点。
d784,成人刺激,大冒险,历史题库,否,v8,把“身体吸引还是情感契合”演成一场辩论的开场陈词。
d785,成人刺激,大冒险,历史题库,否,v8,快速回答“稳定还是刺激”，并用一句话解释原因。
d786,成人刺激,大冒险,历史题库,否,v8,围绕“公开还是低调”做一次十秒成人约会立场陈述。
d787,成人刺激,大冒险,历史题库,否,v8,从“同居还是保留空间”中选择一边，并为另一边说一个优点。
d788,成人刺激,大冒险,历史题库,否,v8,把“每天联系还是保持自由”演成一场辩论的开场陈词。
d789,成人刺激,大冒险,历史题库,否,v8,快速回答“计划型约会还是临时起意”，并用一句话解释原因。
d790,成人刺激,大冒险,历史题库,否,v8,围绕“直接告白还是长期暧昧”做一次十秒成人约会立场陈述。
d791,成人刺激,大冒险,历史题库,否,v8,从“牵手还是拥抱”中选择一边，并为另一边说一个优点。
d792,成人刺激,大冒险,历史题库,否,v8,把“语言表达还是行动表达”演成一场辩论的开场陈词。
d793,成人刺激,大冒险,历史题库,否,v8,快速回答“城市夜景还是海边”，并用一句话解释原因。
d794,成人刺激,大冒险,历史题库,否,v8,围绕“家中约会还是外出约会”做一次十秒成人约会立场陈述。
d795,成人刺激,大冒险,历史题库,否,v8,从“朋友转恋人还是陌生人相识”中选择一边，并为另一边说一个优点。
d796,成人刺激,大冒险,历史题库,否,v8,把“年龄相近还是有年龄差”演成一场辩论的开场陈词。
d797,成人刺激,大冒险,历史题库,否,v8,快速回答“长久陪伴还是短暂强烈”，并用一句话解释原因。
d798,成人刺激,大冒险,历史题库,否,v8,围绕“共享密码还是保留隐私”做一次十秒成人约会立场陈述。
d799,成人刺激,大冒险,历史题库,否,v8,从“解决冲突还是先冷静”中选择一边，并为另一边说一个优点。
d800,成人刺激,大冒险,历史题库,否,v8,把“浪漫惊喜还是提前沟通”演成一场辩论的开场陈词。
d801,成人刺激,大冒险,历史题库,否,v8,用第三人称讲一个关于“第一次心动”的三句微型故事。
d802,成人刺激,大冒险,历史题库,否,v8,把“最尴尬的约会”改编成十秒电影旁白，不必使用真实经历。
d803,成人刺激,大冒险,历史题库,否,v8,以匿名投稿节目口吻讲述“一次体面的拒绝”的虚构故事。
d804,成人刺激,大冒险,历史题库,否,v8,用开头、转折、结尾各一句讲完“一次被尊重的经历”。
d805,成人刺激,大冒险,历史题库,否,v8,用第三人称讲一个关于“一次失败的暧昧”的三句微型故事。
d806,成人刺激,大冒险,历史题库,否,v8,把“一段秘密喜欢”改编成十秒电影旁白，不必使用真实经历。
d807,成人刺激,大冒险,历史题库,否,v8,以匿名投稿节目口吻讲述“一次关系修复”的虚构故事。
d808,成人刺激,大冒险,历史题库,否,v8,用开头、转折、结尾各一句讲完“一次勇敢表达边界”。
d809,成人刺激,大冒险,历史题库,否,v8,用第三人称讲一个关于“一次成年人式告别”的三句微型故事。
d810,成人刺激,大冒险,历史题库,否,v8,把“一次意外的吸引”改编成十秒电影旁白，不必使用真实经历。
d811,成人刺激,大冒险,历史题库,否,v8,以匿名投稿节目口吻讲述“一次异地重逢”的虚构故事。
d812,成人刺激,大冒险,历史题库,否,v8,用开头、转折、结尾各一句讲完“一次主动邀约”。
d813,成人刺激,大冒险,历史题库,否,v8,用第三人称讲一个关于“一次改变主意”的三句微型故事。
d814,成人刺激,大冒险,历史题库,否,v8,把“一次承认嫉妒”改编成十秒电影旁白，不必使用真实经历。
d815,成人刺激,大冒险,历史题库,否,v8,以匿名投稿节目口吻讲述“一次讨论安全措施”的虚构故事。
d816,成人刺激,大冒险,历史题库,否,v8,用开头、转折、结尾各一句讲完“一次认真道歉”。
d817,成人刺激,大冒险,历史题库,否,v8,用第三人称讲一个关于“一次放弃不合适的人”的三句微型故事。
d818,成人刺激,大冒险,历史题库,否,v8,把“一次重新建立信任”改编成十秒电影旁白，不必使用真实经历。
d819,成人刺激,大冒险,历史题库,否,v8,以匿名投稿节目口吻讲述“一次发现彼此不合拍”的虚构故事。
d820,成人刺激,大冒险,历史题库,否,v8,用开头、转折、结尾各一句讲完“一次决定慢慢来”。
d821,成人刺激,大冒险,历史题库,否,v8,用“一只酒杯和一只水杯”摆出一个差一点接吻的电影画面，不与真人接触。
d822,成人刺激,大冒险,历史题库,否,v8,让“两把椅子”成为暧昧短剧的两个角色，演十秒。
d823,成人刺激,大冒险,历史题库,否,v8,用“手机和充电器”演出一场关于边界与同意的对话。
d824,成人刺激,大冒险,历史题库,否,v8,把“两只抱枕”布置成一张成人爱情电影海报。
d825,成人刺激,大冒险,历史题库,否,v8,用“一本书和一支笔”摆出一个差一点接吻的电影画面，不与真人接触。
d826,成人刺激,大冒险,历史题库,否,v8,让“外套和围巾”成为暧昧短剧的两个角色，演十秒。
d827,成人刺激,大冒险,历史题库,否,v8,用“钥匙和门卡”演出一场关于边界与同意的对话。
d828,成人刺激,大冒险,历史题库,否,v8,把“耳机和音箱”布置成一张成人爱情电影海报。
d829,成人刺激,大冒险,历史题库,否,v8,用“咖啡杯和甜点盘”摆出一个差一点接吻的电影画面，不与真人接触。
d830,成人刺激,大冒险,历史题库,否,v8,让“雨伞和帽子”成为暧昧短剧的两个角色，演十秒。
d831,成人刺激,大冒险,历史题库,否,v8,用“两张纸牌”演出一场关于边界与同意的对话。
d832,成人刺激,大冒险,历史题库,否,v8,把“镜子和梳子”布置成一张成人爱情电影海报。
d833,成人刺激,大冒险,历史题库,否,v8,用“香水瓶和蜡烛”摆出一个差一点接吻的电影画面，不与真人接触。
d834,成人刺激,大冒险,历史题库,否,v8,让“手表和戒指盒”成为暧昧短剧的两个角色，演十秒。
d835,成人刺激,大冒险,历史题库,否,v8,用“两只玩偶”演出一场关于边界与同意的对话。
d836,成人刺激,大冒险,历史题库,否,v8,把“鞋子和行李箱”布置成一张成人爱情电影海报。
d837,成人刺激,大冒险,历史题库,否,v8,用“遥控器和电视”摆出一个差一点接吻的电影画面，不与真人接触。
d838,成人刺激,大冒险,历史题库,否,v8,让“菜单和账单夹”成为暧昧短剧的两个角色，演十秒。
d839,成人刺激,大冒险,历史题库,否,v8,用“枕头和毯子”演出一场关于边界与同意的对话。
d840,成人刺激,大冒险,历史题库,否,v8,把“两个空纸杯”布置成一张成人爱情电影海报。
d841,成人刺激,大冒险,历史题库,否,v8,完成一段“第一次正式约会”主题的十秒走秀。
d842,成人刺激,大冒险,历史题库,否,v8,为“秘密酒会”设计一套想象中的穿搭并用模特口吻介绍。
d843,成人刺激,大冒险,历史题库,否,v8,做出“酒店大堂夜聊”前、进行中、结束后的三个姿势。
d844,成人刺激,大冒险,历史题库,否,v8,以时尚评论员口吻点评一套适合“城市夜景晚餐”的造型。
d845,成人刺激,大冒险,历史题库,否,v8,完成一段“海边度假”主题的十秒走秀。
d846,成人刺激,大冒险,历史题库,否,v8,为“深夜便利店”设计一套想象中的穿搭并用模特口吻介绍。
d847,成人刺激,大冒险,历史题库,否,v8,做出“私人影院”前、进行中、结束后的三个姿势。
d848,成人刺激,大冒险,历史题库,否,v8,以时尚评论员口吻点评一套适合“周末民宿”的造型。
d849,成人刺激,大冒险,历史题库,否,v8,完成一段“成人主题舞会”主题的十秒走秀。
d850,成人刺激,大冒险,历史题库,否,v8,为“朋友婚礼”设计一套想象中的穿搭并用模特口吻介绍。
d851,成人刺激,大冒险,历史题库,否,v8,做出“职场晚宴”前、进行中、结束后的三个姿势。
d852,成人刺激,大冒险,历史题库,否,v8,以时尚评论员口吻点评一套适合“异地见面”的造型。
d853,成人刺激,大冒险,历史题库,否,v8,完成一段“前任重逢”主题的十秒走秀。
d854,成人刺激,大冒险,历史题库,否,v8,为“浪漫纪念日”设计一套想象中的穿搭并用模特口吻介绍。
d855,成人刺激,大冒险,历史题库,否,v8,做出“临时夜游”前、进行中、结束后的三个姿势。
d856,成人刺激,大冒险,历史题库,否,v8,以时尚评论员口吻点评一套适合“化装派对”的造型。
d857,成人刺激,大冒险,历史题库,否,v8,完成一段“午夜航班”主题的十秒走秀。
d858,成人刺激,大冒险,历史题库,否,v8,为“雨天咖啡馆”设计一套想象中的穿搭并用模特口吻介绍。
d859,成人刺激,大冒险,历史题库,否,v8,做出“屋顶派对”前、进行中、结束后的三个姿势。
d860,成人刺激,大冒险,历史题库,否,v8,以时尚评论员口吻点评一套适合“清晨告别”的造型。
d861,成人刺激,大冒险,历史题库,否,v8,用深夜播客主持人的口吻，给出一条关于“如何说出想要”的建议。
d862,成人刺激,大冒险,历史题库,否,v8,录制一段不会保存的十五秒电台片段，主题是“如何接受拒绝”。
d863,成人刺激,大冒险,历史题库,否,v8,假装接到匿名听众来电，用一句话回答“如何讨论安全措施”。
d864,成人刺激,大冒险,历史题库,否,v8,为“如何保持吸引力”设计一期成人关系播客标题和开场白。
d865,成人刺激,大冒险,历史题库,否,v8,用深夜播客主持人的口吻，给出一条关于“如何处理吃醋”的建议。
d866,成人刺激,大冒险,历史题库,否,v8,录制一段不会保存的十五秒电台片段，主题是“如何结束不合适关系”。
d867,成人刺激,大冒险,历史题库,否,v8,假装接到匿名听众来电，用一句话回答“如何开始成人约会”。
d868,成人刺激,大冒险,历史题库,否,v8,为“如何设定数字隐私”设计一期成人关系播客标题和开场白。
d869,成人刺激,大冒险,历史题库,否,v8,用深夜播客主持人的口吻，给出一条关于“如何和前任做朋友”的建议。
d870,成人刺激,大冒险,历史题库,否,v8,录制一段不会保存的十五秒电台片段，主题是“如何面对一夜情”。
d871,成人刺激,大冒险,历史题库,否,v8,假装接到匿名听众来电，用一句话回答“如何维持异地关系”。
d872,成人刺激,大冒险,历史题库,否,v8,为“如何谈亲密频率”设计一期成人关系播客标题和开场白。
d873,成人刺激,大冒险,历史题库,否,v8,用深夜播客主持人的口吻，给出一条关于“如何处理年龄差”的建议。
d874,成人刺激,大冒险,历史题库,否,v8,录制一段不会保存的十五秒电台片段，主题是“如何恢复关系信任”。
d875,成人刺激,大冒险,历史题库,否,v8,假装接到匿名听众来电，用一句话回答“如何讨论开放关系”。
d876,成人刺激,大冒险,历史题库,否,v8,为“如何保护私密内容”设计一期成人关系播客标题和开场白。
d877,成人刺激,大冒险,历史题库,否,v8,用深夜播客主持人的口吻，给出一条关于“如何进行事后照顾”的建议。
d878,成人刺激,大冒险,历史题库,否,v8,录制一段不会保存的十五秒电台片段，主题是“如何识别控制行为”。
d879,成人刺激,大冒险,历史题库,否,v8,假装接到匿名听众来电，用一句话回答“如何表达身体不自信”。
d880,成人刺激,大冒险,历史题库,否,v8,为“如何让约会更有氛围”设计一期成人关系播客标题和开场白。
d881,成人刺激,大冒险,历史题库,是,v8,选择一位明确自愿的玩家，双方隔着一步距离各说一句“第一次见面”场景对白；不接触。
d882,成人刺激,大冒险,历史题库,是,v8,邀请一位自愿玩家做旁白，你独自演出“约会结束”。
d883,成人刺激,大冒险,历史题库,否,v8,用两个道具代替人物，演出“多年后重逢”场景。
d884,成人刺激,大冒险,历史题库,是,v8,与一位自愿玩家分别扮演导演和演员，完成“双方准备告白”的十秒片段。
d885,成人刺激,大冒险,历史题库,是,v8,选择一位明确自愿的玩家，双方隔着一步距离各说一句“一方提出边界”场景对白；不接触。
d886,成人刺激,大冒险,历史题库,是,v8,邀请一位自愿玩家做旁白，你独自演出“一方改变主意”。
d887,成人刺激,大冒险,历史题库,否,v8,用两个道具代替人物，演出“讨论关系定义”场景。
d888,成人刺激,大冒险,历史题库,是,v8,与一位自愿玩家分别扮演导演和演员，完成“准备异地分别”的十秒片段。
d889,成人刺激,大冒险,历史题库,是,v8,选择一位明确自愿的玩家，双方隔着一步距离各说一句“争吵后修复”场景对白；不接触。
d890,成人刺激,大冒险,历史题库,是,v8,邀请一位自愿玩家做旁白，你独自演出“确认彼此同意”。
d891,成人刺激,大冒险,历史题库,是,v8,用两个道具代替人物，演出“接受对方拒绝”场景。
d892,成人刺激,大冒险,历史题库,是,v8,与一位自愿玩家分别扮演导演和演员，完成“秘密关系被发现”的十秒片段。
d893,成人刺激,大冒险,历史题库,是,v8,选择一位明确自愿的玩家，双方隔着一步距离各说一句“决定公开关系”场景对白；不接触。
d894,成人刺激,大冒险,历史题库,是,v8,邀请一位自愿玩家做旁白，你独自演出“决定暂停关系”。
d895,成人刺激,大冒险,历史题库,否,v8,用两个道具代替人物，演出“计划第一次旅行”场景。
d896,成人刺激,大冒险,历史题库,是,v8,与一位自愿玩家分别扮演导演和演员，完成“讨论是否同居”的十秒片段。
d897,成人刺激,大冒险,历史题库,是,v8,选择一位明确自愿的玩家，双方隔着一步距离各说一句“谈论前任联系”场景对白；不接触。
d898,成人刺激,大冒险,历史题库,是,v8,邀请一位自愿玩家做旁白，你独自演出“讨论数字隐私”。
d899,成人刺激,大冒险,历史题库,否,v8,用两个道具代替人物，演出“设计安全信号”场景。
d900,成人刺激,大冒险,历史题库,是,v8,与一位自愿玩家分别扮演导演和演员，完成“亲密后确认感受”的十秒片段。
v9-d4-1893,成人刺激,大冒险,同意表达,否,v9-expansion,用十秒解释为什么查看手机需要双方明确确认。
v9-d4-1894,成人刺激,大冒险,立场快答,否,v9-expansion,围绕“保留空间”做一次十五秒成年人约会立场陈述。
v9-d4-1895,成人刺激,大冒险,暧昧台词,否,v9-expansion,为虚构角色设计一句旅行邂逅风格的约会邀请。
v9-d4-1896,成人刺激,大冒险,自信展示,否,v9-expansion,用三个词宣传你在城市夜景场景中最有魅力的特点。
v9-d4-1897,成人刺激,大冒险,约会表演,否,v9-expansion,表演十五秒“共同完成高压工作后”的约会场景，不发生身体接触。
v9-d4-1898,成人刺激,大冒险,物品演绎,否,v9-expansion,让纸杯代表“主动”，灯代表“克制”，演示一段十秒对话。
v9-d4-1899,成人刺激,大冒险,情境设计,否,v9-expansion,为虚构情侣的“旅行中的短暂浪漫”安排一个尊重边界的隐私保障。
v9-d4-1900,成人刺激,大冒险,深夜节目,否,v9-expansion,假装你是成人关系节目主持人，用十五秒回答：“怎样定义忠诚？”
v9-d4-1901,成人刺激,大冒险,成人安全挑战,否,v9-expansion,用一句话演示如何在气氛很好时仍然确认对方意愿。
v9-d4-1902,成人刺激,大冒险,互动挑战,是,v9-expansion,请一位自愿玩家与你保持五秒眼神交流，任何一方可随时停止。
v9-d4-1903,成人刺激,大冒险,同意表达,否,v9-expansion,模拟对方拒绝拥抱后，你怎样成熟回应。
v9-d4-1904,成人刺激,大冒险,立场快答,否,v9-expansion,在“共享密码”和“保留隐私”之间选择一个，并用十秒说明理由。
v9-d4-1905,成人刺激,大冒险,暧昧台词,否,v9-expansion,把“今晚很高兴见到你”改成一句成熟克制式台词。
v9-d4-1906,成人刺激,大冒险,自信展示,否,v9-expansion,用三个词宣传你在正式晚宴场景中最有魅力的特点。
v9-d4-1907,成人刺激,大冒险,约会表演,否,v9-expansion,用旁白介绍一场“前任意外重逢”主题的成年人约会。
v9-d4-1908,成人刺激,大冒险,物品演绎,否,v9-expansion,让水瓶代表“主动”，桌面代表“克制”，演示一段十秒对话。
v9-d4-1909,成人刺激,大冒险,情境设计,否,v9-expansion,把身边一个普通物品包装成“决定分手前的最后谈话”约会中的灯光。
v9-d4-1910,成人刺激,大冒险,深夜节目,否,v9-expansion,以匿名听众身份，用一句话咨询“前任还能不能联系”。
v9-d4-1911,成人刺激,大冒险,成人安全挑战,否,v9-expansion,为本场成人模式设计一句“可以随时跳过”的口号。
v9-d4-1912,成人刺激,大冒险,互动挑战,是,v9-expansion,与一位自愿玩家各说一句“理想约会必须有惊喜”，看是否一致。
v9-d4-1913,成人刺激,大冒险,同意表达,否,v9-expansion,演示一次对公开关系说“不”，同时保持尊重和清晰。
v9-d4-1914,成人刺激,大冒险,立场快答,否,v9-expansion,让大家投票决定你支持“提前计划”还是“临时起意”，然后为结果辩护。
v9-d4-1915,成人刺激,大冒险,暧昧台词,否,v9-expansion,用复古爱情片风格说一句不露骨的暧昧开场白。
v9-d4-1916,成人刺激,大冒险,自信展示,否,v9-expansion,摆出一个适合深夜电台封面的自信姿势，保持五秒。
v9-d4-1917,成人刺激,大冒险,约会表演,否,v9-expansion,模拟一次“异地重逢”，结尾必须主动确认对方是否舒适。
v9-d4-1918,成人刺激,大冒险,物品演绎,否,v9-expansion,用纸杯和灯摆出一张成人爱情电影海报。
v9-d4-1919,成人刺激,大冒险,情境设计,否,v9-expansion,在十秒内为“朋友变恋人”挑选最合适的灯光。
v9-d4-1920,成人刺激,大冒险,深夜节目,否,v9-expansion,假装你是成人关系节目主持人，用十五秒回答：“异地怎样维持亲密？”
v9-d4-1921,成人刺激,大冒险,成人安全挑战,否,v9-expansion,用一句话提醒大家不要公开他人的私密答案。
v9-d4-1922,成人刺激,大冒险,互动挑战,是,v9-expansion,选一位自愿玩家，用一句不评价身体的方式称赞对方的穿搭审美。
v9-d4-1923,成人刺激,大冒险,同意表达,否,v9-expansion,用十秒解释为什么牵手需要双方明确确认。
v9-d4-1924,成人刺激,大冒险,立场快答,否,v9-expansion,围绕“立即解决争吵”做一次十五秒成年人约会立场陈述。
v9-d4-1925,成人刺激,大冒险,暧昧台词,否,v9-expansion,为虚构角色设计一句成年人喜剧风格的约会邀请。
v9-d4-1926,成人刺激,大冒险,自信展示,否,v9-expansion,为自己设计一句海边夜晚风格的成人约会个人简介。
v9-d4-1927,成人刺激,大冒险,约会表演,否,v9-expansion,用旁白介绍一场“纪念日惊喜落空”主题的成年人约会。
v9-d4-1928,成人刺激,大冒险,物品演绎,否,v9-expansion,用手机和充电线摆出一张成人爱情电影海报。
v9-d4-1929,成人刺激,大冒险,情境设计,否,v9-expansion,在十秒内为“久别重逢”挑选最合适的灯光。
v9-d4-1930,成人刺激,大冒险,深夜节目,否,v9-expansion,用电台主播语气读出一条关于“如何自然询问同意”的安全提醒。
v9-d4-1931,成人刺激,大冒险,成人安全挑战,否,v9-expansion,演示如何礼貌拒绝一项自己不舒服的成人挑战。
v9-d4-1932,成人刺激,大冒险,互动挑战,是,v9-expansion,选一位自愿玩家，用一句不评价身体的方式称赞对方的自信。
v9-d4-1933,成人刺激,大冒险,同意表达,否,v9-expansion,演示一次对牵手说“不”，同时保持尊重和清晰。
v9-d4-1934,成人刺激,大冒险,立场快答,否,v9-expansion,围绕“直接约会”做一次十五秒成年人约会立场陈述。
v9-d4-1935,成人刺激,大冒险,暧昧台词,否,v9-expansion,用电影旁白语气说一句“我想再了解你一点”。
v9-d4-1936,成人刺激,大冒险,自信展示,否,v9-expansion,为自己设计一句城市夜景风格的成人约会个人简介。
v9-d4-1937,成人刺激,大冒险,约会表演,否,v9-expansion,用旁白介绍一场“成年人舞会初见”主题的成年人约会。
v9-d4-1938,成人刺激,大冒险,物品演绎,否,v9-expansion,用手机和镜子摆出一张成人爱情电影海报。
v9-d4-1939,成人刺激,大冒险,情境设计,否,v9-expansion,为虚构情侣的“久别重逢”安排一个尊重边界的隐私保障。
v9-d4-1940,成人刺激,大冒险,深夜节目,否,v9-expansion,以匿名听众身份，用一句话咨询“如何自然询问同意”。
v9-d4-1941,成人刺激,大冒险,成人安全挑战,否,v9-expansion,说出三条你认为成年人亲密互动中必须遵守的原则。
v9-d4-1942,成人刺激,大冒险,互动挑战,是,v9-expansion,请一位自愿玩家和你完成十秒“初次约会结束”无接触对话。
v9-d4-1943,成人刺激,大冒险,同意表达,否,v9-expansion,演示一次对讨论过去经历说“不”，同时保持尊重和清晰。
v9-d4-1944,成人刺激,大冒险,立场快答,否,v9-expansion,围绕“主动告白”做一次十五秒成年人约会立场陈述。
v9-d4-1945,成人刺激,大冒险,暧昧台词,否,v9-expansion,用神秘悬疑语气说一句“我想再了解你一点”。
v9-d4-1946,成人刺激,大冒险,自信展示,否,v9-expansion,完成十秒成年人爱情电影海报主题走秀，不要求任何身体接触。
v9-d4-1947,成人刺激,大冒险,约会表演,否,v9-expansion,表演十五秒“约会后送对方回家”的约会场景，不发生身体接触。
v9-d4-1948,成人刺激,大冒险,物品演绎,否,v9-expansion,让抱枕代表“主动”，鞋子代表“克制”，演示一段十秒对话。
v9-d4-1949,成人刺激,大冒险,情境设计,否,v9-expansion,为虚构情侣的“久别重逢”安排一个尊重边界的结束方式。
v9-d4-1950,成人刺激,大冒险,深夜节目,否,v9-expansion,假装你是成人关系节目主持人，用十五秒回答：“怎么拒绝又不伤人？”
v9-d4-1951,成人刺激,大冒险,成人安全挑战,否,v9-expansion,说出三个任何玩家都可以立即暂停任务的信号。
v9-d4-1952,成人刺激,大冒险,互动挑战,是,v9-expansion,请一位自愿玩家与你保持七秒眼神交流，任何一方可随时停止。
v9-d4-1953,成人刺激,大冒险,同意表达,否,v9-expansion,演示一次对饮酒后的靠近说“不”，同时保持尊重和清晰。
v9-d4-1954,成人刺激,大冒险,立场快答,否,v9-expansion,用一句话回答：“长期承诺是否比当下快乐更重要？”
v9-d4-1955,成人刺激,大冒险,暧昧台词,否,v9-expansion,把“今晚很高兴见到你”改成一句职场精英式台词。
v9-d4-1956,成人刺激,大冒险,自信展示,否,v9-expansion,摆出一个适合纪念日的自信姿势，保持五秒。
v9-d4-1957,成人刺激,大冒险,约会表演,否,v9-expansion,用旁白介绍一场“暧昧关系摊牌”主题的成年人约会。
v9-d4-1958,成人刺激,大冒险,物品演绎,否,v9-expansion,把书包装成一件约会礼物，用一句暧昧但不露骨的广告语介绍。
v9-d4-1959,成人刺激,大冒险,情境设计,否,v9-expansion,为一场“秘密关系摊牌”约会设计手机规则，并用一句话说明理由。
v9-d4-1960,成人刺激,大冒险,深夜节目,否,v9-expansion,用电台主播语气读出一条关于“如何保护私密内容”的安全提醒。
v9-d4-1961,成人刺激,大冒险,成人安全挑战,否,v9-expansion,用十秒解释为什么沉默不等于同意。
v9-d4-1962,成人刺激,大冒险,互动挑战,是,v9-expansion,选一位自愿玩家，用一句不评价身体的方式称赞对方的气质。
v9-d4-1963,成人刺激,大冒险,同意表达,否,v9-expansion,模拟对方拒绝交换定位后，你怎样成熟回应。
v9-d4-1964,成人刺激,大冒险,立场快答,否,v9-expansion,用一句话回答：“异地坚持是否比及时结束更重要？”
v9-d4-1965,成人刺激,大冒险,暧昧台词,否,v9-expansion,用久别重逢风格说一句不露骨的暧昧开场白。
v9-d4-1966,成人刺激,大冒险,自信展示,否,v9-expansion,摆出一个适合约会软件头像的自信姿势，保持五秒。
v9-d4-1967,成人刺激,大冒险,约会表演,否,v9-expansion,表演十五秒“异地重逢”的约会场景，不发生身体接触。
v9-d4-1968,成人刺激,大冒险,物品演绎,否,v9-expansion,把耳机包装成一件约会礼物，用一句暧昧但不露骨的广告语介绍。
v9-d4-1969,成人刺激,大冒险,情境设计,否,v9-expansion,把身边一个普通物品包装成“决定分手前的最后谈话”约会中的座位距离。
v9-d4-1970,成人刺激,大冒险,深夜节目,否,v9-expansion,以匿名听众身份，用一句话咨询“怎样处理吃醋”。
v9-d4-1971,成人刺激,大冒险,成人安全挑战,否,v9-expansion,说出一种不使用身体接触也能制造暧昧氛围的方法。
v9-d4-1972,成人刺激,大冒险,互动挑战,是,v9-expansion,与一位自愿玩家各说一句“理想约会必须有好吃的东西”，看是否一致。
v9-d4-1973,成人刺激,大冒险,同意表达,否,v9-expansion,演示一次对一起过夜说“不”，同时保持尊重和清晰。
v9-d4-1974,成人刺激,大冒险,立场快答,否,v9-expansion,围绕“完全坦白”做一次十五秒成年人约会立场陈述。
v9-d4-1975,成人刺激,大冒险,暧昧台词,否,v9-expansion,用深夜电台语气说一句“我想再了解你一点”。
v9-d4-1976,成人刺激,大冒险,自信展示,否,v9-expansion,摆出一个适合海边夜晚的自信姿势，保持五秒。
v9-d4-1977,成人刺激,大冒险,约会表演,否,v9-expansion,表演十五秒“暧昧关系摊牌”的约会场景，不发生身体接触。
v9-d4-1978,成人刺激,大冒险,物品演绎,否,v9-expansion,用纸杯和另一只抱枕摆出一张成人爱情电影海报。
v9-d4-1979,成人刺激,大冒险,情境设计,否,v9-expansion,为虚构情侣的“关系修复”安排一个尊重边界的穿搭主题。
v9-d4-1980,成人刺激,大冒险,深夜节目,否,v9-expansion,为一期关于“怎样处理吃醋”的深夜播客设计标题和开场白。
v9-d4-1981,成人刺激,大冒险,互动挑战,是,v9-expansion,请一位自愿玩家与你保持三秒眼神交流，任何一方可随时停止。
v9-d4-1982,成人刺激,大冒险,同意表达,否,v9-expansion,演示一次对角色扮演说“不”，同时保持尊重和清晰。
v9-d4-1983,成人刺激,大冒险,立场快答,否,v9-expansion,在“慢热”和“迅速升温”之间选择一个，并用十秒说明理由。
v9-d4-1984,成人刺激,大冒险,暧昧台词,否,v9-expansion,把“今晚很高兴见到你”改成一句嘴硬心软式台词。
v9-d4-1985,成人刺激,大冒险,自信展示,否,v9-expansion,为自己设计一句正式晚宴风格的成人约会个人简介。
v9-d4-1986,成人刺激,大冒险,约会表演,否,v9-expansion,表演十五秒“酒店大堂偶遇”的约会场景，不发生身体接触。
v9-d4-1987,成人刺激,大冒险,物品演绎,否,v9-expansion,用手机和鞋子摆出一张成人爱情电影海报。
v9-d4-1988,成人刺激,大冒险,情境设计,否,v9-expansion,在十秒内为“关系修复”挑选最合适的灯光。
v9-d4-1989,成人刺激,大冒险,深夜节目,否,v9-expansion,为一期关于“如何保持长期吸引力”的深夜播客设计标题和开场白。
v9-d4-1990,成人刺激,大冒险,互动挑战,是,v9-expansion,请一位自愿玩家和你完成十秒“成年人舞会初见”无接触对话。
v9-d4-1991,成人刺激,大冒险,同意表达,否,v9-expansion,模拟对方拒绝使用情侣昵称后，你怎样成熟回应。
v9-d4-1992,成人刺激,大冒险,立场快答,否,v9-expansion,围绕“及时结束”做一次十五秒成年人约会立场陈述。
v9-d4-1993,成人刺激,大冒险,暧昧台词,否,v9-expansion,用热烈直接语气说一句“我想再了解你一点”。
v9-d4-1994,成人刺激,大冒险,自信展示,否,v9-expansion,摆出一个适合复古酒吧的自信姿势，保持五秒。
v9-d4-1995,成人刺激,大冒险,约会表演,否,v9-expansion,用旁白介绍一场“决定结束暧昧前最后一次见面”主题的成年人约会。
v9-d4-1996,成人刺激,大冒险,物品演绎,否,v9-expansion,用餐巾纸和笔摆出一张成人爱情电影海报。
v9-d4-1997,成人刺激,大冒险,情境设计,否,v9-expansion,为虚构情侣的“异地见面”安排一个尊重边界的结束方式。
v9-d4-1998,成人刺激,大冒险,深夜节目,否,v9-expansion,为一期关于“如何自然询问同意”的深夜播客设计标题和开场白。
v9-d4-1999,成人刺激,大冒险,互动挑战,是,v9-expansion,与一位自愿玩家各说一句“理想约会必须有个人空间”，看是否一致。
v9-d4-2000,成人刺激,大冒险,同意表达,否,v9-expansion,用一句自然的话演示：在拥抱之前如何询问同意。
v9-d4-2001,成人刺激,大冒险,立场快答,否,v9-expansion,让大家投票决定你支持“家中约会”还是“外出约会”，然后为结果辩护。
v9-d4-2002,成人刺激,大冒险,暧昧台词,否,v9-expansion,用旅行邂逅语气说一句“我想再了解你一点”。
v9-d4-2003,成人刺激,大冒险,自信展示,否,v9-expansion,用三个词宣传你在海边夜晚场景中最有魅力的特点。
v9-d4-2004,成人刺激,大冒险,约会表演,否,v9-expansion,模拟一次“雨夜共享一把伞”，结尾必须主动确认对方是否舒适。
v9-d4-2005,成人刺激,大冒险,物品演绎,否,v9-expansion,让钥匙代表“主动”，镜子代表“克制”，演示一段十秒对话。
v9-d4-2006,成人刺激,大冒险,情境设计,否,v9-expansion,在十秒内为“朋友变恋人”挑选最合适的穿搭主题。
v9-d4-2007,成人刺激,大冒险,深夜节目,否,v9-expansion,为一期关于“成年人约会如何避免误会”的深夜播客设计标题和开场白。
v9-d4-2008,成人刺激,大冒险,互动挑战,是,v9-expansion,选一位自愿玩家，用一句不评价身体的方式称赞对方的声音。
v9-d4-2009,成人刺激,大冒险,同意表达,否,v9-expansion,用十秒解释为什么接吻需要双方明确确认。
v9-d4-2010,成人刺激,大冒险,立场快答,否,v9-expansion,在“立即解决争吵”和“先冷静”之间选择一个，并用十秒说明理由。
v9-d4-2011,成人刺激,大冒险,暧昧台词,否,v9-expansion,把“今晚很高兴见到你”改成一句电影旁白式台词。
v9-d4-2012,成人刺激,大冒险,自信展示,否,v9-expansion,完成十秒深夜电台封面主题走秀，不要求任何身体接触。
v9-d4-2013,成人刺激,大冒险,约会表演,否,v9-expansion,用旁白介绍一场“旅行中短暂心动”主题的成年人约会。
v9-d4-2014,成人刺激,大冒险,物品演绎,否,v9-expansion,让手机代表“主动”，镜子代表“克制”，演示一段十秒对话。
v9-d4-2015,成人刺激,大冒险,情境设计,否,v9-expansion,为一场“成年人第一次约会”约会设计灯光，并用一句话说明理由。
v9-d4-2016,成人刺激,大冒险,深夜节目,否,v9-expansion,假装你是成人关系节目主持人，用十五秒回答：“怎样讨论亲密频率？”
v9-d4-2017,成人刺激,大冒险,互动挑战,是,v9-expansion,请一位自愿玩家和你完成十秒“双方都在试探”无接触对话。
v9-d4-2018,成人刺激,大冒险,同意表达,否,v9-expansion,用十秒解释为什么交换定位需要双方明确确认。
v9-d4-2019,成人刺激,大冒险,立场快答,否,v9-expansion,围绕“浪漫仪式”做一次十五秒成年人约会立场陈述。
v9-d4-2020,成人刺激,大冒险,暧昧台词,否,v9-expansion,用优雅绅士风格说一句不露骨的暧昧开场白。
v9-d4-2021,成人刺激,大冒险,自信展示,否,v9-expansion,完成十秒城市夜景主题走秀，不要求任何身体接触。
v9-d4-2022,成人刺激,大冒险,约会表演,否,v9-expansion,用旁白介绍一场“雨夜共享一把伞”主题的成年人约会。
v9-d4-2023,成人刺激,大冒险,物品演绎,否,v9-expansion,让手机代表“主动”，灯代表“克制”，演示一段十秒对话。
v9-d4-2024,成人刺激,大冒险,情境设计,否,v9-expansion,在十秒内为“旅行中的短暂浪漫”挑选最合适的回家安排。
v9-d4-2025,成人刺激,大冒险,深夜节目,否,v9-expansion,为一期关于“如何保护私密内容”的深夜播客设计标题和开场白。
v9-d4-2026,成人刺激,大冒险,互动挑战,是,v9-expansion,与一位自愿玩家各说一句“理想约会必须有明确边界”，看是否一致。
v9-d4-2027,成人刺激,大冒险,同意表达,否,v9-expansion,用一句自然的话演示：在查看手机之前如何询问同意。
v9-d4-2028,成人刺激,大冒险,立场快答,否,v9-expansion,用一句话回答：“共同社交圈是否比各自朋友圈更重要？”
v9-d4-2029,成人刺激,大冒险,暧昧台词,否,v9-expansion,为虚构角色设计一句神秘悬疑风格的约会邀请。
v9-d4-2030,成人刺激,大冒险,自信展示,否,v9-expansion,完成十秒私人影院主题走秀，不要求任何身体接触。
v9-d4-2031,成人刺激,大冒险,约会表演,否,v9-expansion,用旁白介绍一场“约会后送对方回家”主题的成年人约会。
v9-d4-2032,成人刺激,大冒险,物品演绎,否,v9-expansion,用书和鞋子摆出一张成人爱情电影海报。
v9-d4-2033,成人刺激,大冒险,情境设计,否,v9-expansion,为虚构情侣的“久别重逢”安排一个尊重边界的开场对白。
v9-d4-2034,成人刺激,大冒险,深夜节目,否,v9-expansion,用电台主播语气读出一条关于“什么时候适合确认关系”的安全提醒。
v9-d4-2035,成人刺激,大冒险,互动挑战,是,v9-expansion,选一位自愿玩家，用一句不评价身体的方式称赞对方的行动力。
v9-d4-2036,成人刺激,大冒险,同意表达,否,v9-expansion,模拟对方拒绝饮酒后的靠近后，你怎样成熟回应。
v9-d4-2037,成人刺激,大冒险,立场快答,否,v9-expansion,让大家投票决定你支持“经常报备”还是“保持独立”，然后为结果辩护。
v9-d4-2038,成人刺激,大冒险,暧昧台词,否,v9-expansion,用成熟克制语气说一句“我想再了解你一点”。
v9-d4-2039,成人刺激,大冒险,自信展示,否,v9-expansion,用三个词宣传你在复古酒吧场景中最有魅力的特点。
v9-d4-2040,成人刺激,大冒险,约会表演,否,v9-expansion,把“约会后送对方回家”演成一段十秒成人爱情电影预告。
v9-d4-2041,成人刺激,大冒险,物品演绎,否,v9-expansion,让外套代表“主动”，笔代表“克制”，演示一段十秒对话。
v9-d4-2042,成人刺激,大冒险,情境设计,否,v9-expansion,把身边一个普通物品包装成“成年人第一次约会”约会中的无酒精饮品。
v9-d4-2043,成人刺激,大冒险,深夜节目,否,v9-expansion,以匿名听众身份，用一句话咨询“怎么拒绝又不伤人”。
v9-d4-2044,成人刺激,大冒险,互动挑战,是,v9-expansion,请一位自愿玩家和你完成十秒“误会后的和解”无接触对话。
v9-d4-2045,成人刺激,大冒险,同意表达,否,v9-expansion,用十秒解释为什么角色扮演需要双方明确确认。
v9-d4-2046,成人刺激,大冒险,立场快答,否,v9-expansion,围绕“共享密码”做一次十五秒成年人约会立场陈述。
v9-d4-2047,成人刺激,大冒险,暧昧台词,否,v9-expansion,用热烈直接风格说一句不露骨的暧昧开场白。
v9-d4-2048,成人刺激,大冒险,自信展示,否,v9-expansion,用三个词宣传你在深夜电台封面场景中最有魅力的特点。
v9-d4-2049,成人刺激,大冒险,约会表演,否,v9-expansion,把“共同完成高压工作后”演成一段十秒成人爱情电影预告。
v9-d4-2050,成人刺激,大冒险,物品演绎,否,v9-expansion,让纸杯代表“主动”，充电线代表“克制”，演示一段十秒对话。
v9-d4-2051,成人刺激,大冒险,情境设计,否,v9-expansion,为虚构情侣的“重新开始约会”安排一个尊重边界的穿搭主题。
v9-d4-2052,成人刺激,大冒险,深夜节目,否,v9-expansion,用电台主播语气读出一条关于“怎样讨论亲密频率”的安全提醒。
v9-d4-2053,成人刺激,大冒险,互动挑战,是,v9-expansion,请一位自愿玩家与你保持十秒眼神交流，任何一方可随时停止。
v9-d4-2054,成人刺激,大冒险,同意表达,否,v9-expansion,用一句自然的话演示：在交换定位之前如何询问同意。
v9-d4-2055,成人刺激,大冒险,立场快答,否,v9-expansion,用一句话回答：“主动告白是否比长期暧昧更重要？”
v9-d4-2056,成人刺激,大冒险,暧昧台词,否,v9-expansion,用成年人喜剧语气说一句“我想再了解你一点”。
v9-d4-2057,成人刺激,大冒险,自信展示,否,v9-expansion,完成十秒复古酒吧主题走秀，不要求任何身体接触。
v9-d4-2058,成人刺激,大冒险,约会表演,否,v9-expansion,模拟一次“共同完成高压工作后”，结尾必须主动确认对方是否舒适。
v9-d4-2059,成人刺激,大冒险,物品演绎,否,v9-expansion,用水瓶和桌面摆出一张成人爱情电影海报。
v9-d4-2060,成人刺激,大冒险,情境设计,否,v9-expansion,在十秒内为“关系修复”挑选最合适的隐私保障。
v9-d4-2061,成人刺激,大冒险,深夜节目,否,v9-expansion,以匿名听众身份，用一句话咨询“异地怎样维持亲密”。
v9-d4-2062,成人刺激,大冒险,互动挑战,是,v9-expansion,请一位自愿玩家和你完成十秒“异地重逢”无接触对话。
v9-d4-2063,成人刺激,大冒险,同意表达,否,v9-expansion,演示一次对接吻说“不”，同时保持尊重和清晰。
v9-d4-2064,成人刺激,大冒险,立场快答,否,v9-expansion,在“家中约会”和“外出约会”之间选择一个，并用十秒说明理由。
v9-d4-2065,成人刺激,大冒险,暧昧台词,否,v9-expansion,用嘴硬心软语气说一句“我想再了解你一点”。
v9-d4-2066,成人刺激,大冒险,自信展示,否,v9-expansion,摆出一个适合周末度假的自信姿势，保持五秒。
v9-d4-2067,成人刺激,大冒险,约会表演,否,v9-expansion,把“深夜散步告别”演成一段十秒成人爱情电影预告。
v9-d4-2068,成人刺激,大冒险,物品演绎,否,v9-expansion,让纸杯代表“主动”，椅子代表“克制”，演示一段十秒对话。
v9-d4-2069,成人刺激,大冒险,情境设计,否,v9-expansion,为一场“成年人第一次约会”约会设计回家安排，并用一句话说明理由。
v9-d4-2070,成人刺激,大冒险,深夜节目,否,v9-expansion,为一期关于“如何谈安全措施”的深夜播客设计标题和开场白。
v9-d4-2071,成人刺激,大冒险,互动挑战,是,v9-expansion,选一位自愿玩家，用一句不评价身体的方式称赞对方的边界感。
v9-d4-2072,成人刺激,大冒险,同意表达,否,v9-expansion,用一句自然的话演示：在角色扮演之前如何询问同意。
v9-d4-2073,成人刺激,大冒险,立场快答,否,v9-expansion,让大家投票决定你支持“主动告白”还是“长期暧昧”，然后为结果辩护。
v9-d4-2074,成人刺激,大冒险,暧昧台词,否,v9-expansion,把“今晚很高兴见到你”改成一句热烈直接式台词。
v9-d4-2075,成人刺激,大冒险,自信展示,否,v9-expansion,用三个词宣传你在周末度假场景中最有魅力的特点。
v9-d4-2076,成人刺激,大冒险,约会表演,否,v9-expansion,把“前任意外重逢”演成一段十秒成人爱情电影预告。
v9-d4-2077,成人刺激,大冒险,物品演绎,否,v9-expansion,用纸杯和笔摆出一张成人爱情电影海报。
v9-d4-2078,成人刺激,大冒险,情境设计,否,v9-expansion,为一场“重新开始约会”约会设计结束方式，并用一句话说明理由。
v9-d4-2079,成人刺激,大冒险,深夜节目,否,v9-expansion,为一期关于“怎样讨论亲密频率”的深夜播客设计标题和开场白。
v9-d4-2080,成人刺激,大冒险,互动挑战,是,v9-expansion,与一位自愿玩家各说一句“理想约会必须有安全感”，看是否一致。
v9-d4-2081,成人刺激,大冒险,同意表达,否,v9-expansion,模拟对方拒绝拍摄私人照片后，你怎样成熟回应。
v9-d4-2082,成人刺激,大冒险,立场快答,否,v9-expansion,围绕“先做朋友”做一次十五秒成年人约会立场陈述。
v9-d4-2083,成人刺激,大冒险,暧昧台词,否,v9-expansion,用职场精英语气说一句“我想再了解你一点”。
v9-d4-2084,成人刺激,大冒险,自信展示,否,v9-expansion,完成十秒海边夜晚主题走秀，不要求任何身体接触。
v9-d4-2085,成人刺激,大冒险,约会表演,否,v9-expansion,用旁白介绍一场“第一次单独喝咖啡”主题的成年人约会。
v9-d4-2086,成人刺激,大冒险,物品演绎,否,v9-expansion,把餐巾纸包装成一件约会礼物，用一句暧昧但不露骨的广告语介绍。
v9-d4-2087,成人刺激,大冒险,情境设计,否,v9-expansion,为虚构情侣的“成年人第一次约会”安排一个尊重边界的隐私保障。
v9-d4-2088,成人刺激,大冒险,深夜节目,否,v9-expansion,假装你是成人关系节目主持人，用十五秒回答：“如何保持长期吸引力？”
v9-d4-2089,成人刺激,大冒险,互动挑战,是,v9-expansion,选一位自愿玩家，用一句不评价身体的方式称赞对方的幽默感。
v9-d4-2090,成人刺激,大冒险,同意表达,否,v9-expansion,用一句自然的话演示：在一起过夜之前如何询问同意。
v9-d4-2091,成人刺激,大冒险,立场快答,否,v9-expansion,在“提前计划”和“临时起意”之间选择一个，并用十秒说明理由。
v9-d4-2092,成人刺激,大冒险,暧昧台词,否,v9-expansion,用嘴硬心软风格说一句不露骨的暧昧开场白。
v9-d4-2093,成人刺激,大冒险,自信展示,否,v9-expansion,为自己设计一句周末度假风格的成人约会个人简介。
v9-d4-2094,成人刺激,大冒险,约会表演,否,v9-expansion,把“正式晚餐后续摊”演成一段十秒成人爱情电影预告。
v9-d4-2095,成人刺激,大冒险,物品演绎,否,v9-expansion,让书代表“主动”，纸盒代表“克制”，演示一段十秒对话。
v9-d4-2096,成人刺激,大冒险,情境设计,否,v9-expansion,为一场“久别重逢”约会设计手机规则，并用一句话说明理由。
v9-d4-2097,成人刺激,大冒险,深夜节目,否,v9-expansion,假装你是成人关系节目主持人，用十五秒回答：“如何自然询问同意？”
v9-d4-2098,成人刺激,大冒险,互动挑战,是,v9-expansion,选一位自愿玩家，用一句不评价身体的方式称赞对方的专注力。
v9-d4-2099,成人刺激,大冒险,同意表达,否,v9-expansion,演示一次对拍合照说“不”，同时保持尊重和清晰。
v9-d4-2100,成人刺激,大冒险,立场快答,否,v9-expansion,在“先做朋友”和“直接约会”之间选择一个，并用十秒说明理由。
v9-d4-2101,成人刺激,大冒险,暧昧台词,否,v9-expansion,用职场精英风格说一句不露骨的暧昧开场白。
v9-d4-2102,成人刺激,大冒险,自信展示,否,v9-expansion,用三个词宣传你在纪念日场景中最有魅力的特点。
v9-d4-2103,成人刺激,大冒险,约会表演,否,v9-expansion,表演十五秒“第一次单独喝咖啡”的约会场景，不发生身体接触。
v9-d4-2104,成人刺激,大冒险,物品演绎,否,v9-expansion,让钥匙代表“主动”，灯代表“克制”，演示一段十秒对话。
v9-d4-2105,成人刺激,大冒险,情境设计,否,v9-expansion,为一场“重新开始约会”约会设计背景音乐，并用一句话说明理由。
v9-d4-2106,成人刺激,大冒险,深夜节目,否,v9-expansion,以匿名听众身份，用一句话咨询“怎样面对身体不自信”。
v9-d4-2107,成人刺激,大冒险,互动挑战,是,v9-expansion,选一位自愿玩家，用一句不评价身体的方式称赞对方的成熟感。
v9-d4-2108,成人刺激,大冒险,同意表达,否,v9-expansion,模拟对方拒绝拍合照后，你怎样成熟回应。
v9-d4-2109,成人刺激,大冒险,立场快答,否,v9-expansion,用一句话回答：“立即解决争吵是否比先冷静更重要？”
v9-d4-2110,成人刺激,大冒险,暧昧台词,否,v9-expansion,用成熟克制风格说一句不露骨的暧昧开场白。
v9-d4-2111,成人刺激,大冒险,自信展示,否,v9-expansion,为自己设计一句私人影院风格的成人约会个人简介。
v9-d4-2112,成人刺激,大冒险,约会表演,否,v9-expansion,用旁白介绍一场“正式晚餐后续摊”主题的成年人约会。
v9-d4-2113,成人刺激,大冒险,物品演绎,否,v9-expansion,让书代表“主动”，椅子代表“克制”，演示一段十秒对话。
v9-d4-2114,成人刺激,大冒险,情境设计,否,v9-expansion,为一场“秘密关系摊牌”约会设计穿搭主题，并用一句话说明理由。
v9-d4-2115,成人刺激,大冒险,深夜节目,否,v9-expansion,以匿名听众身份，用一句话咨询“怎样讨论亲密频率”。
v9-d4-2116,成人刺激,大冒险,互动挑战,是,v9-expansion,与一位自愿玩家各说一句“理想约会必须有音乐”，看是否一致。
v9-d4-2117,成人刺激,大冒险,同意表达,否,v9-expansion,用十秒解释为什么讨论过去经历需要双方明确确认。
v9-d4-2118,成人刺激,大冒险,立场快答,否,v9-expansion,围绕“刺激”做一次十五秒成年人约会立场陈述。
v9-d4-2119,成人刺激,大冒险,暧昧台词,否,v9-expansion,把“今晚很高兴见到你”改成一句旅行邂逅式台词。
v9-d4-2120,成人刺激,大冒险,自信展示,否,v9-expansion,完成十秒正式晚宴主题走秀，不要求任何身体接触。
v9-d4-2121,成人刺激,大冒险,约会表演,否,v9-expansion,模拟一次“暧昧关系摊牌”，结尾必须主动确认对方是否舒适。
v9-d4-2122,成人刺激,大冒险,物品演绎,否,v9-expansion,让帽子代表“主动”，纸盒代表“克制”，演示一段十秒对话。
v9-d4-2123,成人刺激,大冒险,情境设计,否,v9-expansion,把身边一个普通物品包装成“纪念日”约会中的无酒精饮品。
v9-d4-2124,成人刺激,大冒险,深夜节目,否,v9-expansion,假装你是成人关系节目主持人，用十五秒回答：“怎样面对身体不自信？”
v9-d4-2125,成人刺激,大冒险,互动挑战,是,v9-expansion,请一位自愿玩家和你完成十秒“秘密即将揭晓”无接触对话。
v9-d4-2126,成人刺激,大冒险,同意表达,否,v9-expansion,用十秒解释为什么一起过夜需要双方明确确认。
v9-d4-2127,成人刺激,大冒险,立场快答,否,v9-expansion,围绕“慢热”做一次十五秒成年人约会立场陈述。
v9-d4-2128,成人刺激,大冒险,暧昧台词,否,v9-expansion,为虚构角色设计一句成熟克制风格的约会邀请。
v9-d4-2129,成人刺激,大冒险,自信展示,否,v9-expansion,完成十秒纪念日主题走秀，不要求任何身体接触。
v9-d4-2130,成人刺激,大冒险,约会表演,否,v9-expansion,表演十五秒“前任意外重逢”的约会场景，不发生身体接触。
v9-d4-2131,成人刺激,大冒险,物品演绎,否,v9-expansion,用抱枕和镜子摆出一张成人爱情电影海报。
v9-d4-2132,成人刺激,大冒险,情境设计,否,v9-expansion,在十秒内为“关系修复”挑选最合适的穿搭主题。
v9-d4-2133,成人刺激,大冒险,深夜节目,否,v9-expansion,用电台主播语气读出一条关于“如何表达需要个人空间”的安全提醒。
v9-d4-2134,成人刺激,大冒险,互动挑战,是,v9-expansion,选一位自愿玩家，用一句不评价身体的方式称赞对方的表达方式。
v9-d4-2135,成人刺激,大冒险,同意表达,否,v9-expansion,用一句自然的话演示：在拍摄私人照片之前如何询问同意。
v9-d4-2136,成人刺激,大冒险,立场快答,否,v9-expansion,让大家投票决定你支持“完全坦白”还是“保留空间”，然后为结果辩护。
v9-d4-2137,成人刺激,大冒险,暧昧台词,否,v9-expansion,用旅行邂逅风格说一句不露骨的暧昧开场白。
v9-d4-2138,成人刺激,大冒险,自信展示,否,v9-expansion,用三个词宣传你在私人影院场景中最有魅力的特点。
v9-d4-2139,成人刺激,大冒险,约会表演,否,v9-expansion,模拟一次“朋友突然告白”，结尾必须主动确认对方是否舒适。
v9-d4-2140,成人刺激,大冒险,物品演绎,否,v9-expansion,让纸杯代表“主动”，行李箱代表“克制”，演示一段十秒对话。
v9-d4-2141,成人刺激,大冒险,情境设计,否,v9-expansion,把身边一个普通物品包装成“异地见面”约会中的开场对白。
v9-d4-2142,成人刺激,大冒险,深夜节目,否,v9-expansion,为一期关于“怎样面对身体不自信”的深夜播客设计标题和开场白。
v9-d4-2143,成人刺激,大冒险,互动挑战,是,v9-expansion,请一位自愿玩家和你完成十秒“决定保持距离”无接触对话。
v9-d4-2144,成人刺激,大冒险,同意表达,否,v9-expansion,用一句自然的话演示：在牵手之前如何询问同意。
v9-d4-2145,成人刺激,大冒险,立场快答,否,v9-expansion,在“共同社交圈”和“各自朋友圈”之间选择一个，并用十秒说明理由。
v9-d4-2146,成人刺激,大冒险,暧昧台词,否,v9-expansion,把“今晚很高兴见到你”改成一句久别重逢式台词。
v9-d4-2147,成人刺激,大冒险,自信展示,否,v9-expansion,为自己设计一句深夜电台封面风格的成人约会个人简介。
v9-d4-2148,成人刺激,大冒险,约会表演,否,v9-expansion,模拟一次“前任意外重逢”，结尾必须主动确认对方是否舒适。
v9-d4-2149,成人刺激,大冒险,物品演绎,否,v9-expansion,用抱枕和纸盒摆出一张成人爱情电影海报。
v9-d4-2150,成人刺激,大冒险,情境设计,否,v9-expansion,把身边一个普通物品包装成“久别重逢”约会中的灯光。
v9-d4-2151,成人刺激,大冒险,深夜节目,否,v9-expansion,用电台主播语气读出一条关于“怎么拒绝又不伤人”的安全提醒。
v9-d4-2152,成人刺激,大冒险,互动挑战,是,v9-expansion,与一位自愿玩家各说一句“理想约会必须有回家报平安”，看是否一致。
v9-d4-2153,成人刺激,大冒险,同意表达,否,v9-expansion,用十秒解释为什么拥抱需要双方明确确认。
v9-d4-2154,成人刺激,大冒险,立场快答,否,v9-expansion,围绕“共同社交圈”做一次十五秒成年人约会立场陈述。
v9-d4-2155,成人刺激,大冒险,暧昧台词,否,v9-expansion,用深夜电台风格说一句不露骨的暧昧开场白。
v9-d4-2156,成人刺激,大冒险,自信展示,否,v9-expansion,为自己设计一句复古酒吧风格的成人约会个人简介。
v9-d4-2157,成人刺激,大冒险,约会表演,否,v9-expansion,模拟一次“久别后重新认识”，结尾必须主动确认对方是否舒适。
v9-d4-2158,成人刺激,大冒险,物品演绎,否,v9-expansion,用外套和纸盒摆出一张成人爱情电影海报。
v9-d4-2159,成人刺激,大冒险,情境设计,否,v9-expansion,在十秒内为“异地见面”挑选最合适的灯光。
v9-d4-2160,成人刺激,大冒险,深夜节目,否,v9-expansion,假装你是成人关系节目主持人，用十五秒回答：“如何表达需要个人空间？”
v9-d4-2161,成人刺激,大冒险,互动挑战,是,v9-expansion,请一位自愿玩家和你完成十秒“暧昧即将确认”无接触对话。
v9-d4-2162,成人刺激,大冒险,同意表达,否,v9-expansion,用十秒解释为什么公开关系需要双方明确确认。
v9-d4-2163,成人刺激,大冒险,立场快答,否,v9-expansion,用一句话回答：“经常报备是否比保持独立更重要？”
v9-d4-2164,成人刺激,大冒险,暧昧台词,否,v9-expansion,用久别重逢语气说一句“我想再了解你一点”。
v9-d4-2165,成人刺激,大冒险,自信展示,否,v9-expansion,摆出一个适合成年人爱情电影海报的自信姿势，保持五秒。
v9-d4-2166,成人刺激,大冒险,约会表演,否,v9-expansion,用旁白介绍一场“深夜散步告别”主题的成年人约会。
v9-d4-2167,成人刺激,大冒险,物品演绎,否,v9-expansion,让帽子代表“主动”，另一只抱枕代表“克制”，演示一段十秒对话。
v9-d4-2168,成人刺激,大冒险,情境设计,否,v9-expansion,为虚构情侣的“纪念日”安排一个尊重边界的座位距离。
v9-d4-2169,成人刺激,大冒险,深夜节目,否,v9-expansion,以匿名听众身份，用一句话咨询“什么时候适合确认关系”。
v9-d4-2170,成人刺激,大冒险,互动挑战,是,v9-expansion,与一位自愿玩家各说一句“理想约会必须有手机静音”，看是否一致。
v9-d4-2171,成人刺激,大冒险,同意表达,否,v9-expansion,演示一次对升级亲密程度说“不”，同时保持尊重和清晰。
v9-d4-2172,成人刺激,大冒险,立场快答,否,v9-expansion,用一句话回答：“稳定是否比刺激更重要？”
v9-d4-2173,成人刺激,大冒险,暧昧台词,否,v9-expansion,为虚构角色设计一句优雅绅士风格的约会邀请。
v9-d4-2174,成人刺激,大冒险,自信展示,否,v9-expansion,用三个词宣传你在约会软件头像场景中最有魅力的特点。
v9-d4-2175,成人刺激,大冒险,约会表演,否,v9-expansion,模拟一次“约会后送对方回家”，结尾必须主动确认对方是否舒适。
v9-d4-2176,成人刺激,大冒险,物品演绎,否,v9-expansion,用书和笔摆出一张成人爱情电影海报。
v9-d4-2177,成人刺激,大冒险,情境设计,否,v9-expansion,为一场“成年人第一次约会”约会设计座位距离，并用一句话说明理由。
v9-d4-2178,成人刺激,大冒险,深夜节目,否,v9-expansion,为一期关于“如何表达需要个人空间”的深夜播客设计标题和开场白。
v9-d4-2179,成人刺激,大冒险,互动挑战,是,v9-expansion,与一位自愿玩家各说一句“理想约会必须有坦诚”，看是否一致。
v9-d4-2180,成人刺激,大冒险,同意表达,否,v9-expansion,用十秒解释为什么分享私密信息需要双方明确确认。
v9-d4-2181,成人刺激,大冒险,立场快答,否,v9-expansion,围绕“长期承诺”做一次十五秒成年人约会立场陈述。
v9-d4-2182,成人刺激,大冒险,暧昧台词,否,v9-expansion,把“今晚很高兴见到你”改成一句复古爱情片式台词。
v9-d4-2183,成人刺激,大冒险,自信展示,否,v9-expansion,完成十秒周末度假主题走秀，不要求任何身体接触。
v9-d4-2184,成人刺激,大冒险,约会表演,否,v9-expansion,用旁白介绍一场“异地重逢”主题的成年人约会。
v9-d4-2185,成人刺激,大冒险,物品演绎,否,v9-expansion,用水瓶和行李箱摆出一张成人爱情电影海报。
v9-d4-2186,成人刺激,大冒险,情境设计,否,v9-expansion,为虚构情侣的“异地见面”安排一个尊重边界的开场对白。
v9-d4-2187,成人刺激,大冒险,深夜节目,否,v9-expansion,为一期关于“怎样定义忠诚”的深夜播客设计标题和开场白。
v9-d4-2188,成人刺激,大冒险,互动挑战,是,v9-expansion,与一位自愿玩家各说一句“理想约会必须有漂亮夜景”，看是否一致。
v9-d4-2189,成人刺激,大冒险,同意表达,否,v9-expansion,演示一次对分享私密信息说“不”，同时保持尊重和清晰。
v9-d4-2190,成人刺激,大冒险,立场快答,否,v9-expansion,在“浪漫仪式”和“日常陪伴”之间选择一个，并用十秒说明理由。
v9-d4-2191,成人刺激,大冒险,暧昧台词,否,v9-expansion,把“今晚很高兴见到你”改成一句深夜电台式台词。
v9-d4-2192,成人刺激,大冒险,自信展示,否,v9-expansion,为自己设计一句纪念日风格的成人约会个人简介。
v9-d4-2193,成人刺激,大冒险,约会表演,否,v9-expansion,表演十五秒“旅行中短暂心动”的约会场景，不发生身体接触。
v9-d4-2194,成人刺激,大冒险,物品演绎,否,v9-expansion,用手机和灯摆出一张成人爱情电影海报。
v9-d4-2195,成人刺激,大冒险,情境设计,否,v9-expansion,为虚构情侣的“异地见面”安排一个尊重边界的无酒精饮品。
v9-d4-2196,成人刺激,大冒险,深夜节目,否,v9-expansion,用电台主播语气读出一条关于“如何谈安全措施”的安全提醒。
v9-d4-2197,成人刺激,大冒险,同意表达,否,v9-expansion,模拟对方拒绝一起过夜后，你怎样成熟回应。
v9-d4-2198,成人刺激,大冒险,立场快答,否,v9-expansion,让大家投票决定你支持“慢热”还是“迅速升温”，然后为结果辩护。
v9-d4-2199,成人刺激,大冒险,暧昧台词,否,v9-expansion,为虚构角色设计一句嘴硬心软风格的约会邀请。
v9-d4-2200,成人刺激,大冒险,自信展示,否,v9-expansion,摆出一个适合私人影院的自信姿势，保持五秒。
v9-d4-2201,成人刺激,大冒险,约会表演,否,v9-expansion,表演十五秒“决定结束暧昧前最后一次见面”的约会场景，不发生身体接触。
v9-d4-2202,成人刺激,大冒险,物品演绎,否,v9-expansion,让耳机代表“主动”，纸盒代表“克制”，演示一段十秒对话。
v9-d4-2203,成人刺激,大冒险,情境设计,否,v9-expansion,为虚构情侣的“成年人第一次约会”安排一个尊重边界的背景音乐。
v9-d4-2204,成人刺激,大冒险,深夜节目,否,v9-expansion,假装你是成人关系节目主持人，用十五秒回答：“如何保护私密内容？”
v9-d4-2205,成人刺激,大冒险,同意表达,否,v9-expansion,用一句自然的话演示：在公开关系之前如何询问同意。
v9-d4-2206,成人刺激,大冒险,立场快答,否,v9-expansion,用一句话回答：“先做朋友是否比直接约会更重要？”
v9-d4-2207,成人刺激,大冒险,暧昧台词,否,v9-expansion,把“今晚很高兴见到你”改成一句优雅绅士式台词。
v9-d4-2208,成人刺激,大冒险,自信展示,否,v9-expansion,用三个词宣传你在成年人爱情电影海报场景中最有魅力的特点。
v9-d4-2209,成人刺激,大冒险,约会表演,否,v9-expansion,表演十五秒“深夜散步告别”的约会场景，不发生身体接触。
v9-d4-2210,成人刺激,大冒险,物品演绎,否,v9-expansion,用书和纸盒摆出一张成人爱情电影海报。
v9-d4-2211,成人刺激,大冒险,情境设计,否,v9-expansion,在十秒内为“成年人第一次约会”挑选最合适的隐私保障。
v9-d4-2212,成人刺激,大冒险,深夜节目,否,v9-expansion,假装你是成人关系节目主持人，用十五秒回答：“如何谈安全措施？”
v9-d4-2213,成人刺激,大冒险,同意表达,否,v9-expansion,用十秒解释为什么升级亲密程度需要双方明确确认。
v9-d4-2214,成人刺激,大冒险,立场快答,否,v9-expansion,围绕“保留隐私”做一次十五秒成年人约会立场陈述。
v9-d4-2215,成人刺激,大冒险,暧昧台词,否,v9-expansion,为虚构角色设计一句复古爱情片风格的约会邀请。
v9-d4-2216,成人刺激,大冒险,自信展示,否,v9-expansion,完成十秒约会软件头像主题走秀，不要求任何身体接触。
v9-d4-2217,成人刺激,大冒险,约会表演,否,v9-expansion,用旁白介绍一场“酒店大堂偶遇”主题的成年人约会。
v9-d4-2218,成人刺激,大冒险,物品演绎,否,v9-expansion,让外套代表“主动”，鞋子代表“克制”，演示一段十秒对话。
v9-d4-2219,成人刺激,大冒险,情境设计,否,v9-expansion,为一场“重新开始约会”约会设计灯光，并用一句话说明理由。
v9-d4-2220,成人刺激,大冒险,深夜节目,否,v9-expansion,为一期关于“如何结束不健康的暧昧”的深夜播客设计标题和开场白。
v9-d4-2221,成人刺激,大冒险,同意表达,否,v9-expansion,用十秒解释为什么拍摄私人照片需要双方明确确认。
v9-d4-2222,成人刺激,大冒险,立场快答,否,v9-expansion,在“经常报备”和“保持独立”之间选择一个，并用十秒说明理由。
v9-d4-2223,成人刺激,大冒险,暧昧台词,否,v9-expansion,用神秘悬疑风格说一句不露骨的暧昧开场白。
v9-d4-2224,成人刺激,大冒险,自信展示,否,v9-expansion,为自己设计一句成年人爱情电影海报风格的成人约会个人简介。
v9-d4-2225,成人刺激,大冒险,约会表演,否,v9-expansion,把“决定结束暧昧前最后一次见面”演成一段十秒成人爱情电影预告。
v9-d4-2226,成人刺激,大冒险,物品演绎,否,v9-expansion,用餐巾纸和镜子摆出一张成人爱情电影海报。
v9-d4-2227,成人刺激,大冒险,情境设计,否,v9-expansion,为虚构情侣的“成年人第一次约会”安排一个尊重边界的无酒精饮品。
v9-d4-2228,成人刺激,大冒险,深夜节目,否,v9-expansion,用电台主播语气读出一条关于“异地怎样维持亲密”的安全提醒。
v9-d4-2229,成人刺激,大冒险,同意表达,否,v9-expansion,用一句自然的话演示：在饮酒后的靠近之前如何询问同意。
v9-d4-2230,成人刺激,大冒险,立场快答,否,v9-expansion,围绕“异地坚持”做一次十五秒成年人约会立场陈述。
v9-d4-2231,成人刺激,大冒险,暧昧台词,否,v9-expansion,为虚构角色设计一句深夜电台风格的约会邀请。
v9-d4-2232,成人刺激,大冒险,自信展示,否,v9-expansion,为自己设计一句约会软件头像风格的成人约会个人简介。
v9-d4-2233,成人刺激,大冒险,约会表演,否,v9-expansion,把“久别后重新认识”演成一段十秒成人爱情电影预告。
v9-d4-2234,成人刺激,大冒险,物品演绎,否,v9-expansion,让水瓶代表“主动”，充电线代表“克制”，演示一段十秒对话。
v9-d4-2235,成人刺激,大冒险,情境设计,否,v9-expansion,为一场“纪念日”约会设计无酒精饮品，并用一句话说明理由。
v9-d4-2236,成人刺激,大冒险,深夜节目,否,v9-expansion,为一期关于“怎么拒绝又不伤人”的深夜播客设计标题和开场白。
v9-d4-2237,成人刺激,大冒险,同意表达,否,v9-expansion,模拟对方拒绝角色扮演后，你怎样成熟回应。
v9-d4-2238,成人刺激,大冒险,立场快答,否,v9-expansion,用一句话回答：“慢热是否比迅速升温更重要？”
v9-d4-2239,成人刺激,大冒险,暧昧台词,否,v9-expansion,把“今晚很高兴见到你”改成一句成年人喜剧式台词。
v9-d4-2240,成人刺激,大冒险,自信展示,否,v9-expansion,摆出一个适合正式晚宴的自信姿势，保持五秒。
v9-d4-2241,成人刺激,大冒险,约会表演,否,v9-expansion,把“暧昧关系摊牌”演成一段十秒成人爱情电影预告。
v9-d4-2242,成人刺激,大冒险,物品演绎,否,v9-expansion,用外套和镜子摆出一张成人爱情电影海报。
v9-d4-2243,成人刺激,大冒险,情境设计,否,v9-expansion,把身边一个普通物品包装成“秘密关系摊牌”约会中的穿搭主题。
v9-d4-2244,成人刺激,大冒险,深夜节目,否,v9-expansion,用电台主播语气读出一条关于“前任还能不能联系”的安全提醒。
v9-d4-2245,成人刺激,大冒险,同意表达,否,v9-expansion,演示一次对拥抱说“不”，同时保持尊重和清晰。
v9-d4-2246,成人刺激,大冒险,立场快答,否,v9-expansion,围绕“公开”做一次十五秒成年人约会立场陈述。
v9-d4-2247,成人刺激,大冒险,暧昧台词,否,v9-expansion,用电影旁白风格说一句不露骨的暧昧开场白。
v9-d4-2248,成人刺激,大冒险,自信展示,否,v9-expansion,摆出一个适合城市夜景的自信姿势，保持五秒。
v9-d4-2249,成人刺激,大冒险,约会表演,否,v9-expansion,把“朋友突然告白”演成一段十秒成人爱情电影预告。
v9-d4-2250,成人刺激,大冒险,物品演绎,否,v9-expansion,让餐巾纸代表“主动”，灯代表“克制”，演示一段十秒对话。
v9-d4-2251,成人刺激,大冒险,情境设计,否,v9-expansion,为一场“关系修复”约会设计座位距离，并用一句话说明理由。
v9-d4-2252,成人刺激,大冒险,深夜节目,否,v9-expansion,为一期关于“异地怎样维持亲密”的深夜播客设计标题和开场白。
v9-d4-2253,成人刺激,大冒险,同意表达,否,v9-expansion,用一句自然的话演示：在使用情侣昵称之前如何询问同意。
v9-d4-2254,成人刺激,大冒险,立场快答,否,v9-expansion,让大家投票决定你支持“立即解决争吵”还是“先冷静”，然后为结果辩护。
v9-d4-2255,成人刺激,大冒险,暧昧台词,否,v9-expansion,为虚构角色设计一句热烈直接风格的约会邀请。
v9-d4-2256,成人刺激,大冒险,约会表演,否,v9-expansion,表演十五秒“雨夜共享一把伞”的约会场景，不发生身体接触。
v9-d4-2257,成人刺激,大冒险,物品演绎,否,v9-expansion,用钥匙和椅子摆出一张成人爱情电影海报。
v9-d4-2258,成人刺激,大冒险,情境设计,否,v9-expansion,为虚构情侣的“异地见面”安排一个尊重边界的隐私保障。
v9-d4-2259,成人刺激,大冒险,深夜节目,否,v9-expansion,假装你是成人关系节目主持人，用十五秒回答：“什么时候适合确认关系？”
v9-d4-2260,成人刺激,大冒险,同意表达,否,v9-expansion,模拟对方拒绝查看手机后，你怎样成熟回应。
v9-d4-2261,成人刺激,大冒险,立场快答,否,v9-expansion,围绕“稳定”做一次十五秒成年人约会立场陈述。
v9-d4-2262,成人刺激,大冒险,暧昧台词,否,v9-expansion,用优雅绅士语气说一句“我想再了解你一点”。
v9-d4-2263,成人刺激,大冒险,约会表演,否,v9-expansion,模拟一次“深夜散步告别”，结尾必须主动确认对方是否舒适。
v9-d4-2264,成人刺激,大冒险,物品演绎,否,v9-expansion,让耳机代表“主动”，充电线代表“克制”，演示一段十秒对话。
v9-d4-2265,成人刺激,大冒险,情境设计,否,v9-expansion,为一场“成年人第一次约会”约会设计隐私保障，并用一句话说明理由。
v9-d4-2266,成人刺激,大冒险,深夜节目,否,v9-expansion,以匿名听众身份，用一句话咨询“如何保护私密内容”。
v9-d4-2267,成人刺激,大冒险,同意表达,否,v9-expansion,用一句自然的话演示：在接吻之前如何询问同意。
v9-d4-2268,成人刺激,大冒险,立场快答,否,v9-expansion,在“长期承诺”和“当下快乐”之间选择一个，并用十秒说明理由。
v9-d4-2269,成人刺激,大冒险,暧昧台词,否,v9-expansion,用复古爱情片语气说一句“我想再了解你一点”。
v9-d4-2270,成人刺激,大冒险,约会表演,否,v9-expansion,把“旅行中短暂心动”演成一段十秒成人爱情电影预告。
v9-d4-2271,成人刺激,大冒险,物品演绎,否,v9-expansion,用耳机和椅子摆出一张成人爱情电影海报。
v9-d4-2272,成人刺激,大冒险,情境设计,否,v9-expansion,为虚构情侣的“久别重逢”安排一个尊重边界的背景音乐。
v9-d4-2273,成人刺激,大冒险,深夜节目,否,v9-expansion,以匿名听众身份，用一句话咨询“如何谈安全措施”。
v9-d4-2274,成人刺激,大冒险,同意表达,否,v9-expansion,用一句自然的话演示：在升级亲密程度之前如何询问同意。
v9-d4-2275,成人刺激,大冒险,立场快答,否,v9-expansion,围绕“先冷静”做一次十五秒成年人约会立场陈述。
v9-d4-2276,成人刺激,大冒险,暧昧台词,否,v9-expansion,为虚构角色设计一句电影旁白风格的约会邀请。
v9-d4-2277,成人刺激,大冒险,约会表演,否,v9-expansion,把“纪念日惊喜落空”演成一段十秒成人爱情电影预告。
v9-d4-2278,成人刺激,大冒险,物品演绎,否,v9-expansion,用餐巾纸设计一个“安全退出暗号”，并解释使用场景。
v9-d4-2279,成人刺激,大冒险,情境设计,否,v9-expansion,为一场“成年人第一次约会”约会设计结束方式，并用一句话说明理由。
v9-d4-2280,成人刺激,大冒险,深夜节目,否,v9-expansion,为一期关于“什么时候适合确认关系”的深夜播客设计标题和开场白。
v9-d4-2281,成人刺激,大冒险,同意表达,否,v9-expansion,用十秒解释为什么使用情侣昵称需要双方明确确认。
v9-d4-2282,成人刺激,大冒险,立场快答,否,v9-expansion,围绕“经常报备”做一次十五秒成年人约会立场陈述。
v9-d4-2283,成人刺激,大冒险,暧昧台词,否,v9-expansion,为虚构角色设计一句职场精英风格的约会邀请。
v9-d4-2284,成人刺激,大冒险,约会表演,否,v9-expansion,把“异地重逢”演成一段十秒成人爱情电影预告。
v9-d4-2285,成人刺激,大冒险,物品演绎,否,v9-expansion,让抱枕代表“主动”，纸盒代表“克制”，演示一段十秒对话。
v9-d4-2286,成人刺激,大冒险,情境设计,否,v9-expansion,在十秒内为“异地见面”挑选最合适的开场对白。
v9-d4-2287,成人刺激,大冒险,深夜节目,否,v9-expansion,用电台主播语气读出一条关于“成年人约会如何避免误会”的安全提醒。
v9-d4-2288,成人刺激,大冒险,同意表达,否,v9-expansion,用一句自然的话演示：在拍合照之前如何询问同意。
v9-d4-2289,成人刺激,大冒险,立场快答,否,v9-expansion,在“主动告白”和“长期暧昧”之间选择一个，并用十秒说明理由。
v9-d4-2290,成人刺激,大冒险,暧昧台词,否,v9-expansion,为虚构角色设计一句久别重逢风格的约会邀请。
v9-d4-2291,成人刺激,大冒险,约会表演,否,v9-expansion,模拟一次“决定结束暧昧前最后一次见面”，结尾必须主动确认对方是否舒适。
v9-d4-2292,成人刺激,大冒险,物品演绎,否,v9-expansion,让耳机代表“主动”，鞋子代表“克制”，演示一段十秒对话。
v9-d4-2293,成人刺激,大冒险,情境设计,否,v9-expansion,在十秒内为“决定分手前的最后谈话”挑选最合适的开场对白。
v9-d4-2294,成人刺激,大冒险,深夜节目,否,v9-expansion,以匿名听众身份，用一句话咨询“如何保持长期吸引力”。
v9-d4-2295,成人刺激,大冒险,同意表达,否,v9-expansion,演示一次对拍摄私人照片说“不”，同时保持尊重和清晰。
v9-d4-2296,成人刺激,大冒险,立场快答,否,v9-expansion,用一句话回答：“提前计划是否比临时起意更重要？”
v9-d4-2297,成人刺激,大冒险,暧昧台词,否,v9-expansion,把“今晚很高兴见到你”改成一句神秘悬疑式台词。
v9-d4-2298,成人刺激,大冒险,约会表演,否,v9-expansion,把“第一次单独喝咖啡”演成一段十秒成人爱情电影预告。
v9-d4-2299,成人刺激,大冒险,物品演绎,否,v9-expansion,用钥匙和纸盒摆出一张成人爱情电影海报。
v9-d4-2300,成人刺激,大冒险,情境设计,否,v9-expansion,为一场“重新开始约会”约会设计座位距离，并用一句话说明理由。
v9-d4-2301,成人刺激,大冒险,深夜节目,否,v9-expansion,为一期关于“前任还能不能联系”的深夜播客设计标题和开场白。
v9-d4-2302,成人刺激,大冒险,同意表达,否,v9-expansion,模拟对方拒绝在朋友面前亲密互动后，你怎样成熟回应。
v9-d4-2303,成人刺激,大冒险,立场快答,否,v9-expansion,让大家投票决定你支持“共同社交圈”还是“各自朋友圈”，然后为结果辩护。
v9-d4-2304,成人刺激,大冒险,暧昧台词,否,v9-expansion,用成年人喜剧风格说一句不露骨的暧昧开场白。
v9-d4-2305,成人刺激,大冒险,约会表演,否,v9-expansion,模拟一次“纪念日惊喜落空”，结尾必须主动确认对方是否舒适。
v9-d4-2306,成人刺激,大冒险,物品演绎,否,v9-expansion,用纸杯和纸盒摆出一张成人爱情电影海报。
v9-d4-2307,成人刺激,大冒险,情境设计,否,v9-expansion,为一场“重新开始约会”约会设计隐私保障，并用一句话说明理由。
v9-d4-2308,成人刺激,大冒险,深夜节目,否,v9-expansion,用电台主播语气读出一条关于“怎样定义忠诚”的安全提醒。
v9-d4-2309,成人刺激,大冒险,同意表达,否,v9-expansion,演示一次对查看手机说“不”，同时保持尊重和清晰。
v9-d4-2310,成人刺激,大冒险,立场快答,否,v9-expansion,围绕“长期暧昧”做一次十五秒成年人约会立场陈述。
v9-d4-2311,成人刺激,大冒险,约会表演,否,v9-expansion,模拟一次“酒店大堂偶遇”，结尾必须主动确认对方是否舒适。
v9-d4-2312,成人刺激,大冒险,物品演绎,否,v9-expansion,用餐巾纸和桌面摆出一张成人爱情电影海报。
v9-d4-2313,成人刺激,大冒险,情境设计,否,v9-expansion,为一场“重新开始约会”约会设计穿搭主题，并用一句话说明理由。
v9-d4-2314,成人刺激,大冒险,深夜节目,否,v9-expansion,以匿名听众身份，用一句话咨询“怎样定义忠诚”。
v9-d4-2315,成人刺激,大冒险,同意表达,否,v9-expansion,用一句自然的话演示：在分享私密信息之前如何询问同意。
v9-d4-2316,成人刺激,大冒险,立场快答,否,v9-expansion,围绕“提前计划”做一次十五秒成年人约会立场陈述。
v9-d4-2317,成人刺激,大冒险,约会表演,否,v9-expansion,用旁白介绍一场“久别后重新认识”主题的成年人约会。
v9-d4-2318,成人刺激,大冒险,物品演绎,否,v9-expansion,用帽子和笔摆出一张成人爱情电影海报。
v9-d4-2319,成人刺激,大冒险,情境设计,否,v9-expansion,为虚构情侣的“秘密关系摊牌”安排一个尊重边界的隐私保障。
v9-d4-2320,成人刺激,大冒险,深夜节目,否,v9-expansion,以匿名听众身份，用一句话咨询“成年人约会如何避免误会”。
v9-d4-2321,成人刺激,大冒险,同意表达,否,v9-expansion,用十秒解释为什么饮酒后的靠近需要双方明确确认。
v9-d4-2322,成人刺激,大冒险,立场快答,否,v9-expansion,让大家投票决定你支持“先做朋友”还是“直接约会”，然后为结果辩护。
v9-d4-2323,成人刺激,大冒险,约会表演,否,v9-expansion,把“成年人舞会初见”演成一段十秒成人爱情电影预告。
v9-d4-2324,成人刺激,大冒险,物品演绎,否,v9-expansion,用耳机和纸盒摆出一张成人爱情电影海报。
v9-d4-2325,成人刺激,大冒险,情境设计,否,v9-expansion,在十秒内为“异地见面”挑选最合适的穿搭主题。
v9-d4-2326,成人刺激,大冒险,深夜节目,否,v9-expansion,以匿名听众身份，用一句话咨询“如何表达需要个人空间”。
v9-d4-2327,成人刺激,大冒险,同意表达,否,v9-expansion,用一句自然的话演示：在在朋友面前亲密互动之前如何询问同意。
v9-d4-2328,成人刺激,大冒险,立场快答,否,v9-expansion,用一句话回答：“身体吸引是否比情感契合更重要？”
v9-d4-2329,成人刺激,大冒险,约会表演,否,v9-expansion,把“雨夜共享一把伞”演成一段十秒成人爱情电影预告。
v9-d4-2330,成人刺激,大冒险,物品演绎,否,v9-expansion,用书和椅子摆出一张成人爱情电影海报。
v9-d4-2331,成人刺激,大冒险,情境设计,否,v9-expansion,为虚构情侣的“纪念日”安排一个尊重边界的灯光。
v9-d4-2332,成人刺激,大冒险,深夜节目,否,v9-expansion,假装你是成人关系节目主持人，用十五秒回答：“如何结束不健康的暧昧？”
v9-d4-2333,成人刺激,大冒险,同意表达,否,v9-expansion,演示一次对使用情侣昵称说“不”，同时保持尊重和清晰。
v9-d4-2334,成人刺激,大冒险,立场快答,否,v9-expansion,在“异地坚持”和“及时结束”之间选择一个，并用十秒说明理由。
v9-d4-2335,成人刺激,大冒险,约会表演,否,v9-expansion,表演十五秒“正式晚餐后续摊”的约会场景，不发生身体接触。
v9-d4-2336,成人刺激,大冒险,物品演绎,否,v9-expansion,让餐巾纸代表“主动”，笔代表“克制”，演示一段十秒对话。
v9-d4-2337,成人刺激,大冒险,情境设计,否,v9-expansion,把身边一个普通物品包装成“异地见面”约会中的座位距离。
v9-d4-2338,成人刺激,大冒险,深夜节目,否,v9-expansion,假装你是成人关系节目主持人，用十五秒回答：“前任还能不能联系？”
v9-d4-2339,成人刺激,大冒险,同意表达,否,v9-expansion,模拟对方拒绝讨论过去经历后，你怎样成熟回应。
v9-d4-2340,成人刺激,大冒险,立场快答,否,v9-expansion,让大家投票决定你支持“身体吸引”还是“情感契合”，然后为结果辩护。
v9-d4-2341,成人刺激,大冒险,约会表演,否,v9-expansion,模拟一次“成年人舞会初见”，结尾必须主动确认对方是否舒适。
v9-d4-2342,成人刺激,大冒险,物品演绎,否,v9-expansion,让纸杯代表“主动”，另一只抱枕代表“克制”，演示一段十秒对话。
v9-d4-2343,成人刺激,大冒险,情境设计,否,v9-expansion,为一场“异地见面”约会设计灯光，并用一句话说明理由。
v9-d4-2344,成人刺激,大冒险,深夜节目,否,v9-expansion,用电台主播语气读出一条关于“怎样判断对方在调情”的安全提醒。
v9-d4-2345,成人刺激,大冒险,同意表达,否,v9-expansion,演示一次对在朋友面前亲密互动说“不”，同时保持尊重和清晰。
v9-d4-2346,成人刺激,大冒险,立场快答,否,v9-expansion,在“完全坦白”和“保留空间”之间选择一个，并用十秒说明理由。
v9-d4-2347,成人刺激,大冒险,约会表演,否,v9-expansion,用旁白介绍一场“朋友突然告白”主题的成年人约会。
v9-d4-2348,成人刺激,大冒险,物品演绎,否,v9-expansion,让水瓶代表“主动”，镜子代表“克制”，演示一段十秒对话。
v9-d4-2349,成人刺激,大冒险,情境设计,否,v9-expansion,把身边一个普通物品包装成“久别重逢”约会中的隐私保障。
v9-d4-2350,成人刺激,大冒险,深夜节目,否,v9-expansion,用电台主播语气读出一条关于“如何结束不健康的暧昧”的安全提醒。
v9-d4-2351,成人刺激,大冒险,同意表达,否,v9-expansion,模拟对方拒绝公开关系后，你怎样成熟回应。
v9-d4-2352,成人刺激,大冒险,立场快答,否,v9-expansion,用一句话回答：“完全坦白是否比保留空间更重要？”
v9-d4-2353,成人刺激,大冒险,约会表演,否,v9-expansion,表演十五秒“久别后重新认识”的约会场景，不发生身体接触。
v9-d4-2354,成人刺激,大冒险,物品演绎,否,v9-expansion,用外套和另一只抱枕摆出一张成人爱情电影海报。
v9-d4-2355,成人刺激,大冒险,情境设计,否,v9-expansion,为一场“异地见面”约会设计隐私保障，并用一句话说明理由。
v9-d4-2356,成人刺激,大冒险,深夜节目,否,v9-expansion,假装你是成人关系节目主持人，用十五秒回答：“成年人约会如何避免误会？”
v9-d4-2357,成人刺激,大冒险,同意表达,否,v9-expansion,用一句自然的话演示：在讨论过去经历之前如何询问同意。
v9-d4-2358,成人刺激,大冒险,立场快答,否,v9-expansion,围绕“迅速升温”做一次十五秒成年人约会立场陈述。
v9-d4-2359,成人刺激,大冒险,约会表演,否,v9-expansion,表演十五秒“成年人舞会初见”的约会场景，不发生身体接触。
v9-d4-2360,成人刺激,大冒险,物品演绎,否,v9-expansion,让外套代表“主动”，镜子代表“克制”，演示一段十秒对话。
v9-d4-2361,成人刺激,大冒险,情境设计,否,v9-expansion,把身边一个普通物品包装成“纪念日”约会中的回家安排。
v9-d4-2362,成人刺激,大冒险,深夜节目,否,v9-expansion,假装你是成人关系节目主持人，用十五秒回答：“怎样判断对方在调情？”
v9-d4-2363,成人刺激,大冒险,同意表达,否,v9-expansion,模拟对方拒绝接吻后，你怎样成熟回应。
v9-d4-2364,成人刺激,大冒险,立场快答,否,v9-expansion,用一句话回答：“浪漫仪式是否比日常陪伴更重要？”
v9-d4-2365,成人刺激,大冒险,约会表演,否,v9-expansion,表演十五秒“纪念日惊喜落空”的约会场景，不发生身体接触。
v9-d4-2366,成人刺激,大冒险,物品演绎,否,v9-expansion,让纸杯代表“主动”，镜子代表“克制”，演示一段十秒对话。
v9-d4-2367,成人刺激,大冒险,情境设计,否,v9-expansion,为虚构情侣的“关系修复”安排一个尊重边界的结束方式。
v9-d4-2368,成人刺激,大冒险,深夜节目,否,v9-expansion,假装你是成人关系节目主持人，用十五秒回答：“怎样处理吃醋？”
v9-d4-2369,成人刺激,大冒险,同意表达,否,v9-expansion,用十秒解释为什么拍合照需要双方明确确认。
v9-d4-2370,成人刺激,大冒险,立场快答,否,v9-expansion,围绕“各自朋友圈”做一次十五秒成年人约会立场陈述。
v9-d4-2371,成人刺激,大冒险,约会表演,否,v9-expansion,用旁白介绍一场“共同完成高压工作后”主题的成年人约会。
v9-d4-2372,成人刺激,大冒险,物品演绎,否,v9-expansion,把钥匙包装成一件约会礼物，用一句暧昧但不露骨的广告语介绍。
v9-d4-2373,成人刺激,大冒险,情境设计,否,v9-expansion,在十秒内为“秘密关系摊牌”挑选最合适的隐私保障。
v9-d4-2374,成人刺激,大冒险,深夜节目,否,v9-expansion,以匿名听众身份，用一句话咨询“怎样判断对方在调情”。
v9-d4-2375,成人刺激,大冒险,同意表达,否,v9-expansion,用十秒解释为什么在朋友面前亲密互动需要双方明确确认。
v9-d4-2376,成人刺激,大冒险,立场快答,否,v9-expansion,围绕“身体吸引”做一次十五秒成年人约会立场陈述。
v9-d4-2377,成人刺激,大冒险,约会表演,否,v9-expansion,表演十五秒“朋友突然告白”的约会场景，不发生身体接触。
v9-d4-2378,成人刺激,大冒险,物品演绎,否,v9-expansion,让耳机代表“主动”，桌面代表“克制”，演示一段十秒对话。
v9-d4-2379,成人刺激,大冒险,情境设计,否,v9-expansion,在十秒内为“久别重逢”挑选最合适的回家安排。
v9-d4-2380,成人刺激,大冒险,深夜节目,否,v9-expansion,用电台主播语气读出一条关于“怎样面对身体不自信”的安全提醒。
v9-d4-2381,成人刺激,大冒险,同意表达,否,v9-expansion,模拟对方拒绝升级亲密程度后，你怎样成熟回应。
v9-d4-2382,成人刺激,大冒险,立场快答,否,v9-expansion,用一句话回答：“家中约会是否比外出约会更重要？”
v9-d4-2383,成人刺激,大冒险,约会表演,否,v9-expansion,把“酒店大堂偶遇”演成一段十秒成人爱情电影预告。
v9-d4-2384,成人刺激,大冒险,物品演绎,否,v9-expansion,让帽子代表“主动”，笔代表“克制”，演示一段十秒对话。
v9-d4-2385,成人刺激,大冒险,情境设计,否,v9-expansion,在十秒内为“朋友变恋人”挑选最合适的背景音乐。
v9-d4-2386,成人刺激,大冒险,深夜节目,否,v9-expansion,用电台主播语气读出一条关于“怎样处理吃醋”的安全提醒。
v9-d4-2387,成人刺激,大冒险,同意表达,否,v9-expansion,模拟对方拒绝分享私密信息后，你怎样成熟回应。
v9-d4-2388,成人刺激,大冒险,立场快答,否,v9-expansion,用一句话回答：“公开是否比低调更重要？”
v9-d4-2389,成人刺激,大冒险,约会表演,否,v9-expansion,模拟一次“旅行中短暂心动”，结尾必须主动确认对方是否舒适。
v9-d4-2390,成人刺激,大冒险,物品演绎,否,v9-expansion,用餐巾纸和充电线摆出一张成人爱情电影海报。
v9-d4-2391,成人刺激,大冒险,情境设计,否,v9-expansion,为虚构情侣的“决定分手前的最后谈话”安排一个尊重边界的无酒精饮品。
v9-d4-2392,成人刺激,大冒险,深夜节目,否,v9-expansion,用电台主播语气读出一条关于“如何保持长期吸引力”的安全提醒。
